nx,ny,x,y,u,u_reference
36,12,5.083333333333333,0.041666666666666664,0.2465753625655059,0.23958333333333334
36,12,5.083333333333333,0.125,0.6575342883477928,0.65625
36,12,5.083333333333333,0.20833333333333331,0.9863014052423701,0.9895833333333335
36,12,5.083333333333333,0.29166666666666663,1.2328767159386917,1.2395833333333333
36,12,5.083333333333333,0.375,1.397260237272219,1.40625
36,12,5.083333333333333,0.4583333333333333,1.4794519906334203,1.4895833333333335
36,12,5.083333333333333,0.5416666666666666,1.4794519906334205,1.4895833333333335
36,12,5.083333333333333,0.625,1.397260237272219,1.40625
36,12,5.083333333333333,0.7083333333333333,1.2328767159386915,1.2395833333333337
36,12,5.083333333333333,0.7916666666666666,0.9863014052423701,0.9895833333333335
36,12,5.083333333333333,0.875,0.6575342883477929,0.65625
36,12,5.083333333333333,0.9583333333333333,0.24657536256550588,0.23958333333333376
72,24,5.041666666666666,0.020833333333333332,0.124569974407026,0.12239583333333333
72,24,5.041666666666666,0.0625,0.35294783875638436,0.3515625
72,24,5.041666666666666,0.10416666666666666,0.5605631421274837,0.5598958333333334
72,24,5.041666666666666,0.14583333333333331,0.747415478237208,0.7473958333333333
72,24,5.041666666666666,0.1875,0.9135046904774973,0.9140625
72,24,5.041666666666666,0.22916666666666666,1.0588308807440145,1.0598958333333335
72,24,5.041666666666666,0.2708333333333333,1.1833943964860487,1.1848958333333335
72,24,5.041666666666666,0.3125,1.287195783471418,1.2890625
72,24,5.041666666666666,0.35416666666666663,1.3702357106830043,1.3723958333333335
72,24,5.041666666666666,0.3958333333333333,1.4325148777365897,1.4348958333333335
72,24,5.041666666666666,0.4375,1.4740339177310384,1.4765625
72,24,5.041666666666666,0.47916666666666663,1.4947933091422876,1.4973958333333335
72,24,5.041666666666666,0.5208333333333333,1.4947933091422878,1.4973958333333333
72,24,5.041666666666666,0.5625,1.4740339177310386,1.4765625
72,24,5.041666666666666,0.6041666666666666,1.43251487773659,1.4348958333333335
72,24,5.041666666666666,0.6458333333333333,1.3702357106830043,1.3723958333333335
72,24,5.041666666666666,0.6875,1.287195783471418,1.2890625
72,24,5.041666666666666,0.7291666666666666,1.183394396486049,1.1848958333333335
72,24,5.041666666666666,0.7708333333333333,1.0588308807440145,1.0598958333333337
72,24,5.041666666666666,0.8125,0.9135046904774973,0.9140625
72,24,5.041666666666666,0.8541666666666666,0.7474154782372081,0.7473958333333335
72,24,5.041666666666666,0.8958333333333333,0.5605631421274837,0.5598958333333337
72,24,5.041666666666666,0.9375,0.35294783875638436,0.3515625
72,24,5.041666666666666,0.9791666666666666,0.12456997440702598,0.12239583333333355
144,48,5.020833333333333,0.010416666666666666,0.062451019647973165,0.061848958333333336
144,48,5.020833333333333,0.03125,0.1821485680262383,0.181640625
144,48,5.020833333333333,0.05208333333333333,0.29664134693018,0.2962239583333333
144,48,5.020833333333333,0.07291666666666666,0.4059290454768491,0.4055989583333333
144,48,5.020833333333333,0.09375,0.510011400203173,0.509765625
144,48,5.020833333333333,0.11458333333333333,0.6088882006006249,0.6087239583333333
144,48,5.020833333333333,0.13541666666666666,0.7025592965476983,0.7024739583333334
144,48,5.020833333333333,0.15625,0.7910246036375421,0.791015625
144,48,5.020833333333333,0.17708333333333331,0.8742841062101374,0.8743489583333334
144,48,5.020833333333333,0.19791666666666666,0.9523378579791792,0.9524739583333334
144,48,5.020833333333333,0.21875,1.0251859802283176,1.025390625
144,48,5.020833333333333,0.23958333333333331,1.0928286576367783,1.0930989583333335
144,48,5.020833333333333,0.26041666666666663,1.1552661318777462,1.1555989583333333
144,48,5.020833333333333,0.28125,1.2124986932114155,1.212890625
144,48,5.020833333333333,0.3020833333333333,1.2645266703655167,1.2649739583333335
144,48,5.020833333333333,0.32291666666666663,1.3113504190568959,1.3118489583333333
144,48,5.020833333333333,0.34375,1.3529703095561403,1.353515625
144,48,5.020833333333333,0.3645833333333333,1.3893867137315143,1.3899739583333335
144,48,5.020833333333333,0.38541666666666663,1.4205999920273773,1.4212239583333335
144,48,5.020833333333333,0.40625,1.4466104808350484,1.447265625
144,48,5.020833333333333,0.4270833333333333,1.467418480700685,1.4680989583333335
144,48,5.020833333333333,0.44791666666666663,1.4830242457855656,1.4837239583333335
144,48,5.020833333333333,0.46875,1.4934279749502695,1.494140625
144,48,5.020833333333333,0.4895833333333333,1.4986298047771356,1.4993489583333335
144,48,5.020833333333333,0.5104166666666666,1.4986298047771358,1.4993489583333335
144,48,5.020833333333333,0.53125,1.4934279749502692,1.494140625
144,48,5.020833333333333,0.5520833333333333,1.4830242457855658,1.4837239583333335
144,48,5.020833333333333,0.5729166666666666,1.467418480700685,1.4680989583333335
144,48,5.020833333333333,0.59375,1.4466104808350484,1.447265625
144,48,5.020833333333333,0.6145833333333333,1.4205999920273777,1.4212239583333335
144,48,5.020833333333333,0.6354166666666666,1.3893867137315148,1.3899739583333335
144,48,5.020833333333333,0.65625,1.3529703095561403,1.353515625
144,48,5.020833333333333,0.6770833333333333,1.3113504190568959,1.3118489583333337
144,48,5.020833333333333,0.6979166666666666,1.2645266703655167,1.2649739583333335
144,48,5.020833333333333,0.71875,1.2124986932114157,1.212890625
144,48,5.020833333333333,0.7395833333333333,1.1552661318777462,1.1555989583333337
144,48,5.020833333333333,0.7604166666666666,1.0928286576367783,1.0930989583333335
144,48,5.020833333333333,0.78125,1.0251859802283176,1.025390625
144,48,5.020833333333333,0.8020833333333333,0.952337857979179,0.9524739583333337
144,48,5.020833333333333,0.8229166666666666,0.8742841062101372,0.8743489583333335
144,48,5.020833333333333,0.84375,0.7910246036375419,0.791015625
144,48,5.020833333333333,0.8645833333333333,0.7025592965476981,0.7024739583333337
144,48,5.020833333333333,0.8854166666666666,0.6088882006006247,0.6087239583333335
144,48,5.020833333333333,0.90625,0.5100114002031729,0.509765625
144,48,5.020833333333333,0.9270833333333333,0.40592904547684905,0.40559895833333376
144,48,5.020833333333333,0.9479166666666666,0.29664134693018,0.29622395833333354
144,48,5.020833333333333,0.96875,0.18214856802623827,0.181640625
144,48,5.020833333333333,0.9895833333333333,0.06245101964797316,0.06184895833333377
