iteration,continuity,momentum,mass_imbalance,velocity_change,u_residual,v_residual,rhie_chow_flux_defect
1,5.414343019066736e-15,4.206853228296592,5.685556192513985e-16,0.010342173188302037,4.206853228296592,1.2918245484432005,1.663804525001847e-05
2,1.1030998163519268e-14,2.163067153859312,5.464378949326942e-16,0.004020507106103063,2.1630671538593123,0.5746034218951535,1.5851239958097437e-05
3,5.357556024458677e-15,1.16683678950042,5.182486384480711e-16,0.0014896350377742867,1.16683678950042,0.2882416840385712,6.768283801278996e-06
4,2.3186394871552466e-14,0.5920163632563484,7.693064935088145e-15,0.0006434976248139851,0.5920163632563484,0.14791822076151032,3.245399692228956e-06
5,1.7040929011316076e-14,0.3514198210544748,6.60669435825767e-15,0.00039109444127749526,0.3514198210544748,0.08849763370412392,2.146092485946308e-06
6,1.3196925784152505e-14,0.2252790031134712,4.428315353299794e-15,0.00026084457483710466,0.2252790031134712,0.05760300800196028,1.4802113522552135e-06
7,1.0104770388553769e-14,0.1486079335886641,1.799341925456943e-15,0.00017263300179659602,0.1486079335886641,0.0385042466594597,1.0025707139760535e-06
8,7.281984281555228e-15,0.09985134443911736,5.629177679544739e-16,0.00011463574476422433,0.09985134443911736,0.02607008129329426,6.758215144570518e-07
9,4.271585713047426e-14,0.06776620109759277,3.932618120039422e-15,7.64910800817864e-05,0.06776620109759275,0.017795501344357013,4.577853170949833e-07
10,2.8616271839597136e-14,0.04633261105244903,4.891486521385602e-15,5.137125387044694e-05,0.04633261105244902,0.01223540291027163,3.124340264728293e-07
11,1.911349157830526e-14,0.03202393120224832,4.885848670088677e-15,3.469943922773666e-05,0.03202393120224832,0.008498484972520606,2.1478858898637312e-07
12,1.2856777257809439e-14,0.022439941055053758,4.28953747522165e-15,2.3546570089405527e-05,0.022439941055053758,0.00595580869259576,1.4860111365303515e-07
13,8.723691638385105e-15,0.01590521683593381,3.4568702067527823e-15,1.6044720477004226e-05,0.01590521683593381,0.004199465857608839,1.0336943051760528e-07
14,5.9851991798028775e-15,0.011317641213959067,2.7178780059866625e-15,1.0974130151275574e-05,0.011317641213959067,0.00297323452748844,7.223812216782104e-08
15,4.0676621921827746e-14,0.00807556435908089,3.0254444782773504e-14,7.5926138198845194e-06,0.00807556435908089,0.002110959736266245,5.0680203182293974e-08
16,2.898839988310555e-14,0.005775898760238769,2.127117926242761e-14,5.292510178889209e-06,0.005775898760238769,0.001502013698627735,3.567386771661145e-08
17,2.0541303677272787e-14,0.0041396618262993234,1.5015766408055242e-14,3.693419702188727e-06,0.0041396618262993234,0.0010708722149837657,2.5182068572002082e-08
18,1.4500875408210087e-14,0.0029720533271701335,1.0587451054755448e-14,2.5808137357197225e-06,0.0029720533271701335,0.000764770768950479,1.7819290750111138e-08
19,1.0208474961626718e-14,0.0021370873335858336,7.334844537298935e-15,1.8058270070397953e-06,0.0021370873335858336,0.0005470320635378686,1.263587350674047e-08
20,7.17195163121246e-15,0.0015387933222854658,5.154297127996088e-15,1.2653257343009372e-06,0.0015387933222854658,0.0003918382987736081,8.97676290879431e-09
21,4.037900884899695e-14,0.0011093563252569192,5.0823061037430506e-15,8.970824969534164e-07,0.0011093563252569192,0.00028104977089814655,6.387529097914976e-09
22,2.8132417185730563e-14,0.0008006586768731384,3.178880769727499e-15,6.439368962496417e-07,0.0008006586768731384,0.00020183425462858538,4.551565168597402e-09
23,1.9603179112804864e-14,0.0005784691552774487,2.136311960665438e-15,4.6219012328485576e-07,0.0005784691552774487,0.00014510341571465668,3.247354006645031e-09
24,1.3660682252004865e-14,0.00041833452759931604,1.330532906074211e-15,3.3173914726347675e-07,0.00041833452759931604,0.000104434234089863,2.319409167742099e-09
25,9.52350567520353e-15,0.00030279104006961273,8.76902717106276e-16,2.381265908901753e-07,0.00030279104006961273,7.524299999496457e-05,1.6582688411559542e-09
26,4.2221617640916115e-14,0.00021933724850192043,3.5896199207519075e-14,1.7095736870587075e-07,0.00021933724850192043,5.426457742402959e-05,1.186634630048796e-09
27,2.968484900706288e-14,0.0001590047974323744,2.4791366876053544e-14,1.227621626576081e-07,0.0001590047974323744,3.917247395255179e-05,8.498252815199603e-10
28,2.0877550346344326e-14,0.00011534940915222322,1.711478181398718e-14,8.81829509413734e-08,0.00011534940915222322,2.830382571323573e-05,6.090585004422504e-10
29,1.469162892199765e-14,8.373508091222281e-05,1.1752317868873874e-14,6.336293312259045e-08,8.373508091222281e-05,2.0466869974997996e-05,4.367860689621605e-10
30,1.0336757254455434e-14,6.0821881401279185e-05,8.18485904052757e-15,4.555060018063273e-08,6.0821881401279185e-05,1.481071107588432e-05,3.134593212275282e-10
31,7.27578177691984e-15,4.420359252032234e-05,5.542875186614893e-15,3.275940341218586e-08,4.420359252032234e-05,1.0725405928801169e-05,2.250954403880831e-10
32,3.1115113266412704e-14,3.214300105522719e-05,2.5626636229736377e-14,2.357117301343692e-08,3.214300105522719e-05,7.772437725218572e-06,1.6174747044697093e-10
33,2.1867490457294636e-14,2.338582198653169e-05,1.8349037567144677e-14,1.696401019657401e-08,2.338582198653169e-05,5.6361162464081276e-06,1.16258459161303e-10
34,1.5348181100073403e-14,1.702193243417749e-05,1.301519655938499e-14,1.2218839273714366e-08,1.702193243417749e-05,4.089192605040323e-06,8.363121009700297e-11
35,1.080475058110996e-14,1.2394580081103584e-05,9.341485918135106e-15,8.800592699031995e-09,1.2394580081103584e-05,2.9684501379431173e-06,6.022355514011949e-11
36,7.597104572493706e-15,9.029117965618852e-06,6.638786742563241e-15,6.346207115370817e-09,9.029117965618852e-06,2.1561221802619856e-06,4.336343650137638e-11
37,5.323239543391853e-15,6.580044293444734e-06,4.829903837988425e-15,4.5789954050690085e-09,6.580044293444734e-06,1.5670177102168452e-06,3.1245424189512116e-11
38,4.486349476867744e-14,4.7954181918250655e-06,4.089610594615323e-15,3.3014750933091364e-09,4.7954181918250655e-06,1.1390357994647758e-06,2.2562545190736236e-11
39,3.119786838535945e-14,3.4962232937744975e-06,2.350983990817568e-15,2.3880435406908873e-09,3.4962232937744975e-06,8.284928976218464e-07,1.627655993060505e-11
40,2.1758750061592023e-14,2.5500160230861046e-06,1.3396402043230893e-15,1.7306360788893471e-09,2.5500160230861046e-06,6.029106864129097e-07,1.1739888468494753e-11
41,1.5293212049928388e-14,1.860646491262663e-06,7.819266067965458e-16,1.2548992955885296e-09,1.860646491262663e-06,4.385950741207827e-07,8.472618372908619e-12
42,1.051816884186773e-14,1.356882732493972e-06,4.727121472036799e-16,9.089182739785429e-10,1.356882732493972e-06,3.188161301752605e-07,6.052563883362319e-12
43,7.555528807310675e-15,9.897106445899e-07,3.5128150388530344e-16,6.612392855487315e-10,9.897106445899e-07,2.3247046284373852e-07,4.2981475707978676e-12
