z_m,imposed_p_pa
0.000000000000000000e+00,1.000000000000000021e-02
1.000000000000000021e-02,9.900000000000000813e-03
2.000000000000000042e-02,9.799999999999999684e-03
2.999999999999999889e-02,9.700000000000000289e-03
4.000000000000000083e-02,9.599999999999999159e-03
5.000000000000000278e-02,9.499999999999999764e-03
5.999999999999999778e-02,9.400000000000000369e-03
7.000000000000000666e-02,9.299999999999999239e-03
8.000000000000000167e-02,9.199999999999999845e-03
8.999999999999999667e-02,9.100000000000000450e-03
1.000000000000000056e-01,9.000000000000001055e-03
1.100000000000000006e-01,8.899999999999999925e-03
1.199999999999999956e-01,8.800000000000000530e-03
1.300000000000000044e-01,8.699999999999999400e-03
1.400000000000000133e-01,8.600000000000000006e-03
1.499999999999999944e-01,8.500000000000000611e-03
1.600000000000000033e-01,8.399999999999999481e-03
1.700000000000000122e-01,8.300000000000000086e-03
1.799999999999999933e-01,8.200000000000000691e-03
1.900000000000000022e-01,8.100000000000001296e-03
2.000000000000000111e-01,8.000000000000000167e-03
2.099999999999999922e-01,7.900000000000000772e-03
2.200000000000000011e-01,7.800000000000000509e-03
2.300000000000000100e-01,7.700000000000000247e-03
2.399999999999999911e-01,7.599999999999999985e-03
2.500000000000000000e-01,7.499999999999999722e-03
2.600000000000000089e-01,7.400000000000000328e-03
2.700000000000000178e-01,7.300000000000000065e-03
2.800000000000000266e-01,7.199999999999999803e-03
2.899999999999999800e-01,7.099999999999999541e-03
2.999999999999999889e-01,6.999999999999999278e-03
3.099999999999999978e-01,6.899999999999999883e-03
3.200000000000000067e-01,6.799999999999999621e-03
3.300000000000000155e-01,6.699999999999999359e-03
3.400000000000000244e-01,6.599999999999999097e-03
3.500000000000000333e-01,6.499999999999998834e-03
3.599999999999999867e-01,6.400000000000000307e-03
3.699999999999999956e-01,6.300000000000000044e-03
3.800000000000000044e-01,6.199999999999999782e-03
3.900000000000000133e-01,6.100000000000000387e-03
4.000000000000000222e-01,6.000000000000000125e-03
4.100000000000000311e-01,5.899999999999999863e-03
4.199999999999999845e-01,5.800000000000000468e-03
4.299999999999999933e-01,5.700000000000001073e-03
4.400000000000000022e-01,5.600000000000000810e-03
4.500000000000000111e-01,5.500000000000000548e-03
4.600000000000000200e-01,5.400000000000000286e-03
4.700000000000000289e-01,5.300000000000000024e-03
4.799999999999999822e-01,5.200000000000000629e-03
4.899999999999999911e-01,5.100000000000000366e-03
5.000000000000000000e-01,5.000000000000000104e-03
5.100000000000000089e-01,4.899999999999999842e-03
5.200000000000000178e-01,4.799999999999999580e-03
5.300000000000000266e-01,4.700000000000000185e-03
5.400000000000000355e-01,4.599999999999999922e-03
5.500000000000000444e-01,4.499999999999999660e-03
5.600000000000000533e-01,4.399999999999999398e-03
5.700000000000000622e-01,4.299999999999999135e-03
5.799999999999999600e-01,4.200000000000000608e-03
5.899999999999999689e-01,4.100000000000000346e-03
5.999999999999999778e-01,4.000000000000000083e-03
6.099999999999999867e-01,3.900000000000000255e-03
6.199999999999999956e-01,3.799999999999999992e-03
6.300000000000000044e-01,3.700000000000000164e-03
6.400000000000000133e-01,3.599999999999999901e-03
6.500000000000000222e-01,3.499999999999999639e-03
6.600000000000000311e-01,3.399999999999999811e-03
6.700000000000000400e-01,3.299999999999999548e-03
6.800000000000000488e-01,3.199999999999999720e-03
6.900000000000000577e-01,3.099999999999999457e-03
7.000000000000000666e-01,2.999999999999999195e-03
7.099999999999999645e-01,2.900000000000000234e-03
7.199999999999999734e-01,2.800000000000000405e-03
7.299999999999999822e-01,2.700000000000000143e-03
7.399999999999999911e-01,2.600000000000000314e-03
7.500000000000000000e-01,2.500000000000000052e-03
7.600000000000000089e-01,2.399999999999999790e-03
7.700000000000000178e-01,2.299999999999999961e-03
7.800000000000000266e-01,2.199999999999999699e-03
7.900000000000000355e-01,2.099999999999999870e-03
8.000000000000000444e-01,1.999999999999999608e-03
8.100000000000000533e-01,1.899999999999999563e-03
8.200000000000000622e-01,1.799999999999999517e-03
8.300000000000000711e-01,1.699999999999999255e-03
8.399999999999999689e-01,1.600000000000000294e-03
8.499999999999999778e-01,1.500000000000000248e-03
8.599999999999999867e-01,1.400000000000000203e-03
8.699999999999999956e-01,1.300000000000000157e-03
8.800000000000000044e-01,1.199999999999999895e-03
8.900000000000000133e-01,1.099999999999999849e-03
9.000000000000000222e-01,9.999999999999998040e-04
9.100000000000000311e-01,8.999999999999997585e-04
9.200000000000000400e-01,7.999999999999996047e-04
9.300000000000000488e-01,6.999999999999995592e-04
9.400000000000000577e-01,5.999999999999994053e-04
9.500000000000000666e-01,4.999999999999993599e-04
9.599999999999999645e-01,4.000000000000003444e-04
9.699999999999999734e-01,3.000000000000002990e-04
9.799999999999999822e-01,2.000000000000001722e-04
9.899999999999999911e-01,1.000000000000000861e-04
1.000000000000000000e+00,0.000000000000000000e+00
