x,y,z,theta_degrees,pressure,Cp,area_x,area_y,area_z
5.446855222942142,6.220864967667891,0.19634954084936207,26.30158288659817,-0.013010157556090564,-0.026020315112181128,-0.02762216240947422,-0.01365267248599623,0.0
5.406801057055409,6.28805177345785,0.19634954084936207,35.30192968709095,-0.17194448113749125,-0.3438889622749825,-0.025146231462500408,-0.017805795837861155,0.0
5.356729328660006,6.348145243091718,0.19634954084936207,44.30227648758373,-0.4807875686490681,-0.9615751372981362,-0.022051069220119825,-0.02152044768202359,0.0
5.297873064712032,6.399665562104957,0.19634954084936207,53.30262328807647,-0.6888243260245076,-1.3776486520490152,-0.018412894710529027,-0.02470515392715077,0.0
5.231681613223001,6.441344031689563,0.19634954084936207,62.30297008856932,-1.0143391611007704,-2.0286783222015408,-0.014321298754436562,-0.027281490504945424,0.0
5.159784952756958,6.472154310671911,0.19634954084936207,71.30331688906215,-1.182130772785907,-2.364261545571814,-0.009877037772062301,-0.02918601457949462,0.0
5.083953553861832,6.491337689382342,0.19634954084936207,80.30366368955487,-1.3919132419580895,-2.783826483916179,-0.005189552634868237,-0.030371826840596472,0.0
5.006054780855823,6.498421773042066,0.19634954084936207,89.30401049004773,-1.396300015168079,-2.792600030336158,-0.00037427366083383877,-0.030809726409237195,0.0
4.928006907584102,6.493232114585015,0.19634954084936207,98.30435729054048,-1.4189332388647806,-2.8378664777295612,0.004450221881662248,-0.030488929915449898,0.0
4.851731879517574,6.4758965104539215,0.19634954084936207,107.30470409103327,-1.2250108514003453,-2.4500217028006905,0.009165129764284656,-0.029417337041089727,0.0
4.779107985437095,6.446841853585753,0.19634954084936207,116.30505089152608,-1.0739553861414715,-2.147910772282943,0.01365434437811737,-0.027621335988489017,0.0
4.711923604172947,6.406783621082395,0.19634954084936207,125.30539769201884,-0.7423782220540586,-1.4847564441081171,0.017807317858968358,-0.02514515366536706,0.0
4.653668364753396,6.358781740500984,0.19634954084936207,133.98844016790989,-0.46830968093557995,-0.9366193618711599,0.019893270989295195,-0.020608404383027114,0.0
4.60515383226053,6.3045758406554215,0.19634954084936207,142.35417831919895,-0.20688609528161792,-0.41377219056323583,0.02267994319471567,-0.01749482033495547,0.0
4.565042012285094,6.243888269116212,0.19634954084936207,150.71991647048807,0.05249357923455161,0.10498715846910323,0.024983964033230686,-0.014008929404281393,0.0
4.534186523576217,6.178010516744074,0.19634954084936207,159.0856546217771,0.28660318015096475,0.5732063603019295,0.026756301688599,-0.010224914758401479,0.0
4.513244001103132,6.1083445265226395,0.19634954084936207,167.45139277306635,0.416935222715854,0.833870445431708,0.027959239082579367,-0.006223303928868596,0.0
4.502660122220996,6.0363728588409975,0.19634954084936207,175.81713092435544,0.5120745605454347,1.0241491210908693,0.028567176531234077,-0.002089255106782727,0.0
4.502660122220996,5.963627141159002,0.19634954084936207,184.18286907564467,0.5120908047850692,1.0241816095701384,0.028567176531234077,0.002089255106782727,0.0
4.513244001103132,5.8916554734773605,0.19634954084936207,192.54860722693365,0.4170589937417721,0.8341179874835442,0.02795923908257902,0.006223303928868596,0.0
4.534186523576217,5.821989483255927,0.19634954084936207,200.91434537822278,0.2867881325985037,0.5735762651970074,0.02675630168859935,0.010224914758401479,0.0
4.565042012285094,5.756111730883788,0.19634954084936207,209.28008352951193,0.0527560969925614,0.1055121939851228,0.024983964033230686,0.014008929404281393,0.0
4.60515383226053,5.695424159344578,0.19634954084936207,217.64582168080113,-0.20660063727749473,-0.41320127455498945,0.02267994319471567,0.01749482033495547,0.0
4.653668364753396,5.6412182594990155,0.19634954084936207,226.01155983209023,-0.4679890780998241,-0.9359781561996482,0.019893270989295195,0.020608404383027114,0.0
4.711923604172947,5.593216378917605,0.19634954084936207,234.69460230798114,-0.7420895936583742,-1.4841791873167485,0.017807317858968358,0.025145153665366713,0.0
4.779107985437095,5.553158146414248,0.19634954084936207,243.69494910847385,-1.0736619431462238,-2.1473238862924475,0.01365434437811737,0.027621335988489364,0.0
4.851731879517574,5.524103489546079,0.19634954084936207,252.69529590896673,-1.2248175654746325,-2.449635130949265,0.009165129764284656,0.029417337041089727,0.0
4.928006907584102,5.506767885414984,0.19634954084936207,261.69564270945955,-1.4188277177971664,-2.837655435594333,0.004450221881662248,0.030488929915449898,0.0
5.006054780855823,5.501578226957933,0.19634954084936207,270.69598950995226,-1.3963597554897669,-2.7927195109795337,-0.00037427366083383877,0.030809726409237195,0.0
5.083953553861832,5.508662310617657,0.19634954084936207,279.6963363104451,-1.3921204086675611,-2.7842408173351223,-0.005189552634868237,0.030371826840596125,0.0
5.159784952756958,5.527845689328089,0.19634954084936207,288.69668311093784,-1.1825299525127715,-2.365059905025543,-0.009877037772062301,0.02918601457949497,0.0
5.231681613223001,5.558655968310437,0.19634954084936207,297.69702991143066,-1.0148673421968866,-2.029734684393773,-0.014321298754436562,0.027281490504945424,0.0
5.297873064712032,5.600334437895042,0.19634954084936207,306.6973767119235,-0.6894734862541411,-1.3789469725082821,-0.01841289471052868,0.02470515392715077,0.0
5.3567293286600055,5.651854756908282,0.19634954084936207,315.6977235124162,-0.4814167239571203,-0.9628334479142406,-0.02205106922012017,0.02152044768202359,0.0
5.406801057055408,5.71194822654215,0.19634954084936207,324.698070312909,-0.1725379969990084,-0.3450759939980168,-0.025146231462500408,0.017805795837861155,0.0
5.446855222942142,5.779135032332109,0.19634954084936207,333.69841711340183,-0.013447323935084042,-0.026894647870168084,-0.02762216240947422,0.01365267248599623,0.0
5.469655974735803,5.829201912768079,0.19634954084936207,340.01537463751094,0.17556020237717568,0.35112040475435136,-0.01170027353197596,0.004254996096825696,0.0
5.479536225948149,5.859309811249948,0.19634954084936207,343.648942885236,0.12786563868929054,0.2557312773785811,-0.01194641463944148,0.003504935059256903,0.0
5.487488520616518,5.889983349104606,0.19634954084936207,347.28251113296136,0.24285807924614322,0.48571615849228644,-0.01214452565650892,0.0027407825680749046,0.0
5.493480886852828,5.921099204579004,0.19634954084936207,350.91607938068677,0.2309093841618772,0.4618187683237544,-0.012293810085623524,0.001965610868328676,0.0
5.497489232584211,5.952532277599493,0.19634954084936207,354.5496476284121,0.28661078629226455,0.5732215725845291,-0.012393667734606444,0.0011825365073621272,0.0
5.499497442414239,5.984156192731751,0.19634954084936207,358.18321587613735,0.2868318067755429,0.5736636135510857,-0.01244369712970588,0.00039470780485789116,0.0
5.499497442414238,6.015843807268249,0.19634954084936207,1.8167841238626472,0.2868523164738518,0.5737046329477036,-0.01244369712970588,-0.00039470780485789116,0.0
5.497489232584212,6.047467722400507,0.19634954084936207,5.450352371587895,0.2867359236949135,0.573471847389827,-0.012393667734606444,-0.0011825365073621272,0.0
5.493480886852829,6.078900795420996,0.19634954084936207,9.083920619313208,0.23110291541121497,0.46220583082242994,-0.012293810085623176,-0.001965610868328676,0.0
5.487488520616517,6.1100166508953935,0.19634954084936207,12.71748886703855,0.24311396014362135,0.4862279202872427,-0.012144525656509269,-0.0027407825680749046,0.0
5.479536225948149,6.140690188750051,0.19634954084936207,16.351057114763865,0.12817613980095272,0.25635227960190543,-0.011946414639441131,-0.003504935059256903,0.0
5.469655974735803,6.170798087231921,0.19634954084936207,19.984625362489062,0.17590542015165295,0.3518108403033059,-0.011700273531976309,-0.004254996096825696,0.0
5.446855222942142,6.220864967667891,0.5890486225480862,26.30158288659817,-0.012692909780140798,-0.025385819560281596,-0.02762216240947422,-0.01365267248599623,0.0
5.406801057055409,6.28805177345785,0.5890486225480862,35.30192968709095,-0.17149085098289857,-0.34298170196579714,-0.025146231462500408,-0.017805795837861155,0.0
5.356729328660006,6.348145243091718,0.5890486225480862,44.30227648758373,-0.480272380838916,-0.960544761677832,-0.022051069220119825,-0.02152044768202359,0.0
5.297873064712032,6.399665562104957,0.5890486225480862,53.30262328807647,-0.6882660821935837,-1.3765321643871673,-0.018412894710529027,-0.02470515392715077,0.0
5.231681613223001,6.441344031689563,0.5890486225480862,62.30297008856932,-1.013836527987997,-2.027673055975994,-0.014321298754436562,-0.027281490504945424,0.0
5.159784952756958,6.472154310671911,0.5890486225480862,71.30331688906215,-1.1817062632176818,-2.3634125264353636,-0.009877037772062301,-0.02918601457949462,0.0
5.083953553861832,6.491337689382342,0.5890486225480862,80.30366368955487,-1.3916197823488883,-2.7832395646977766,-0.005189552634868237,-0.030371826840596472,0.0
5.006054780855823,6.498421773042066,0.5890486225480862,89.30401049004773,-1.3961219186046236,-2.7922438372092473,-0.00037427366083383877,-0.030809726409237195,0.0
4.928006907584102,6.493232114585015,0.5890486225480862,98.30435729054048,-1.4188864374472188,-2.8377728748944375,0.004450221881662248,-0.030488929915449898,0.0
4.851731879517574,6.4758965104539215,0.5890486225480862,107.30470409103327,-1.2250514461774964,-2.450102892354993,0.009165129764284656,-0.029417337041089727,0.0
4.779107985437095,6.446841853585753,0.5890486225480862,116.30505089152608,-1.074091861046281,-2.148183722092562,0.01365434437811737,-0.027621335988489017,0.0
4.711923604172947,6.406783621082395,0.5890486225480862,125.30539769201884,-0.742540387528492,-1.485080775056984,0.017807317858968358,-0.02514515366536706,0.0
4.653668364753396,6.358781740500984,0.5890486225480862,133.98844016790989,-0.4685260309559603,-0.9370520619119206,0.019893270989295195,-0.020608404383027114,0.0
4.60515383226053,6.3045758406554215,0.5890486225480862,142.35417831919895,-0.20709658905555772,-0.41419317811111545,0.02267994319471567,-0.01749482033495547,0.0
4.565042012285094,6.243888269116212,0.5890486225480862,150.71991647048807,0.052279224750882335,0.10455844950176467,0.024983964033230686,-0.014008929404281393,0.0
4.534186523576217,6.178010516744074,0.5890486225480862,159.0856546217771,0.28643079145073896,0.5728615829014779,0.026756301688599,-0.010224914758401479,0.0
4.513244001103132,6.1083445265226395,0.5890486225480862,167.45139277306635,0.4167891071890021,0.8335782143780042,0.027959239082579367,-0.006223303928868596,0.0
4.502660122220996,6.0363728588409975,0.5890486225480862,175.81713092435544,0.5120027799617304,1.0240055599234608,0.028567176531234077,-0.002089255106782727,0.0
4.502660122220996,5.963627141159002,0.5890486225480862,184.18286907564467,0.512041992614518,1.024083985229036,0.028567176531234077,0.002089255106782727,0.0
4.513244001103132,5.8916554734773605,0.5890486225480862,192.54860722693365,0.41708790225759085,0.8341758045151817,0.02795923908257902,0.006223303928868596,0.0
4.534186523576217,5.821989483255927,0.5890486225480862,200.91434537822278,0.28687724193216835,0.5737544838643367,0.02675630168859935,0.010224914758401479,0.0
4.565042012285094,5.756111730883788,0.5890486225480862,209.28008352951193,0.052912925921502506,0.10582585184300501,0.024983964033230686,0.014008929404281393,0.0
4.60515383226053,5.695424159344578,0.5890486225480862,217.64582168080113,-0.20640753996496544,-0.4128150799299309,0.02267994319471567,0.01749482033495547,0.0
4.653668364753396,5.6412182594990155,0.5890486225480862,226.01155983209023,-0.46775217785549367,-0.9355043557109873,0.019893270989295195,0.020608404383027114,0.0
4.711923604172947,5.593216378917605,0.5890486225480862,234.69460230798114,-0.7418437438910274,-1.4836874877820547,0.017807317858968358,0.025145153665366713,0.0
4.779107985437095,5.553158146414248,0.5890486225480862,243.69494910847385,-1.0733836365543294,-2.146767273108659,0.01365434437811737,0.027621335988489364,0.0
4.851731879517574,5.524103489546079,0.5890486225480862,252.69529590896673,-1.2245850587059037,-2.4491701174118075,0.009165129764284656,0.029417337041089727,0.0
4.928006907584102,5.506767885414984,0.5890486225480862,261.69564270945955,-1.4186320146304705,-2.837264029260941,0.004450221881662248,0.030488929915449898,0.0
5.006054780855823,5.501578226957933,0.5890486225480862,270.69598950995226,-1.396266458362957,-2.792532916725914,-0.00037427366083383877,0.030809726409237195,0.0
5.083953553861832,5.508662310617657,0.5890486225480862,279.6963363104451,-1.392120256568739,-2.784240513137478,-0.005189552634868237,0.030371826840596125,0.0
5.159784952756958,5.527845689328089,0.5890486225480862,288.69668311093784,-1.1826702587688045,-2.365340517537609,-0.009877037772062301,0.02918601457949497,0.0
5.231681613223001,5.558655968310437,0.5890486225480862,297.69702991143066,-1.0151119574014893,-2.0302239148029786,-0.014321298754436562,0.027281490504945424,0.0
5.297873064712032,5.600334437895042,0.5890486225480862,306.6973767119235,-0.6898334691811722,-1.3796669383623443,-0.01841289471052868,0.02470515392715077,0.0
5.3567293286600055,5.651854756908282,0.5890486225480862,315.6977235124162,-0.48179144040476496,-0.9635828808095299,-0.02205106922012017,0.02152044768202359,0.0
5.406801057055408,5.71194822654215,0.5890486225480862,324.698070312909,-0.17292380993497344,-0.3458476198699469,-0.025146231462500408,0.017805795837861155,0.0
5.446855222942142,5.779135032332109,0.5890486225480862,333.69841711340183,-0.013748448440186613,-0.027496896880373226,-0.02762216240947422,0.01365267248599623,0.0
5.469655974735803,5.829201912768079,0.5890486225480862,340.01537463751094,0.1753046830385404,0.3506093660770808,-0.01170027353197596,0.004254996096825696,0.0
5.479536225948149,5.859309811249948,0.5890486225480862,343.648942885236,0.12763511302266167,0.25527022604532335,-0.01194641463944148,0.003504935059256903,0.0
5.487488520616518,5.889983349104606,0.5890486225480862,347.28251113296136,0.24265786733420336,0.4853157346684067,-0.01214452565650892,0.0027407825680749046,0.0
5.493480886852828,5.921099204579004,0.5890486225480862,350.91607938068677,0.2307497598406402,0.4614995196812804,-0.012293810085623524,0.001965610868328676,0.0
5.497489232584211,5.952532277599493,0.5890486225480862,354.5496476284121,0.28649884671659415,0.5729976934331883,-0.012393667734606444,0.0011825365073621272,0.0
5.499497442414239,5.984156192731751,0.5890486225480862,358.18321587613735,0.2867879820512919,0.5735759641025838,-0.01244369712970588,0.00039470780485789116,0.0
5.499497442414238,6.015843807268249,0.5890486225480862,1.8167841238626472,0.28683751023527715,0.5736750204705543,-0.01244369712970588,-0.00039470780485789116,0.0
5.497489232584212,6.047467722400507,0.5890486225480862,5.450352371587895,0.2868010245427082,0.5736020490854165,-0.012393667734606444,-0.0011825365073621272,0.0
5.493480886852829,6.078900795420996,0.5890486225480862,9.083920619313208,0.2312170794977987,0.4624341589955974,-0.012293810085623176,-0.001965610868328676,0.0
5.487488520616517,6.1100166508953935,0.5890486225480862,12.71748886703855,0.2432756986977738,0.4865513973955476,-0.012144525656509269,-0.0027407825680749046,0.0
5.479536225948149,6.140690188750051,0.5890486225480862,16.351057114763865,0.1283848529153377,0.2567697058306754,-0.011946414639441131,-0.003504935059256903,0.0
5.469655974735803,6.170798087231921,0.5890486225480862,19.984625362489062,0.17613823150776017,0.35227646301552035,-0.011700273531976309,-0.004254996096825696,0.0
5.446855222942142,6.220864967667891,0.9817477042468103,26.30158288659817,-0.012692909780145542,-0.025385819560291085,-0.02762216240947422,-0.01365267248599623,0.0
5.406801057055409,6.28805177345785,0.9817477042468103,35.30192968709095,-0.17149085098290276,-0.3429817019658055,-0.025146231462500408,-0.017805795837861155,0.0
5.356729328660006,6.348145243091718,0.9817477042468103,44.30227648758373,-0.48027238083892027,-0.9605447616778405,-0.022051069220119825,-0.02152044768202359,0.0
5.297873064712032,6.399665562104957,0.9817477042468103,53.30262328807647,-0.6882660821935954,-1.3765321643871908,-0.018412894710529027,-0.02470515392715077,0.0
5.231681613223001,6.441344031689563,0.9817477042468103,62.30297008856932,-1.0138365279880082,-2.0276730559760163,-0.014321298754436562,-0.027281490504945424,0.0
5.159784952756958,6.472154310671911,0.9817477042468103,71.30331688906215,-1.1817062632176965,-2.363412526435393,-0.009877037772062301,-0.02918601457949462,0.0
5.083953553861832,6.491337689382342,0.9817477042468103,80.30366368955487,-1.3916197823488967,-2.7832395646977934,-0.005189552634868237,-0.030371826840596472,0.0
5.006054780855823,6.498421773042066,0.9817477042468103,89.30401049004773,-1.3961219186046252,-2.7922438372092504,-0.00037427366083383877,-0.030809726409237195,0.0
4.928006907584102,6.493232114585015,0.9817477042468103,98.30435729054048,-1.4188864374472148,-2.8377728748944295,0.004450221881662248,-0.030488929915449898,0.0
4.851731879517574,6.4758965104539215,0.9817477042468103,107.30470409103327,-1.2250514461774868,-2.4501028923549737,0.009165129764284656,-0.029417337041089727,0.0
4.779107985437095,6.446841853585753,0.9817477042468103,116.30505089152608,-1.0740918610462755,-2.148183722092551,0.01365434437811737,-0.027621335988489017,0.0
4.711923604172947,6.406783621082395,0.9817477042468103,125.30539769201884,-0.7425403875284884,-1.4850807750569768,0.017807317858968358,-0.02514515366536706,0.0
4.653668364753396,6.358781740500984,0.9817477042468103,133.98844016790989,-0.46852603095595696,-0.9370520619119139,0.019893270989295195,-0.020608404383027114,0.0
4.60515383226053,6.3045758406554215,0.9817477042468103,142.35417831919895,-0.2070965890555544,-0.4141931781111088,0.02267994319471567,-0.01749482033495547,0.0
4.565042012285094,6.243888269116212,0.9817477042468103,150.71991647048807,0.05227922475089136,0.10455844950178272,0.024983964033230686,-0.014008929404281393,0.0
4.534186523576217,6.178010516744074,0.9817477042468103,159.0856546217771,0.28643079145074446,0.5728615829014889,0.026756301688599,-0.010224914758401479,0.0
4.513244001103132,6.1083445265226395,0.9817477042468103,167.45139277306635,0.4167891071890067,0.8335782143780134,0.027959239082579367,-0.006223303928868596,0.0
4.502660122220996,6.0363728588409975,0.9817477042468103,175.81713092435544,0.5120027799617352,1.0240055599234703,0.028567176531234077,-0.002089255106782727,0.0
4.502660122220996,5.963627141159002,0.9817477042468103,184.18286907564467,0.5120419926145232,1.0240839852290464,0.028567176531234077,0.002089255106782727,0.0
4.513244001103132,5.8916554734773605,0.9817477042468103,192.54860722693365,0.41708790225759473,0.8341758045151895,0.02795923908257902,0.006223303928868596,0.0
4.534186523576217,5.821989483255927,0.9817477042468103,200.91434537822278,0.2868772419321698,0.5737544838643396,0.02675630168859935,0.010224914758401479,0.0
4.565042012285094,5.756111730883788,0.9817477042468103,209.28008352951193,0.0529129259215055,0.105825851843011,0.024983964033230686,0.014008929404281393,0.0
4.60515383226053,5.695424159344578,0.9817477042468103,217.64582168080113,-0.2064075399649636,-0.4128150799299272,0.02267994319471567,0.01749482033495547,0.0
4.653668364753396,5.6412182594990155,0.9817477042468103,226.01155983209023,-0.46775217785549544,-0.9355043557109909,0.019893270989295195,0.020608404383027114,0.0
4.711923604172947,5.593216378917605,0.9817477042468103,234.69460230798114,-0.7418437438910276,-1.4836874877820552,0.017807317858968358,0.025145153665366713,0.0
4.779107985437095,5.553158146414248,0.9817477042468103,243.69494910847385,-1.0733836365543359,-2.1467672731086718,0.01365434437811737,0.027621335988489364,0.0
4.851731879517574,5.524103489546079,0.9817477042468103,252.69529590896673,-1.2245850587059097,-2.4491701174118194,0.009165129764284656,0.029417337041089727,0.0
4.928006907584102,5.506767885414984,0.9817477042468103,261.69564270945955,-1.4186320146304856,-2.837264029260971,0.004450221881662248,0.030488929915449898,0.0
5.006054780855823,5.501578226957933,0.9817477042468103,270.69598950995226,-1.3962664583629716,-2.792532916725943,-0.00037427366083383877,0.030809726409237195,0.0
5.083953553861832,5.508662310617657,0.9817477042468103,279.6963363104451,-1.3921202565687534,-2.7842405131375068,-0.005189552634868237,0.030371826840596125,0.0
5.159784952756958,5.527845689328089,0.9817477042468103,288.69668311093784,-1.1826702587688085,-2.365340517537617,-0.009877037772062301,0.02918601457949497,0.0
5.231681613223001,5.558655968310437,0.9817477042468103,297.69702991143066,-1.0151119574014895,-2.030223914802979,-0.014321298754436562,0.027281490504945424,0.0
5.297873064712032,5.600334437895042,0.9817477042468103,306.6973767119235,-0.6898334691811663,-1.3796669383623326,-0.01841289471052868,0.02470515392715077,0.0
5.3567293286600055,5.651854756908282,0.9817477042468103,315.6977235124162,-0.4817914404047594,-0.9635828808095188,-0.02205106922012017,0.02152044768202359,0.0
5.406801057055408,5.71194822654215,0.9817477042468103,324.698070312909,-0.1729238099349741,-0.3458476198699482,-0.025146231462500408,0.017805795837861155,0.0
5.446855222942142,5.779135032332109,0.9817477042468103,333.69841711340183,-0.013748448440182937,-0.027496896880365874,-0.02762216240947422,0.01365267248599623,0.0
5.469655974735803,5.829201912768079,0.9817477042468103,340.01537463751094,0.17530468303854388,0.35060936607708776,-0.01170027353197596,0.004254996096825696,0.0
5.479536225948149,5.859309811249948,0.9817477042468103,343.648942885236,0.12763511302266514,0.2552702260453303,-0.01194641463944148,0.003504935059256903,0.0
5.487488520616518,5.889983349104606,0.9817477042468103,347.28251113296136,0.24265786733420475,0.4853157346684095,-0.01214452565650892,0.0027407825680749046,0.0
5.493480886852828,5.921099204579004,0.9817477042468103,350.91607938068677,0.2307497598406421,0.4614995196812842,-0.012293810085623524,0.001965610868328676,0.0
5.497489232584211,5.952532277599493,0.9817477042468103,354.5496476284121,0.28649884671659576,0.5729976934331915,-0.012393667734606444,0.0011825365073621272,0.0
5.499497442414239,5.984156192731751,0.9817477042468103,358.18321587613735,0.286787982051294,0.573575964102588,-0.01244369712970588,0.00039470780485789116,0.0
5.499497442414238,6.015843807268249,0.9817477042468103,1.8167841238626472,0.2868375102352795,0.573675020470559,-0.01244369712970588,-0.00039470780485789116,0.0
5.497489232584212,6.047467722400507,0.9817477042468103,5.450352371587895,0.2868010245427108,0.5736020490854216,-0.012393667734606444,-0.0011825365073621272,0.0
5.493480886852829,6.078900795420996,0.9817477042468103,9.083920619313208,0.2312170794978016,0.4624341589956032,-0.012293810085623176,-0.001965610868328676,0.0
5.487488520616517,6.1100166508953935,0.9817477042468103,12.71748886703855,0.243275698697777,0.486551397395554,-0.012144525656509269,-0.0027407825680749046,0.0
5.479536225948149,6.140690188750051,0.9817477042468103,16.351057114763865,0.12838485291533894,0.2567697058306779,-0.011946414639441131,-0.003504935059256903,0.0
5.469655974735803,6.170798087231921,0.9817477042468103,19.984625362489062,0.1761382315077581,0.3522764630155162,-0.011700273531976309,-0.004254996096825696,0.0
5.446855222942142,6.220864967667891,1.3744467859455345,26.30158288659817,-0.013010157556083734,-0.02602031511216747,-0.02762216240947422,-0.01365267248599623,0.0
5.406801057055409,6.28805177345785,1.3744467859455345,35.30192968709095,-0.1719444811374836,-0.3438889622749672,-0.025146231462500408,-0.017805795837861155,0.0
5.356729328660006,6.348145243091718,1.3744467859455345,44.30227648758373,-0.48078756864905825,-0.9615751372981165,-0.022051069220119825,-0.02152044768202359,0.0
5.297873064712032,6.399665562104957,1.3744467859455345,53.30262328807647,-0.6888243260244981,-1.3776486520489961,-0.018412894710529027,-0.02470515392715077,0.0
5.231681613223001,6.441344031689563,1.3744467859455345,62.30297008856932,-1.0143391611007628,-2.0286783222015257,-0.014321298754436562,-0.027281490504945424,0.0
5.159784952756958,6.472154310671911,1.3744467859455345,71.30331688906215,-1.1821307727858945,-2.364261545571789,-0.009877037772062301,-0.02918601457949462,0.0
5.083953553861832,6.491337689382342,1.3744467859455345,80.30366368955487,-1.3919132419580666,-2.7838264839161333,-0.005189552634868237,-0.030371826840596472,0.0
5.006054780855823,6.498421773042066,1.3744467859455345,89.30401049004773,-1.3963000151680633,-2.7926000303361267,-0.00037427366083383877,-0.030809726409237195,0.0
4.928006907584102,6.493232114585015,1.3744467859455345,98.30435729054048,-1.4189332388647626,-2.8378664777295253,0.004450221881662248,-0.030488929915449898,0.0
4.851731879517574,6.4758965104539215,1.3744467859455345,107.30470409103327,-1.2250108514003275,-2.450021702800655,0.009165129764284656,-0.029417337041089727,0.0
4.779107985437095,6.446841853585753,1.3744467859455345,116.30505089152608,-1.073955386141456,-2.147910772282912,0.01365434437811737,-0.027621335988489017,0.0
4.711923604172947,6.406783621082395,1.3744467859455345,125.30539769201884,-0.7423782220540389,-1.4847564441080778,0.017807317858968358,-0.02514515366536706,0.0
4.653668364753396,6.358781740500984,1.3744467859455345,133.98844016790989,-0.46830968093556535,-0.9366193618711307,0.019893270989295195,-0.020608404383027114,0.0
4.60515383226053,6.3045758406554215,1.3744467859455345,142.35417831919895,-0.20688609528159707,-0.41377219056319414,0.02267994319471567,-0.01749482033495547,0.0
4.565042012285094,6.243888269116212,1.3744467859455345,150.71991647048807,0.05249357923457476,0.10498715846914952,0.024983964033230686,-0.014008929404281393,0.0
4.534186523576217,6.178010516744074,1.3744467859455345,159.0856546217771,0.2866031801509875,0.573206360301975,0.026756301688599,-0.010224914758401479,0.0
4.513244001103132,6.1083445265226395,1.3744467859455345,167.45139277306635,0.41693522271587674,0.8338704454317535,0.027959239082579367,-0.006223303928868596,0.0
4.502660122220996,6.0363728588409975,1.3744467859455345,175.81713092435544,0.5120745605454575,1.024149121090915,0.028567176531234077,-0.002089255106782727,0.0
4.502660122220996,5.963627141159002,1.3744467859455345,184.18286907564467,0.5120908047850886,1.0241816095701772,0.028567176531234077,0.002089255106782727,0.0
4.513244001103132,5.8916554734773605,1.3744467859455345,192.54860722693365,0.4170589937417904,0.8341179874835808,0.02795923908257902,0.006223303928868596,0.0
4.534186523576217,5.821989483255927,1.3744467859455345,200.91434537822278,0.28678813259852287,0.5735762651970457,0.02675630168859935,0.010224914758401479,0.0
4.565042012285094,5.756111730883788,1.3744467859455345,209.28008352951193,0.05275609699258413,0.10551219398516826,0.024983964033230686,0.014008929404281393,0.0
4.60515383226053,5.695424159344578,1.3744467859455345,217.64582168080113,-0.20660063727747782,-0.41320127455495564,0.02267994319471567,0.01749482033495547,0.0
4.653668364753396,5.6412182594990155,1.3744467859455345,226.01155983209023,-0.46798907809980506,-0.9359781561996101,0.019893270989295195,0.020608404383027114,0.0
4.711923604172947,5.593216378917605,1.3744467859455345,234.69460230798114,-0.7420895936583681,-1.4841791873167363,0.017807317858968358,0.025145153665366713,0.0
4.779107985437095,5.553158146414248,1.3744467859455345,243.69494910847385,-1.0736619431462122,-2.1473238862924244,0.01365434437811737,0.027621335988489364,0.0
4.851731879517574,5.524103489546079,1.3744467859455345,252.69529590896673,-1.2248175654746276,-2.4496351309492552,0.009165129764284656,0.029417337041089727,0.0
4.928006907584102,5.506767885414984,1.3744467859455345,261.69564270945955,-1.4188277177971667,-2.8376554355943333,0.004450221881662248,0.030488929915449898,0.0
5.006054780855823,5.501578226957933,1.3744467859455345,270.69598950995226,-1.396359755489769,-2.792719510979538,-0.00037427366083383877,0.030809726409237195,0.0
5.083953553861832,5.508662310617657,1.3744467859455345,279.6963363104451,-1.3921204086675625,-2.784240817335125,-0.005189552634868237,0.030371826840596125,0.0
5.159784952756958,5.527845689328089,1.3744467859455345,288.69668311093784,-1.182529952512768,-2.365059905025536,-0.009877037772062301,0.02918601457949497,0.0
5.231681613223001,5.558655968310437,1.3744467859455345,297.69702991143066,-1.0148673421968808,-2.0297346843937616,-0.014321298754436562,0.027281490504945424,0.0
5.297873064712032,5.600334437895042,1.3744467859455345,306.6973767119235,-0.6894734862541436,-1.3789469725082872,-0.01841289471052868,0.02470515392715077,0.0
5.3567293286600055,5.651854756908282,1.3744467859455345,315.6977235124162,-0.481416723957124,-0.962833447914248,-0.02205106922012017,0.02152044768202359,0.0
5.406801057055408,5.71194822654215,1.3744467859455345,324.698070312909,-0.17253799699900965,-0.3450759939980193,-0.025146231462500408,0.017805795837861155,0.0
5.446855222942142,5.779135032332109,1.3744467859455345,333.69841711340183,-0.013447323935083364,-0.026894647870166728,-0.02762216240947422,0.01365267248599623,0.0
5.469655974735803,5.829201912768079,1.3744467859455345,340.01537463751094,0.17556020237717426,0.3511204047543485,-0.01170027353197596,0.004254996096825696,0.0
5.479536225948149,5.859309811249948,1.3744467859455345,343.648942885236,0.1278656386892901,0.2557312773785802,-0.01194641463944148,0.003504935059256903,0.0
5.487488520616518,5.889983349104606,1.3744467859455345,347.28251113296136,0.24285807924614533,0.48571615849229066,-0.01214452565650892,0.0027407825680749046,0.0
5.493480886852828,5.921099204579004,1.3744467859455345,350.91607938068677,0.2309093841618799,0.4618187683237598,-0.012293810085623524,0.001965610868328676,0.0
5.497489232584211,5.952532277599493,1.3744467859455345,354.5496476284121,0.2866107862922666,0.5732215725845332,-0.012393667734606444,0.0011825365073621272,0.0
5.499497442414239,5.984156192731751,1.3744467859455345,358.18321587613735,0.2868318067755448,0.5736636135510896,-0.01244369712970588,0.00039470780485789116,0.0
5.499497442414238,6.015843807268249,1.3744467859455345,1.8167841238626472,0.2868523164738533,0.5737046329477066,-0.01244369712970588,-0.00039470780485789116,0.0
5.497489232584212,6.047467722400507,1.3744467859455345,5.450352371587895,0.2867359236949152,0.5734718473898304,-0.012393667734606444,-0.0011825365073621272,0.0
5.493480886852829,6.078900795420996,1.3744467859455345,9.083920619313208,0.2311029154112166,0.4622058308224332,-0.012293810085623176,-0.001965610868328676,0.0
5.487488520616517,6.1100166508953935,1.3744467859455345,12.71748886703855,0.24311396014362252,0.48622792028724504,-0.012144525656509269,-0.0027407825680749046,0.0
5.479536225948149,6.140690188750051,1.3744467859455345,16.351057114763865,0.1281761398009546,0.2563522796019092,-0.011946414639441131,-0.003504935059256903,0.0
5.469655974735803,6.170798087231921,1.3744467859455345,19.984625362489062,0.17590542015165522,0.35181084030331045,-0.011700273531976309,-0.004254996096825696,0.0
5.446855222942142,6.220864967667891,1.7671458676442588,26.30158288659817,-0.013460530585362129,-0.026921061170724257,-0.02762216240947422,-0.01365267248599623,0.0
5.406801057055409,6.28805177345785,1.7671458676442588,35.30192968709095,-0.17258420942485433,-0.34516841884970867,-0.025146231462500408,-0.017805795837861155,0.0
5.356729328660006,6.348145243091718,1.7671458676442588,44.30227648758373,-0.48151749909324065,-0.9630349981864813,-0.022051069220119825,-0.02152044768202359,0.0
5.297873064712032,6.399665562104957,1.7671458676442588,53.30262328807647,-0.6896124054531675,-1.379224810906335,-0.018412894710529027,-0.02470515392715077,0.0
5.231681613223001,6.441344031689563,1.7671458676442588,62.30297008856932,-1.0150504578567368,-2.0301009157134735,-0.014321298754436562,-0.027281490504945424,0.0
5.159784952756958,6.472154310671911,1.7671458676442588,71.30331688906215,-1.1827300371518985,-2.365460074303797,-0.009877037772062301,-0.02918601457949462,0.0
5.083953553861832,6.491337689382342,1.7671458676442588,80.30366368955487,-1.3923284101698812,-2.7846568203397624,-0.005189552634868237,-0.030371826840596472,0.0
5.006054780855823,6.498421773042066,1.7671458676442588,89.30401049004773,-1.396550978962355,-2.79310195792471,-0.00037427366083383877,-0.030809726409237195,0.0
4.928006907584102,6.493232114585015,1.7671458676442588,98.30435729054048,-1.4189993973147836,-2.8379987946295673,0.004450221881662248,-0.030488929915449898,0.0
4.851731879517574,6.4758965104539215,1.7671458676442588,107.30470409103327,-1.2249525293184036,-2.449905058636807,0.009165129764284656,-0.029417337041089727,0.0
4.779107985437095,6.446841853585753,1.7671458676442588,116.30505089152608,-1.0737624120007776,-2.147524824001555,0.01365434437811737,-0.027621335988489017,0.0
4.711923604172947,6.406783621082395,1.7671458676442588,125.30539769201884,-0.742147778474773,-1.484295556949546,0.017807317858968358,-0.02514515366536706,0.0
4.653668364753396,6.358781740500984,1.7671458676442588,133.98844016790989,-0.4680036840735182,-0.9360073681470364,0.019893270989295195,-0.020608404383027114,0.0
4.60515383226053,6.3045758406554215,1.7671458676442588,142.35417831919895,-0.20658653419151163,-0.41317306838302326,0.02267994319471567,-0.01749482033495547,0.0
4.565042012285094,6.243888269116212,1.7671458676442588,150.71991647048807,0.05279622780683409,0.10559245561366817,0.024983964033230686,-0.014008929404281393,0.0
4.534186523576217,6.178010516744074,1.7671458676442588,159.0856546217771,0.28684998397357403,0.5736999679471481,0.026756301688599,-0.010224914758401479,0.0
4.513244001103132,6.1083445265226395,1.7671458676442588,167.45139277306635,0.4171383283693339,0.8342766567386678,0.027959239082579367,-0.006223303928868596,0.0
4.502660122220996,6.0363728588409975,1.7671458676442588,175.81713092435544,0.5121769457211137,1.0243538914422274,0.028567176531234077,-0.002089255106782727,0.0
4.502660122220996,5.963627141159002,1.7671458676442588,184.18286907564467,0.5121607236861037,1.0243214473722073,0.028567176531234077,0.002089255106782727,0.0
4.513244001103132,5.8916554734773605,1.7671458676442588,192.54860722693365,0.41701457362054506,0.8340291472410901,0.02795923908257902,0.006223303928868596,0.0
4.534186523576217,5.821989483255927,1.7671458676442588,200.91434537822278,0.2866651125377836,0.5733302250755672,0.02675630168859935,0.010224914758401479,0.0
4.565042012285094,5.756111730883788,1.7671458676442588,209.28008352951193,0.05253378474304631,0.10506756948609262,0.024983964033230686,0.014008929404281393,0.0
4.60515383226053,5.695424159344578,1.7671458676442588,217.64582168080113,-0.2068718852772787,-0.4137437705545574,0.02267994319471567,0.01749482033495547,0.0
4.653668364753396,5.6412182594990155,1.7671458676442588,226.01155983209023,-0.4683241334682179,-0.9366482669364358,0.019893270989295195,0.020608404383027114,0.0
4.711923604172947,5.593216378917605,1.7671458676442588,234.69460230798114,-0.7424362362011246,-1.4848724724022493,0.017807317858968358,0.025145153665366713,0.0
4.779107985437095,5.553158146414248,1.7671458676442588,243.69494910847385,-1.074055616585162,-2.148111233170324,0.01365434437811737,0.027621335988489364,0.0
4.851731879517574,5.524103489546079,1.7671458676442588,252.69529590896673,-1.225145588836094,-2.450291177672188,0.009165129764284656,0.029417337041089727,0.0
4.928006907584102,5.506767885414984,1.7671458676442588,261.69564270945955,-1.4191046162357814,-2.838209232471563,0.004450221881662248,0.030488929915449898,0.0
5.006054780855823,5.501578226957933,1.7671458676442588,270.69598950995226,-1.396490928218841,-2.792981856437682,-0.00037427366083383877,0.030809726409237195,0.0
5.083953553861832,5.508662310617657,1.7671458676442588,279.6963363104451,-1.3921208596675292,-2.7842417193350584,-0.005189552634868237,0.030371826840596125,0.0
5.159784952756958,5.527845689328089,1.7671458676442588,288.69668311093784,-1.1823304975414963,-2.3646609950829927,-0.009877037772062301,0.02918601457949497,0.0
5.231681613223001,5.558655968310437,1.7671458676442588,297.69702991143066,-1.0145218880112243,-2.0290437760224487,-0.014321298754436562,0.027281490504945424,0.0
5.297873064712032,5.600334437895042,1.7671458676442588,306.6973767119235,-0.6889629244330184,-1.3779258488660369,-0.01841289471052868,0.02470515392715077,0.0
5.3567293286600055,5.651854756908282,1.7671458676442588,315.6977235124162,-0.48088803131014174,-0.9617760626202835,-0.02205106922012017,0.02152044768202359,0.0
5.406801057055408,5.71194822654215,1.7671458676442588,324.698070312909,-0.17199048155976485,-0.3439809631195297,-0.025146231462500408,0.017805795837861155,0.0
5.446855222942142,5.779135032332109,1.7671458676442588,333.69841711340183,-0.013023174812474055,-0.02604634962494811,-0.02762216240947422,0.01365267248599623,0.0
5.469655974735803,5.829201912768079,1.7671458676442588,340.01537463751094,0.17592352063091435,0.3518470412618287,-0.01170027353197596,0.004254996096825696,0.0
5.479536225948149,5.859309811249948,1.7671458676442588,343.648942885236,0.12818908016902766,0.2563781603380553,-0.01194641463944148,0.003504935059256903,0.0
5.487488520616518,5.889983349104606,1.7671458676442588,347.28251113296136,0.2431436487694104,0.4862872975388208,-0.01214452565650892,0.0027407825680749046,0.0
5.493480886852828,5.921099204579004,1.7671458676442588,350.91607938068677,0.23113163009381482,0.46226326018762964,-0.012293810085623524,0.001965610868328676,0.0
5.497489232584211,5.952532277599493,1.7671458676442588,354.5496476284121,0.2867724644559996,0.5735449289119992,-0.012393667734606444,0.0011825365073621272,0.0
5.499497442414239,5.984156192731751,1.7671458676442588,358.18321587613735,0.2868888308269301,0.5737776616538602,-0.01244369712970588,0.00039470780485789116,0.0
5.499497442414238,6.015843807268249,1.7671458676442588,1.8167841238626472,0.2868682961151122,0.5737365922302244,-0.01244369712970588,-0.00039470780485789116,0.0
5.497489232584212,6.047467722400507,1.7671458676442588,5.450352371587895,0.2866472724848852,0.5732945449697704,-0.012393667734606444,-0.0011825365073621272,0.0
5.493480886852829,6.078900795420996,1.7671458676442588,9.083920619313208,0.23093802171169042,0.46187604342338084,-0.012293810085623176,-0.001965610868328676,0.0
5.487488520616517,6.1100166508953935,1.7671458676442588,12.71748886703855,0.2428876787236515,0.485775357447303,-0.012144525656509269,-0.0027407825680749046,0.0
5.479536225948149,6.140690188750051,1.7671458676442588,16.351057114763865,0.1278784429185714,0.2557568858371428,-0.011946414639441131,-0.003504935059256903,0.0
5.469655974735803,6.170798087231921,1.7671458676442588,19.984625362489062,0.17557816601168075,0.3511563320233615,-0.011700273531976309,-0.004254996096825696,0.0
5.446855222942142,6.220864967667891,2.1598449493429825,26.30158288659817,-0.013780242480468061,-0.027560484960936122,-0.02762216240947422,-0.01365267248599623,0.0
5.406801057055409,6.28805177345785,2.1598449493429825,35.30192968709095,-0.17303532572647545,-0.3460706514529509,-0.025146231462500408,-0.017805795837861155,0.0
5.356729328660006,6.348145243091718,2.1598449493429825,44.30227648758373,-0.4820346205242322,-0.9640692410484644,-0.022051069220119825,-0.02152044768202359,0.0
5.297873064712032,6.399665562104957,2.1598449493429825,53.30262328807647,-0.6901687075101566,-1.3803374150203132,-0.018412894710529027,-0.02470515392715077,0.0
5.231681613223001,6.441344031689563,2.1598449493429825,62.30297008856932,-1.0155537920155004,-2.031107584031001,-0.014321298754436562,-0.027281490504945424,0.0
5.159784952756958,6.472154310671911,2.1598449493429825,71.30331688906215,-1.1831530347998878,-2.3663060695997755,-0.009877037772062301,-0.02918601457949462,0.0
5.083953553861832,6.491337689382342,2.1598449493429825,80.30366368955487,-1.3926220993067926,-2.785244198613585,-0.005189552634868237,-0.030371826840596472,0.0
5.006054780855823,6.498421773042066,2.1598449493429825,89.30401049004773,-1.3967278186117122,-2.7934556372234245,-0.00037427366083383877,-0.030809726409237195,0.0
4.928006907584102,6.493232114585015,2.1598449493429825,98.30435729054048,-1.4190461826088416,-2.8380923652176833,0.004450221881662248,-0.030488929915449898,0.0
4.851731879517574,6.4758965104539215,2.1598449493429825,107.30470409103327,-1.2249106517838484,-2.449821303567697,0.009165129764284656,-0.029417337041089727,0.0
4.779107985437095,6.446841853585753,2.1598449493429825,116.30505089152608,-1.0736259692827368,-2.1472519385654736,0.01365434437811737,-0.027621335988489017,0.0
4.711923604172947,6.406783621082395,2.1598449493429825,125.30539769201884,-0.7419840499642824,-1.4839680999285647,0.017807317858968358,-0.02514515366536706,0.0
4.653668364753396,6.358781740500984,2.1598449493429825,133.98844016790989,-0.46778729129336544,-0.9355745825867309,0.019893270989295195,-0.020608404383027114,0.0
4.60515383226053,6.3045758406554215,2.1598449493429825,142.35417831919895,-0.20637338157648744,-0.41274676315297487,0.02267994319471567,-0.01749482033495547,0.0
4.565042012285094,6.243888269116212,2.1598449493429825,150.71991647048807,0.05300987848129462,0.10601975696258924,0.024983964033230686,-0.014008929404281393,0.0
4.534186523576217,6.178010516744074,2.1598449493429825,159.0856546217771,0.28702663269477113,0.5740532653895423,0.026756301688599,-0.010224914758401479,0.0
4.513244001103132,6.1083445265226395,2.1598449493429825,167.45139277306635,0.41727945375713615,0.8345589075142723,0.027959239082579367,-0.006223303928868596,0.0
4.502660122220996,6.0363728588409975,2.1598449493429825,175.81713092435544,0.5122499714178784,1.0244999428357568,0.028567176531234077,-0.002089255106782727,0.0
4.502660122220996,5.963627141159002,2.1598449493429825,184.18286907564467,0.5122107777123278,1.0244215554246556,0.028567176531234077,0.002089255106782727,0.0
4.513244001103132,5.8916554734773605,2.1598449493429825,192.54860722693365,0.4169806573481534,0.8339613146963069,0.02795923908257902,0.006223303928868596,0.0
4.534186523576217,5.821989483255927,2.1598449493429825,200.91434537822278,0.28658024037862523,0.5731604807572505,0.02675630168859935,0.010224914758401479,0.0
4.565042012285094,5.756111730883788,2.1598449493429825,209.28008352951193,0.05237621793717485,0.1047524358743497,0.024983964033230686,0.014008929404281393,0.0
4.60515383226053,5.695424159344578,2.1598449493429825,217.64582168080113,-0.2070623935563773,-0.4141247871127546,0.02267994319471567,0.01749482033495547,0.0
4.653668364753396,5.6412182594990155,2.1598449493429825,226.01155983209023,-0.46856107267000785,-0.9371221453400157,0.019893270989295195,0.020608404383027114,0.0
4.711923604172947,5.593216378917605,2.1598449493429825,234.69460230798114,-0.7426806162815259,-1.4853612325630519,0.017807317858968358,0.025145153665366713,0.0
4.779107985437095,5.553158146414248,2.1598449493429825,243.69494910847385,-1.0743340550502758,-2.1486681101005516,0.01365434437811737,0.027621335988489364,0.0
4.851731879517574,5.524103489546079,2.1598449493429825,252.69529590896673,-1.2253769755811346,-2.450753951162269,0.009165129764284656,0.029417337041089727,0.0
4.928006907584102,5.506767885414984,2.1598449493429825,261.69564270945955,-1.4193004993951777,-2.8386009987903553,0.004450221881662248,0.030488929915449898,0.0
5.006054780855823,5.501578226957933,2.1598449493429825,270.69598950995226,-1.3965831309892758,-2.7931662619785516,-0.00037427366083383877,0.030809726409237195,0.0
5.083953553861832,5.508662310617657,2.1598449493429825,279.6963363104451,-1.3921213426179861,-2.7842426852359723,-0.005189552634868237,0.030371826840596125,0.0
5.159784952756958,5.527845689328089,2.1598449493429825,288.69668311093784,-1.1821887218745468,-2.3643774437490936,-0.009877037772062301,0.02918601457949497,0.0
5.231681613223001,5.558655968310437,2.1598449493429825,297.69702991143066,-1.0142779405178382,-2.0285558810356763,-0.014321298754436562,0.027281490504945424,0.0
5.297873064712032,5.600334437895042,2.1598449493429825,306.6973767119235,-0.6886008438152442,-1.3772016876304884,-0.01841289471052868,0.02470515392715077,0.0
5.3567293286600055,5.651854756908282,2.1598449493429825,315.6977235124162,-0.4805150459082829,-0.9610300918165658,-0.02205106922012017,0.02152044768202359,0.0
5.406801057055408,5.71194822654215,2.1598449493429825,324.698070312909,-0.17160196532225971,-0.34320393064451943,-0.025146231462500408,0.017805795837861155,0.0
5.446855222942142,5.779135032332109,2.1598449493429825,333.69841711340183,-0.012724440880086424,-0.025448881760172848,-0.02762216240947422,0.01365267248599623,0.0
5.469655974735803,5.829201912768079,2.1598449493429825,340.01537463751094,0.17618183395721335,0.3523636679144267,-0.01170027353197596,0.004254996096825696,0.0
5.479536225948149,5.859309811249948,2.1598449493429825,343.648942885236,0.1284159845177114,0.2568319690354228,-0.01194641463944148,0.003504935059256903,0.0
5.487488520616518,5.889983349104606,2.1598449493429825,347.28251113296136,0.24334731307513172,0.48669462615026343,-0.01214452565650892,0.0027407825680749046,0.0
5.493480886852828,5.921099204579004,2.1598449493429825,350.91607938068677,0.2312863095284662,0.4625726190569324,-0.012293810085623524,0.001965610868328676,0.0
5.497489232584211,5.952532277599493,2.1598449493429825,354.5496476284121,0.28688918612422537,0.5737783722484507,-0.012393667734606444,0.0011825365073621272,0.0
5.499497442414239,5.984156192731751,2.1598449493429825,358.18321587613735,0.28692562721490117,0.5738512544298023,-0.01244369712970588,0.00039470780485789116,0.0
5.499497442414238,6.015843807268249,2.1598449493429825,1.8167841238626472,0.28687609109949824,0.5737521821989965,-0.01244369712970588,-0.00039470780485789116,0.0
5.497489232584212,6.047467722400507,2.1598449493429825,5.450352371587895,0.28658697503973546,0.5731739500794709,-0.012393667734606444,-0.0011825365073621272,0.0
5.493480886852829,6.078900795420996,2.1598449493429825,9.083920619313208,0.23081897282723127,0.46163794565446253,-0.012293810085623176,-0.001965610868328676,0.0
5.487488520616517,6.1100166508953935,2.1598449493429825,12.71748886703855,0.24272937378635281,0.48545874757270563,-0.012144525656509269,-0.0027407825680749046,0.0
5.479536225948149,6.140690188750051,2.1598449493429825,16.351057114763865,0.12766611725147195,0.2553322345029439,-0.011946414639441131,-0.003504935059256903,0.0
5.469655974735803,6.170798087231921,2.1598449493429825,19.984625362489062,0.1753481324534244,0.3506962649068488,-0.011700273531976309,-0.004254996096825696,0.0
5.446855222942142,6.220864967667891,2.5525440310417067,26.30158288659817,-0.013780242480479052,-0.027560484960958104,-0.02762216240947422,-0.01365267248599623,0.0
5.406801057055409,6.28805177345785,2.5525440310417067,35.30192968709095,-0.17303532572648225,-0.3460706514529645,-0.025146231462500408,-0.017805795837861155,0.0
5.356729328660006,6.348145243091718,2.5525440310417067,44.30227648758373,-0.4820346205242378,-0.9640692410484756,-0.022051069220119825,-0.02152044768202359,0.0
5.297873064712032,6.399665562104957,2.5525440310417067,53.30262328807647,-0.6901687075101607,-1.3803374150203214,-0.018412894710529027,-0.02470515392715077,0.0
5.231681613223001,6.441344031689563,2.5525440310417067,62.30297008856932,-1.015553792015496,-2.031107584030992,-0.014321298754436562,-0.027281490504945424,0.0
5.159784952756958,6.472154310671911,2.5525440310417067,71.30331688906215,-1.183153034799885,-2.36630606959977,-0.009877037772062301,-0.02918601457949462,0.0
5.083953553861832,6.491337689382342,2.5525440310417067,80.30366368955487,-1.3926220993067855,-2.785244198613571,-0.005189552634868237,-0.030371826840596472,0.0
5.006054780855823,6.498421773042066,2.5525440310417067,89.30401049004773,-1.3967278186117085,-2.793455637223417,-0.00037427366083383877,-0.030809726409237195,0.0
4.928006907584102,6.493232114585015,2.5525440310417067,98.30435729054048,-1.4190461826088459,-2.8380923652176917,0.004450221881662248,-0.030488929915449898,0.0
4.851731879517574,6.4758965104539215,2.5525440310417067,107.30470409103327,-1.2249106517838564,-2.4498213035677128,0.009165129764284656,-0.029417337041089727,0.0
4.779107985437095,6.446841853585753,2.5525440310417067,116.30505089152608,-1.073625969282748,-2.147251938565496,0.01365434437811737,-0.027621335988489017,0.0
4.711923604172947,6.406783621082395,2.5525440310417067,125.30539769201884,-0.7419840499642953,-1.4839680999285907,0.017807317858968358,-0.02514515366536706,0.0
4.653668364753396,6.358781740500984,2.5525440310417067,133.98844016790989,-0.4677872912933786,-0.9355745825867572,0.019893270989295195,-0.020608404383027114,0.0
4.60515383226053,6.3045758406554215,2.5525440310417067,142.35417831919895,-0.20637338157649282,-0.41274676315298564,0.02267994319471567,-0.01749482033495547,0.0
4.565042012285094,6.243888269116212,2.5525440310417067,150.71991647048807,0.05300987848128927,0.10601975696257854,0.024983964033230686,-0.014008929404281393,0.0
4.534186523576217,6.178010516744074,2.5525440310417067,159.0856546217771,0.2870266326947631,0.5740532653895262,0.026756301688599,-0.010224914758401479,0.0
4.513244001103132,6.1083445265226395,2.5525440310417067,167.45139277306635,0.4172794537571267,0.8345589075142534,0.027959239082579367,-0.006223303928868596,0.0
4.502660122220996,6.0363728588409975,2.5525440310417067,175.81713092435544,0.512249971417869,1.024499942835738,0.028567176531234077,-0.002089255106782727,0.0
4.502660122220996,5.963627141159002,2.5525440310417067,184.18286907564467,0.5122107777123204,1.0244215554246408,0.028567176531234077,0.002089255106782727,0.0
4.513244001103132,5.8916554734773605,2.5525440310417067,192.54860722693365,0.41698065734814627,0.8339613146962925,0.02795923908257902,0.006223303928868596,0.0
4.534186523576217,5.821989483255927,2.5525440310417067,200.91434537822278,0.28658024037862007,0.5731604807572401,0.02675630168859935,0.010224914758401479,0.0
4.565042012285094,5.756111730883788,2.5525440310417067,209.28008352951193,0.0523762179371742,0.1047524358743484,0.024983964033230686,0.014008929404281393,0.0
4.60515383226053,5.695424159344578,2.5525440310417067,217.64582168080113,-0.20706239355638312,-0.41412478711276623,0.02267994319471567,0.01749482033495547,0.0
4.653668364753396,5.6412182594990155,2.5525440310417067,226.01155983209023,-0.4685610726700113,-0.9371221453400226,0.019893270989295195,0.020608404383027114,0.0
4.711923604172947,5.593216378917605,2.5525440310417067,234.69460230798114,-0.742680616281526,-1.485361232563052,0.017807317858968358,0.025145153665366713,0.0
4.779107985437095,5.553158146414248,2.5525440310417067,243.69494910847385,-1.0743340550502796,-2.148668110100559,0.01365434437811737,0.027621335988489364,0.0
4.851731879517574,5.524103489546079,2.5525440310417067,252.69529590896673,-1.2253769755811375,-2.450753951162275,0.009165129764284656,0.029417337041089727,0.0
4.928006907584102,5.506767885414984,2.5525440310417067,261.69564270945955,-1.4193004993951746,-2.838600998790349,0.004450221881662248,0.030488929915449898,0.0
5.006054780855823,5.501578226957933,2.5525440310417067,270.69598950995226,-1.3965831309892756,-2.793166261978551,-0.00037427366083383877,0.030809726409237195,0.0
5.083953553861832,5.508662310617657,2.5525440310417067,279.6963363104451,-1.3921213426179844,-2.7842426852359687,-0.005189552634868237,0.030371826840596125,0.0
5.159784952756958,5.527845689328089,2.5525440310417067,288.69668311093784,-1.1821887218745442,-2.3643774437490883,-0.009877037772062301,0.02918601457949497,0.0
5.231681613223001,5.558655968310437,2.5525440310417067,297.69702991143066,-1.0142779405178344,-2.0285558810356688,-0.014321298754436562,0.027281490504945424,0.0
5.297873064712032,5.600334437895042,2.5525440310417067,306.6973767119235,-0.6886008438152496,-1.377201687630499,-0.01841289471052868,0.02470515392715077,0.0
5.3567293286600055,5.651854756908282,2.5525440310417067,315.6977235124162,-0.4805150459082884,-0.9610300918165768,-0.02205106922012017,0.02152044768202359,0.0
5.406801057055408,5.71194822654215,2.5525440310417067,324.698070312909,-0.17160196532226105,-0.3432039306445221,-0.025146231462500408,0.017805795837861155,0.0
5.446855222942142,5.779135032332109,2.5525440310417067,333.69841711340183,-0.012724440880085253,-0.025448881760170506,-0.02762216240947422,0.01365267248599623,0.0
5.469655974735803,5.829201912768079,2.5525440310417067,340.01537463751094,0.1761818339572134,0.3523636679144268,-0.01170027353197596,0.004254996096825696,0.0
5.479536225948149,5.859309811249948,2.5525440310417067,343.648942885236,0.1284159845177098,0.2568319690354196,-0.01194641463944148,0.003504935059256903,0.0
5.487488520616518,5.889983349104606,2.5525440310417067,347.28251113296136,0.24334731307512972,0.48669462615025944,-0.01214452565650892,0.0027407825680749046,0.0
5.493480886852828,5.921099204579004,2.5525440310417067,350.91607938068677,0.23128630952846485,0.4625726190569297,-0.012293810085623524,0.001965610868328676,0.0
5.497489232584211,5.952532277599493,2.5525440310417067,354.5496476284121,0.2868891861242242,0.5737783722484484,-0.012393667734606444,0.0011825365073621272,0.0
5.499497442414239,5.984156192731751,2.5525440310417067,358.18321587613735,0.28692562721489967,0.5738512544297993,-0.01244369712970588,0.00039470780485789116,0.0
5.499497442414238,6.015843807268249,2.5525440310417067,1.8167841238626472,0.28687609109949636,0.5737521821989927,-0.01244369712970588,-0.00039470780485789116,0.0
5.497489232584212,6.047467722400507,2.5525440310417067,5.450352371587895,0.28658697503973285,0.5731739500794657,-0.012393667734606444,-0.0011825365073621272,0.0
5.493480886852829,6.078900795420996,2.5525440310417067,9.083920619313208,0.23081897282722744,0.4616379456544549,-0.012293810085623176,-0.001965610868328676,0.0
5.487488520616517,6.1100166508953935,2.5525440310417067,12.71748886703855,0.2427293737863474,0.4854587475726948,-0.012144525656509269,-0.0027407825680749046,0.0
5.479536225948149,6.140690188750051,2.5525440310417067,16.351057114763865,0.12766611725146612,0.25533223450293224,-0.011946414639441131,-0.003504935059256903,0.0
5.469655974735803,6.170798087231921,2.5525440310417067,19.984625362489062,0.17534813245341727,0.35069626490683453,-0.011700273531976309,-0.004254996096825696,0.0
5.446855222942142,6.220864967667891,2.945243112740431,26.30158288659817,-0.013460530585370686,-0.026921061170741372,-0.02762216240947422,-0.01365267248599623,0.0
5.406801057055409,6.28805177345785,2.945243112740431,35.30192968709095,-0.1725842094248616,-0.3451684188497232,-0.025146231462500408,-0.017805795837861155,0.0
5.356729328660006,6.348145243091718,2.945243112740431,44.30227648758373,-0.48151749909324876,-0.9630349981864975,-0.022051069220119825,-0.02152044768202359,0.0
5.297873064712032,6.399665562104957,2.945243112740431,53.30262328807647,-0.6896124054531744,-1.3792248109063487,-0.018412894710529027,-0.02470515392715077,0.0
5.231681613223001,6.441344031689563,2.945243112740431,62.30297008856932,-1.0150504578567436,-2.0301009157134873,-0.014321298754436562,-0.027281490504945424,0.0
5.159784952756958,6.472154310671911,2.945243112740431,71.30331688906215,-1.182730037151905,-2.36546007430381,-0.009877037772062301,-0.02918601457949462,0.0
5.083953553861832,6.491337689382342,2.945243112740431,80.30366368955487,-1.3923284101698894,-2.784656820339779,-0.005189552634868237,-0.030371826840596472,0.0
5.006054780855823,6.498421773042066,2.945243112740431,89.30401049004773,-1.3965509789623554,-2.7931019579247107,-0.00037427366083383877,-0.030809726409237195,0.0
4.928006907584102,6.493232114585015,2.945243112740431,98.30435729054048,-1.4189993973147743,-2.8379987946295486,0.004450221881662248,-0.030488929915449898,0.0
4.851731879517574,6.4758965104539215,2.945243112740431,107.30470409103327,-1.2249525293184034,-2.4499050586368067,0.009165129764284656,-0.029417337041089727,0.0
4.779107985437095,6.446841853585753,2.945243112740431,116.30505089152608,-1.073762412000792,-2.147524824001584,0.01365434437811737,-0.027621335988489017,0.0
4.711923604172947,6.406783621082395,2.945243112740431,125.30539769201884,-0.7421477784747913,-1.4842955569495826,0.017807317858968358,-0.02514515366536706,0.0
4.653668364753396,6.358781740500984,2.945243112740431,133.98844016790989,-0.46800368407353626,-0.9360073681470725,0.019893270989295195,-0.020608404383027114,0.0
4.60515383226053,6.3045758406554215,2.945243112740431,142.35417831919895,-0.20658653419153297,-0.41317306838306594,0.02267994319471567,-0.01749482033495547,0.0
4.565042012285094,6.243888269116212,2.945243112740431,150.71991647048807,0.052796227806813104,0.10559245561362621,0.024983964033230686,-0.014008929404281393,0.0
4.534186523576217,6.178010516744074,2.945243112740431,159.0856546217771,0.2868499839735517,0.5736999679471034,0.026756301688599,-0.010224914758401479,0.0
4.513244001103132,6.1083445265226395,2.945243112740431,167.45139277306635,0.417138328369312,0.834276656738624,0.027959239082579367,-0.006223303928868596,0.0
4.502660122220996,6.0363728588409975,2.945243112740431,175.81713092435544,0.5121769457210977,1.0243538914421955,0.028567176531234077,-0.002089255106782727,0.0
4.502660122220996,5.963627141159002,2.945243112740431,184.18286907564467,0.5121607236860913,1.0243214473721827,0.028567176531234077,0.002089255106782727,0.0
4.513244001103132,5.8916554734773605,2.945243112740431,192.54860722693365,0.41701457362053856,0.8340291472410771,0.02795923908257902,0.006223303928868596,0.0
4.534186523576217,5.821989483255927,2.945243112740431,200.91434537822278,0.28666511253777827,0.5733302250755565,0.02675630168859935,0.010224914758401479,0.0
4.565042012285094,5.756111730883788,2.945243112740431,209.28008352951193,0.05253378474304107,0.10506756948608215,0.024983964033230686,0.014008929404281393,0.0
4.60515383226053,5.695424159344578,2.945243112740431,217.64582168080113,-0.20687188527727735,-0.4137437705545547,0.02267994319471567,0.01749482033495547,0.0
4.653668364753396,5.6412182594990155,2.945243112740431,226.01155983209023,-0.468324133468215,-0.93664826693643,0.019893270989295195,0.020608404383027114,0.0
4.711923604172947,5.593216378917605,2.945243112740431,234.69460230798114,-0.742436236201123,-1.484872472402246,0.017807317858968358,0.025145153665366713,0.0
4.779107985437095,5.553158146414248,2.945243112740431,243.69494910847385,-1.0740556165851574,-2.1481112331703147,0.01365434437811737,0.027621335988489364,0.0
4.851731879517574,5.524103489546079,2.945243112740431,252.69529590896673,-1.2251455888360858,-2.4502911776721716,0.009165129764284656,0.029417337041089727,0.0
4.928006907584102,5.506767885414984,2.945243112740431,261.69564270945955,-1.4191046162357668,-2.8382092324715336,0.004450221881662248,0.030488929915449898,0.0
5.006054780855823,5.501578226957933,2.945243112740431,270.69598950995226,-1.396490928218836,-2.792981856437672,-0.00037427366083383877,0.030809726409237195,0.0
5.083953553861832,5.508662310617657,2.945243112740431,279.6963363104451,-1.39212085966753,-2.78424171933506,-0.005189552634868237,0.030371826840596125,0.0
5.159784952756958,5.527845689328089,2.945243112740431,288.69668311093784,-1.1823304975414966,-2.364660995082993,-0.009877037772062301,0.02918601457949497,0.0
5.231681613223001,5.558655968310437,2.945243112740431,297.69702991143066,-1.0145218880112308,-2.0290437760224616,-0.014321298754436562,0.027281490504945424,0.0
5.297873064712032,5.600334437895042,2.945243112740431,306.6973767119235,-0.6889629244330164,-1.3779258488660329,-0.01841289471052868,0.02470515392715077,0.0
5.3567293286600055,5.651854756908282,2.945243112740431,315.6977235124162,-0.48088803131014124,-0.9617760626202825,-0.02205106922012017,0.02152044768202359,0.0
5.406801057055408,5.71194822654215,2.945243112740431,324.698070312909,-0.17199048155976196,-0.3439809631195239,-0.025146231462500408,0.017805795837861155,0.0
5.446855222942142,5.779135032332109,2.945243112740431,333.69841711340183,-0.013023174812469705,-0.02604634962493941,-0.02762216240947422,0.01365267248599623,0.0
5.469655974735803,5.829201912768079,2.945243112740431,340.01537463751094,0.17592352063091699,0.35184704126183397,-0.01170027353197596,0.004254996096825696,0.0
5.479536225948149,5.859309811249948,2.945243112740431,343.648942885236,0.12818908016903025,0.2563781603380605,-0.01194641463944148,0.003504935059256903,0.0
5.487488520616518,5.889983349104606,2.945243112740431,347.28251113296136,0.2431436487694117,0.4862872975388234,-0.01214452565650892,0.0027407825680749046,0.0
5.493480886852828,5.921099204579004,2.945243112740431,350.91607938068677,0.23113163009381463,0.46226326018762925,-0.012293810085623524,0.001965610868328676,0.0
5.497489232584211,5.952532277599493,2.945243112740431,354.5496476284121,0.28677246445599897,0.5735449289119979,-0.012393667734606444,0.0011825365073621272,0.0
5.499497442414239,5.984156192731751,2.945243112740431,358.18321587613735,0.2868888308269292,0.5737776616538584,-0.01244369712970588,0.00039470780485789116,0.0
5.499497442414238,6.015843807268249,2.945243112740431,1.8167841238626472,0.2868682961151106,0.5737365922302212,-0.01244369712970588,-0.00039470780485789116,0.0
5.497489232584212,6.047467722400507,2.945243112740431,5.450352371587895,0.2866472724848827,0.5732945449697654,-0.012393667734606444,-0.0011825365073621272,0.0
5.493480886852829,6.078900795420996,2.945243112740431,9.083920619313208,0.23093802171168706,0.4618760434233741,-0.012293810085623176,-0.001965610868328676,0.0
5.487488520616517,6.1100166508953935,2.945243112740431,12.71748886703855,0.24288767872364614,0.4857753574472923,-0.012144525656509269,-0.0027407825680749046,0.0
5.479536225948149,6.140690188750051,2.945243112740431,16.351057114763865,0.12787844291856412,0.25575688583712824,-0.011946414639441131,-0.003504935059256903,0.0
5.469655974735803,6.170798087231921,2.945243112740431,19.984625362489062,0.17557816601167472,0.35115633202334945,-0.011700273531976309,-0.004254996096825696,0.0
