element,x,y,p,cp
slat,0.08282034563873442,0.0020357807375347486,7.13313710982044,14.26627421964088
slat,0.08337245661016196,0.0024551055259607263,6.831120377856756,13.662240755713512
slat,0.08474800635729267,0.0035005397778894148,5.3162915956243,10.6325831912486
slat,0.04806551497605944,-0.02514304319621033,8.938337615511157,17.876675231022315
slat,0.07815474071339479,-0.0015017582863922525,7.943160230426174,15.886320460852348
slat,0.042035871180134715,-0.03017864058192538,8.956665205020055,17.91333041004011
slat,0.058670115544534336,-0.01656004032095612,8.543182942529599,17.086365885059198
slat,0.06136201624513561,-0.01443587249566492,8.374295311777935,16.74859062355587
slat,0.03984839353384585,-0.03204093596581722,8.93021352274053,17.86042704548106
slat,0.08512663197507729,0.003788722794248837,4.484141918611421,8.968283837222842
slat,0.07912658757598204,-0.0007662954957117872,7.873930082411221,15.747860164822441
slat,0.08001086955628035,-9.660914243147534e-05,7.796525203544345,15.59305040708869
slat,0.053345307385624714,-0.02082584783772322,8.657514033692589,17.315028067385178
slat,0.08081580870896474,0.0005134673144549476,7.687937788976539,15.375875577953078
slat,0.08547154716869435,0.0040510063383819486,3.402653073366385,6.80530614673277
slat,0.04614196528483855,-0.026735860738128572,8.977957411848553,17.955914823697107
slat,0.06381958838749885,-0.012511500598976684,8.316813597641776,16.63362719528355
slat,0.06606133159464284,-0.010766780596937614,8.198390316650006,16.39678063330001
slat,0.0815479826777752,0.0010688671077524932,7.550182114914573,15.100364229829147
slat,0.05166430830731704,-0.02219276442744516,8.77694915992393,17.55389831984786
slat,0.08221396910645176,0.0015749345729999236,7.369032629872864,14.738065259745728
slat,0.06810574548958634,-0.009183212866528918,8.270426867833862,16.540853735667724
slat,0.06996927418167945,-0.007744353298400563,8.273437075853929,16.546874151707858
slat,0.0843319703907367,0.0031839906729011764,5.9540834199560635,11.908166839912127
slat,0.04413372843046511,-0.028410282172696227,8.886930472368434,17.773860944736867
slat,0.07166753957480465,-0.0064378688105400156,8.246287923097304,16.492575846194608
slat,0.07321616357284452,-0.00525224852640225,8.228500854102936,16.457001708205873
slat,0.07462830146327906,-0.004176392672175991,8.159545526740107,16.319091053480214
slat,0.07591505301991956,-0.0031987903713162104,8.089094050008304,16.17818810001661
slat,0.049904377504127476,-0.023631829546941804,8.856276362927632,17.712552725855264
slat,0.07708710691384354,-0.0023099862609466375,8.002180157036237,16.004360314072475
slat,0.08387482415080563,0.002836608862881616,6.4459016772955735,12.891803354591147
slat,0.05572456445720872,-0.018908670238875352,8.604950851337602,17.209901702675204
slat,0.029471954982606255,-0.09401220646237052,-1.288488318097699,-2.576976636195398
slat,0.03575339920295219,-0.03559718016413025,8.949558019909182,17.899116039818363
slat,0.028574517714824853,-0.04206485392286839,9.045685017337075,18.09137003467415
slat,0.03025428348493126,-0.04052897410957481,9.049699057553122,18.099398115106244
slat,0.037754236208118096,-0.033847115826552414,8.936022171401362,17.872044342802724
slat,0.0320088699525804,-0.038938828735426013,9.026298249719488,18.052596499438977
slat,0.03383827711777218,-0.03729441780042218,8.982681589560462,17.965363179120924
slat,0.002224065789592537,-0.08935400138623842,7.628131916440499,15.256263832880999
slat,0.002693134008802626,-0.08991885654241222,7.136786619476638,14.273573238953276
slat,0.0031881017002387234,-0.09044383473341219,6.69363775943591,13.38727551887182
slat,0.003702391220161129,-0.09093181367837459,6.2334854285099315,12.466970857019863
slat,0.025428965147530534,-0.044992316489907966,9.178227487355334,18.35645497471067
slat,0.026966078269025376,-0.0435526347163121,9.153987381621837,18.307974763243674
slat,0.023260192675629253,-0.047067974192614784,9.146562685269643,18.293125370539286
slat,0.020589258214449277,-0.04970314271595842,9.200500608024216,18.40100121604843
slat,0.018169507523591123,-0.052192780871554226,9.282258471998684,18.56451694399737
slat,0.01597298561715975,-0.05453771086486969,9.379111712972279,18.758223425944557
slat,0.013973381920195085,-0.05673752159317108,9.466905083836656,18.93381016767331
slat,0.012161241069820864,-0.05880701275487342,9.52274053785175,19.0454810757035
slat,0.010529985422297062,-0.06076057294565797,9.642109269601434,19.284218539202868
slat,0.009070981820214898,-0.06260930193933603,9.847662697897146,19.695325395794292
slat,0.007772719387029397,-0.06436018848238137,10.041077027154884,20.08215405430977
slat,0.006613820780585442,-0.06601076595839145,10.188041200464854,20.376082400929707
slat,0.00557578637786421,-0.06756103436736632,10.261845201772772,20.523690403545544
slat,0.004653271843327115,-0.06902044907218223,10.387292382105263,20.774584764210527
slat,0.00384134394416895,-0.07039682102478044,10.53939340079426,21.07878680158852
slat,0.003134247242117324,-0.07169508345796596,10.714868986589817,21.429737973179634
slat,0.0025249929906984983,-0.07291975850181008,10.878907505448312,21.757815010896625
slat,0.0020004259024323135,-0.07407207946451402,10.99839347862591,21.99678695725182
slat,0.0015486239980401291,-0.0751528685515453,11.086774901662597,22.173549803325194
slat,0.0011671206611192637,-0.07616747009844266,11.138601432231102,22.277202864462204
slat,0.0008513937615984204,-0.07711958402980987,11.16043634389982,22.32087268779964
slat,0.0005928101420690456,-0.0780104436538482,11.140852909348949,22.281705818697898
slat,0.0003872587751937486,-0.07884415999789515,11.080239328488535,22.16047865697707
slat,0.0002293953254339904,-0.07965485458885205,10.992422830138592,21.984845660277184
slat,0.00010812001897076492,-0.08050624835045028,10.866140221506694,21.732280443013387
slat,2.7543883154853668e-05,-0.08143369611779244,10.699877167302803,21.399754334605607
slat,6.988746456079973e-06,-0.0824417200209498,10.52077266201711,21.04154532403422
slat,5.138784170588123e-05,-0.08343001099288709,10.339759283518157,20.679518567036315
slat,0.00014470816228546595,-0.08430278209664038,10.153879480947936,20.30775896189587
slat,0.0002865386054248391,-0.08511553220126603,9.9406175740018,19.8812351480036
slat,0.000492912177767319,-0.08590649386100287,9.692756643781971,19.385513287563942
slat,0.0007560179273678135,-0.08666580061024089,9.403301213293846,18.80660242658769
slat,0.001061467258544503,-0.08739345244898009,9.05229553832032,18.10459107664064
slat,0.001407204657629317,-0.08808698276081794,8.629194352577997,17.258388705155994
slat,0.0017940523300890672,-0.08874269162115073,8.144411682120449,16.288823364240898
slat,0.03534743525337494,-0.06640994671286364,-14.503167799304682,-29.006335598609365
slat,0.035816914575318534,-0.06426892367548864,-14.41574343970414,-28.83148687940828
slat,0.036376836498687344,-0.06214064482285994,-14.153684268685144,-28.307368537370287
slat,0.03700952360593007,-0.060022643538575,-13.807670637920303,-27.615341275840606
slat,0.03770428722596918,-0.05791450871990008,-13.622222964188744,-27.244445928377488
slat,0.03846811610527847,-0.0558211735996402,-13.214682979620946,-26.429365959241892
slat,0.03930183244932542,-0.05374428258873036,-13.02910698972796,-26.05821397945592
slat,0.040201325230772515,-0.051684657892638056,-12.752938438422909,-25.505876876845818
slat,0.00423641367130362,-0.09137827124722814,5.77391642869491,11.54783285738982
slat,0.0047864691290624185,-0.09178361854270657,5.364009111047054,10.728018222094107
slat,0.005346802155164948,-0.09215484431128368,5.00481617724539,10.00963235449078
slat,0.005910424003137561,-0.09249893729943323,4.681856009877702,9.363712019755404
slat,0.00647363474837632,-0.092819597431759,4.3480392436495805,8.696078487299161
slat,0.007038489904550142,-0.09311271368092341,3.987280173167232,7.974560346334464
slat,0.0076058116771264865,-0.09337581943052403,3.6515660230983045,7.303132046196609
slat,0.008173544552436572,-0.09361097019422959,3.3387396220580072,6.6774792441160145
slat,0.008738810811344172,-0.09382186589664383,3.068161114848837,6.136322229697674
slat,0.00929996604291419,-0.09401302866783803,2.815733319479752,5.631466638959504
slat,0.009855776938945569,-0.09418692512421468,2.5837967911882656,5.167593582376531
slat,0.010405010191236859,-0.09434561077944256,2.358895053330804,4.717790106661608
slat,0.010948076902521765,-0.09448949673625538,2.1360325551075094,4.272065110215019
slat,0.01148497707280049,-0.09461652748098442,1.9109208830214819,3.8218417660429638
slat,0.01201571070207296,-0.09472505860269467,1.6996496760082263,3.3992993520164525
slat,0.012540277790339205,-0.09481673451232114,1.5085467661546965,3.017093532309393
slat,0.013057445029397945,-0.09489402182626633,1.335914633648135,2.67182926729627
slat,0.0135668013165154,-0.09495856495546523,1.1764604369657903,2.3529208739315806
slat,0.014068757754425312,-0.09501159720811911,1.031518163168493,2.063036326336986
slat,0.01456249213766019,-0.09505517409789671,0.900614087599091,1.801228175198182
slat,0.01504759336348635,-0.09509011783026552,0.7771510276204956,1.5543020552409912
slat,0.015524883637371211,-0.0951172506106931,0.6653605089484995,1.330721017896999
slat,0.015994362959314796,-0.09513780574738065,0.560876633774697,1.121753267549394
slat,0.01645520912384962,-0.09515260544579568,0.4646976739906139,0.9293953479812278
slat,0.01690824433644319,-0.09516288301413946,0.3741177557881693,0.7482355115763386
slat,0.017353468597095495,-0.09516781624694447,0.28652722238431916,0.5730544447686383
slat,0.017806503809689036,-0.09516822734967822,0.2085555772781429,0.4171111545562858
slat,0.01828420518630763,-0.09516699404147697,0.13448518223622946,0.2689703644724589
slat,0.018787806035152566,-0.0951641163223407,0.05868661485186755,0.1173732297037351
slat,0.01931936186989256,-0.09515671647313319,-0.023324220160443276,-0.04664844032088655
slat,0.01988010599872889,-0.09514397228838692,-0.10512677263775017,-0.21025354527550033
slat,0.020470860627129016,-0.09512341715169936,-0.1970720536091021,-0.3941441072182042
slat,0.021093681268761662,-0.09509299554940179,-0.28836859034332984,-0.5767371806866597
slat,0.02175021233456197,-0.09505229637876045,-0.385474521111763,-0.770949042223526
slat,0.0224416871327311,-0.09499926412610657,-0.4841168502784787,-0.9682337005569575
slat,0.02317016117693777,-0.09493307658597266,-0.5851332714946923,-1.1702665429893846
slat,0.02393727887811705,-0.09485250045015747,-0.6869675440179217,-1.3739350880358434
slat,0.024745095749937697,-0.09475630241045976,-0.7896936844860138,-1.5793873689720277
slat,0.025595667306068465,-0.094643660261412,-0.8903553117799862,-1.7807106235599723
slat,0.02649146016291179,-0.09451416290028045,-0.989153876974158,-1.978307753948316
slat,0.02743452983413647,-0.09436657701886385,-1.0887581852687411,-2.1775163705374823
slat,0.028426931833411308,-0.09419966930896095,-1.1880841548125063,-2.3761683096250126
slat,0.030572477000857558,-0.09380501068456004,-1.3850364260830559,-2.7700728521661118
slat,0.03173137560730151,-0.09357890418099701,-1.4855953542791913,-2.9711907085583826
slat,0.03295193962380811,-0.09333183143801269,-1.594250710378689,-3.188501420757378
slat,0.03423663566677984,-0.0930584481200683,-1.724911513536203,-3.449823027072406
slat,0.03558793035261926,-0.09275340989162509,-1.865470476909895,-3.73094095381979
slat,0.03700911250319633,-0.09241507234174805,-2.008130215328756,-4.016260430657512
slat,0.03850429314584857,-0.09204343547043718,-2.1520725154701084,-4.304145030940217
slat,0.04007799441064726,-0.09163808817495875,-2.297576800217487,-4.595153600434974
slat,0.041734327324929835,-0.09119779714711146,-2.4458263020961946,-4.891652604192389
slat,0.04347781401876762,-0.09072091797596035,-2.6011142572503982,-5.2022285145007965
slat,0.04532613190971195,-0.09022389477085543,-2.7232941385303553,-5.446588277060711
slat,0.04724474836812768,-0.08965739520374662,-3.417451950379851,-6.834903900759702
slat,0.047206515813888836,-0.08922491512784061,-5.2254380190270515,-10.450876038054103
slat,0.04518224595289912,-0.08892111020759866,-5.781495623583035,-11.56299124716607
slat,0.04318099784499946,-0.0883817434209174,-6.93084382326467,-13.86168764652934
slat,0.04127964770140127,-0.08753816061126042,-8.40582545842386,-16.81165091684772
slat,0.039542327548569706,-0.08638953957316026,-10.215065634781128,-20.430131269562256
slat,0.03807222417267628,-0.08490751421798805,-12.140588213454215,-24.28117642690843
slat,0.03690140358695357,-0.08315827208587771,-13.528427581617466,-27.056855163234932
slat,0.03597066699774139,-0.08125692194227951,-14.43288722820844,-28.86577445641688
slat,0.035266448014826,-0.07925238501250985,-15.05930526781536,-30.11861053563072
slat,0.034829034706114995,-0.07716562753598999,-15.28568128462311,-30.57136256924622
slat,0.03463088318844702,-0.0750303599368875,-15.278628309018938,-30.557256618037876
slat,0.03459141732600693,-0.07287577050929872,-15.138786774107542,-30.277573548215084
slat,0.034699126242249675,-0.07071542564343744,-15.013389129933897,-30.026778259867793
slat,0.03496593191645404,-0.06855919180491366,-14.766188850864701,-29.532377701729402
slat,0.04116248342228226,-0.04964312171683079,-12.564879052656714,-25.129758105313428
slat,0.04218078489378339,-0.04761885185584107,-12.27977999893777,-24.55955999787554
slat,0.04325294082340589,-0.04561143720693513,-12.126703998692975,-24.25340799738595
slat,0.044375251286546,-0.04362087777011299,-11.811464290171475,-23.62292858034295
slat,0.04554442746133372,-0.041646351339907135,-11.657791528359434,-23.315583056718868
slat,0.0467575916286328,-0.03968744681358381,-11.36981781268187,-22.73963562536374
slat,0.04801145496657323,-0.03774293088294178,-11.196496380691801,-22.392992761383603
slat,0.049303961961486245,-0.03581198134251353,-10.963645306594257,-21.927290613188514
slat,0.050632234894235593,-0.03389377598683155,-10.946997050120473,-21.893994100240945
slat,0.051992984942951265,-0.03198667040496086,-10.840745751823786,-21.68149150364757
slat,0.05338703431310076,-0.030091486802368936,-10.676099259724362,-21.352198519448724
slat,0.054792183457061536,-0.02825879081530716,-10.383348523097288,-20.766697046194576
slat,0.056184588416276035,-0.026535448155423143,-10.109878296774696,-20.21975659354939
slat,0.05755849375247175,-0.024913236768041858,-9.841376927954277,-19.682753855908555
slat,0.058906499616441135,-0.02338270129028704,-9.544773510749327,-19.089547021498653
slat,0.060224083878112955,-0.02193644187295117,-9.32796683957153,-18.65593367914306
slat,0.06150672440741596,-0.020566647564092967,-9.169640564192413,-18.339281128384826
slat,0.06275236569068136,-0.019266329617238682,-9.034300634513162,-18.068601269026324
slat,0.06395895221424042,-0.018029732594115798,-8.869436806686505,-17.73887361337301
slat,0.06512525066989189,-0.0168519232619193,-8.768553569345816,-17.53710713869163
slat,0.0662500277494345,-0.015728379490577933,-8.682984239434703,-17.365968478869405
slat,0.06733369455560204,-0.014654990252754185,-8.557259299207363,-17.114518598414726
slat,0.06837707329386199,-0.01362846672657804,-8.43458663430896,-16.86917326861792
slat,0.06937934175874683,-0.012645108987445745,-8.313447842830882,-16.626895685661765
slat,0.07034132215572406,-0.011702450418954794,-8.181500826796338,-16.363001653592676
slat,0.0712638366902612,-0.010798024404702684,-8.075284564449557,-16.150569128899114
slat,0.07214811867055952,-0.009929364328286908,-7.977205701341573,-15.954411402683146
slat,0.072995812507554,-0.009094825778772462,-7.8868298286390415,-15.773659657278083
slat,0.07380691820124463,-0.00829235324249059,-7.81981452773558,-15.63962905547116
slat,0.07458266905983268,-0.0075203023085062895,-7.7546112050163885,-15.509222410032777
slat,0.07532470949425318,-0.006777028565884557,-7.6924263852356445,-15.384852770471289
slat,0.07603345060723984,-0.006061298706424136,-7.63075689167042,-15.26151378334084
slat,0.07671053680972767,-0.0053718794219237784,-7.56488638200152,-15.12977276400304
slat,0.07735720140991792,-0.004707537404182231,-7.498002186063241,-14.996004372126482
slat,0.07797508881874561,-0.004067450447731987,-7.422992377949673,-14.845984755899346
slat,0.07856502124167825,-0.003450796347105548,-7.3452501298169945,-14.690500259633989
slat,0.0791278208841833,-0.002856341794101662,-7.256015203988083,-14.512030407976166
slat,0.07966513215719581,-0.0022832645832528255,-7.155752819365617,-14.311505638731234
slat,0.0801773661634495,-0.0017307425090915371,-7.048188682631627,-14.096377365263255
slat,0.08066575621114565,-0.0011975422634165431,-6.92849451227654,-13.85698902455308
slat,0.08113194671121923,-0.0006836638462278446,-6.7883717649110755,-13.576743529822151
slat,0.08157799317733902,-0.000189929462992943,-6.621342257076899,-13.242684514153797
slat,0.08200512891770628,0.0002840719890219126,-6.434543680967662,-12.869087361935325
slat,0.08241540944598973,0.000738751612550473,-6.209628075846168,-12.419256151692336
slat,0.08281006807039065,0.0011741094075927382,-5.9530437665017875,-11.906087533003575
slat,0.08318910479090902,0.0015909675796162105,-5.657065736530383,-11.314131473060765
slat,0.08355416401847987,0.0019897372313546404,-5.307494616787139,-10.614989233574278
slat,0.0839060679585707,0.0023708294655417793,-4.89645983044448,-9.79291966088896
slat,0.084245638816649,0.0027346553849113787,-4.401800375694419,-8.803600751388839
slat,0.08457369879818226,0.0030816260921971875,-3.7982632511580476,-7.596526502316095
slat,0.08489024790317048,0.003412563792866709,-3.037345699295542,-6.074691398591084
slat,0.08519569723434747,0.0037278795896536947,-2.064288898930785,-4.12857779786157
slat,0.08549086899718066,0.004028806790759397,-0.7348060406891435,-1.469612081378287
main,0.21375629226992648,0.0409591246033202,2.2944518564150647,4.588903712830129
main,0.21733480453298315,0.04129485850255006,2.2363065744908197,4.472613148981639
main,0.5135587848131926,0.04995453203764754,-0.44146263748426157,-0.8829252749685231
main,0.5174101322571982,0.04984641201867154,-0.4697394337843278,-0.9394788675686556
main,0.5212614797012001,0.04973829199969566,-0.4971759587118568,-0.9943519174237136
main,0.5251128271452272,0.04963017198071905,-0.5237179682701079,-1.0474359365402157
main,0.5289641745892835,0.04952205196174163,-0.5501042333485687,-1.1002084666971375
main,0.48448275112768163,0.050574797969434426,-0.19849650720079828,-0.39699301440159657
main,0.4880672145922082,0.05050432321507732,-0.23028486439513438,-0.46056972879026875
main,0.49165167805672927,0.05043384846072032,-0.25963623310803535,-0.5192724662160707
main,0.49523614152126116,0.05036337370636311,-0.28804860178666947,-0.5760972035733389
main,0.4988206049858249,0.05029289895200527,-0.3163119927070948,-0.6326239854141896
main,0.5024050684503808,0.050222424197647574,-0.3445685933755874,-0.6891371867511747
main,0.5059895319149081,0.05015194944329045,-0.37444706224807794,-0.7488941244961559
main,0.4573957792904507,0.05084365915730754,0.024459567537311364,0.04891913507462273
main,0.4612872777681273,0.05080771703258541,-0.007499618365987434,-0.014999236731974869
main,0.4651787762458045,0.05077177490786326,-0.038150802387600595,-0.07630160477520119
main,0.46907027472349105,0.05073583278314103,-0.06771070084838347,-0.13542140169676695
main,0.7883519795829936,0.02552783535499954,-1.8962205710237754,-3.792441142047551
main,0.7873867103641463,0.025707076146914955,-1.9496804174474625,-3.899360834894925
main,0.7863388094958152,0.025900294431777906,-2.181127951814205,-4.36225590362841
main,0.7852008771287927,0.026108723517789645,-2.341211138325865,-4.68242227665173
main,0.7839651023111373,0.02633277450768392,-2.4492846185973356,-4.898569237194671
main,0.7826232629881741,0.026574091812395728,-2.5253869364136468,-5.0507738728272935
main,0.7811663148997607,0.026833497637392588,-2.572847039327919,-5.145694078655838
main,0.7795843915802871,0.027111814188141986,-2.6053498964057447,-5.210699792811489
main,0.7778663932559418,0.027410685875578933,-2.6230147041084817,-5.246029408216963
main,0.77600080905018,0.02773011269970343,-2.629750390296796,-5.259500780593592
main,0.7739748947782551,0.02807132796871672,-2.6328336283510083,-5.265667256702017
main,0.7717742618444863,0.02843556499082007,-2.6256375554014046,-5.251275110802809
main,0.769384521653192,0.028822823766013472,-2.607031278326291,-5.214062556652582
main,0.7667892300950221,0.02923351539703068,-2.5915829406603805,-5.183165881320761
main,0.763969887546958,0.029668462089339195,-2.5750812460022345,-5.150162492004469
main,0.7609067610777798,0.030129308253874026,-2.5602853042596068,-5.1205706085192135
main,0.7575797066535331,0.030618520507037665,-2.539403783788641,-5.078807567577282
main,0.7539669358293297,0.031138976567966374,-2.525991911539405,-5.05198382307881
main,0.749023219904597,0.031838467869445136,-2.541277456401999,-5.082554912803998
main,0.7510651671831379,0.03155110705855321,-2.5463043063602804,-5.092608612720561
main,0.744675397392468,0.03244217223395546,-2.4996828832654043,-4.999365766530809
main,0.7468932966410544,0.032135489594577245,-2.5187486931356755,-5.037497386271351
main,0.7399540880466837,0.03308452025544424,-2.4441962562370856,-4.888392512474171
main,0.7423623278609969,0.032758515787579726,-2.469555931044916,-4.939111862089832
main,0.7348268147513419,0.03376489527980203,-2.3747790126411727,-4.7495580252823455
main,0.7374422503434656,0.03341998008618498,-2.406829495495516,-4.813658990991032
main,0.7292586337740519,0.03448370840976557,-2.308406181024106,-4.616812362048212
main,0.7320989425615373,0.03411947138766222,-2.3379478451495945,-4.675895690299189
main,0.7232111070092191,0.035241165196700334,-2.227246104820963,-4.454492209641926
main,0.7262960219232864,0.034857606346110695,-2.2624576924892486,-4.524915384978497
main,0.7166429186320695,0.03603788229471096,-2.162606904229129,-4.325213808458258
main,0.7199934059121398,0.03563459051290127,-2.189846404039447,-4.379692808078894
main,0.709509052893289,0.03687283194695912,-2.096930663047654,-4.193861326095308
main,0.7131481342924526,0.03645062943939688,-2.126607890208579,-4.253215780417158
main,0.701761616324396,0.03774560305071119,-2.040271793628251,-4.080543587256502
main,0.705713546903944,0.0373044898173964,-2.061386628782782,-4.122773257565564
main,0.692631778296129,0.038730810752145725,-1.9724770709896853,-3.9449541419793706
main,0.6954933273915069,0.03842495031823692,-1.9984108622016628,-3.9968217244033255
main,0.6983548764869063,0.03811908988432583,-2.0190750236909016,-4.038150047381803
main,0.6834311620805487,0.039674428560347655,-1.8771989215207583,-3.7543978430415166
main,0.6865390987477202,0.039358153523847125,-1.904289735996147,-3.808579471992294
main,0.6896470354148703,0.03904187848734878,-1.9311559108304686,-3.862311821660937
main,0.6734379397942856,0.04064723466264704,-1.7818003132559637,-3.5636006265119273
main,0.6768136413753522,0.04032136722902781,-1.8099957350607476,-3.6199914701214952
main,0.6801893429564188,0.039995499795408576,-1.8395449590960145,-3.679089918192029
main,0.6625845535547639,0.04164470692897217,-1.6901698911095386,-3.3803397822190773
main,0.666250767734355,0.04131089150916637,-1.7160967933467404,-3.4321935866934807
main,0.6699169819139463,0.04097707608936056,-1.7414904231948438,-3.4829808463896876
main,0.650796593767174,0.04266191212651789,-1.5987983527757064,-3.1975967055514127
main,0.6547785348462792,0.042321793131461824,-1.6260020472515626,-3.252004094503125
main,0.658760475925406,0.041981674136403906,-1.6533645120174458,-3.3067290240348917
main,0.6374530212351006,0.04371615082865976,-1.4805158625683081,-2.9610317251366163
main,0.6406966218043958,0.043463528198769794,-1.5060121945250724,-3.012024389050145
main,0.6439402223736905,0.043210905568879854,-1.533469625556345,-3.06693925111269
main,0.6471838229429856,0.0429582829389899,-1.5613880961627342,-3.1227761923254684
main,0.6235016333111609,0.044743907663037194,-1.3555964092644337,-2.7111928185288674
main,0.6270243726366835,0.04448635180034144,-1.3878851356584239,-2.7757702713168477
main,0.6305471119621955,0.044228795937646455,-1.415923619247111,-2.831847238494222
main,0.6340698512876969,0.043971240074952254,-1.444419892814152,-2.888839785628304
main,0.6083502365074026,0.04576118137770392,-1.2352766389922998,-2.4705532779845996
main,0.6121759585476889,0.045507325439612716,-1.2607501469447522,-2.5215002938895044
main,0.6160016805879753,0.045253469501521495,-1.285997522713473,-2.571995045426946
main,0.6198274026282619,0.044999613563430275,-1.3120684762477013,-2.6241369524954026
main,0.5914808002690296,0.046770171372285355,-1.0910953094623597,-2.1821906189247193
main,0.5948044836508679,0.04657415758883239,-1.1203948415332834,-2.240789683066567
main,0.5981281670326848,0.04637814380538069,-1.1467767935077193,-2.2935535870154387
main,0.6014518504145019,0.046182130021928974,-1.1741614335792214,-2.348322867158443
main,0.6047755337963404,0.045986116238475996,-1.2008180074089925,-2.401636014817985
main,0.5735755495826894,0.047718420937955544,-0.9378202033269107,-1.8756404066538215
main,0.5771851960260946,0.04752947812152475,-0.9674624757108545,-1.934924951421709
main,0.5807948424695217,0.0473405353050928,-0.9961298375900942,-1.9922596751801884
main,0.5844044889129487,0.047151592488660854,-1.0234571169045956,-2.0469142338091912
main,0.5880141353563756,0.04696264967222892,-1.0526183504590347,-2.1052367009180695
main,0.5541324457899356,0.04859061649788169,-0.7666291078316932,-1.5332582156633865
main,0.5580520636946171,0.04841778890861251,-0.794275582935081,-1.588551165870162
main,0.5619716815992881,0.04824496131934379,-0.8254965458919341,-1.6509930917838682
main,0.5658912995039374,0.04807213373007602,-0.8586577381092685,-1.717315476218537
main,0.569810917408619,0.04789930614080683,-0.8940403156506642,-1.7880806313013284
main,0.5326634140218264,0.04940207848060854,-0.5888814096539854,-1.1777628193079708
main,0.5362105454428634,0.04927025153731947,-0.6167002329656798,-1.2334004659313595
main,0.5397576768638896,0.0491384245940308,-0.6429496983396353,-1.2858993966792707
main,0.5433048082849158,0.04900659765074214,-0.6707117092729595,-1.341423418545919
main,0.5468519397059852,0.04887477070745186,-0.6994586670470028,-1.3989173340940055
main,0.5503990711270655,0.04874294376416118,-0.7307089926261507,-1.4614179852523015
main,0.5097074373691799,0.05006265205662374,-0.412131783970866,-0.824263567941732
main,0.5678053321668874,-0.0282043197030869,-1.3792921446649022,-2.7585842893298045
main,0.5876324401715374,-0.02481553135165307,-1.487345113514544,-2.974690227029088
main,0.5840552982509224,-0.025446437013716804,-1.4754936067973883,-2.9509872135947766
main,0.5804781563303072,-0.02607734267578058,-1.4624557959798976,-2.924911591959795
main,0.5971415204716091,-0.023109866109334243,-1.534070286609396,-3.068140573218792
main,0.5940533167357458,-0.023665951073841403,-1.5324774847808849,-3.0649549695617697
main,0.5909651129998821,-0.02422203603834861,-1.5181895123079752,-3.0363790246159503
main,0.6053550790235414,-0.021631403644507302,-1.556580952260632,-3.113161904521264
main,0.6026872963499835,-0.022111571637529012,-1.5502553119098497,-3.1005106238196993
main,0.6000195136764253,-0.02259173963055078,-1.5397681072168514,-3.079536214433703
main,0.6118713314220006,-0.020442905641230052,-1.5629422229192471,-3.1258844458384942
main,0.6084164240475576,-0.02107518164573903,-1.5542323169975396,-3.108464633995079
main,0.6180732272633467,-0.01929613456543561,-1.6243864811598638,-3.2487729623197277
main,0.6150902658272497,-0.019849889947798148,-1.6010034038464398,-3.2020068076928796
main,0.6234305125382327,-0.018299004884720707,-1.688071721120933,-3.376143442241866
main,0.620853309500348,-0.018779172877741827,-1.6612441380944718,-3.3224882761889436
main,0.6280582960120673,-0.017437950208879324,-1.7399849772626947,-3.4799699545253895
main,0.6258321747088058,-0.01785193066176654,-1.7187398685387087,-3.4374797370774175
main,0.6310949063549082,-0.016874122809541856,-1.7337345736270078,-3.4674691472540156
main,0.6346801332959504,-0.0162089585863328,-1.7866418546571694,-3.573283709314339
main,0.63777738129203,-0.015633414759081463,-1.886492830220058,-3.772985660440116
main,0.6404528378832812,-0.01513556934850905,-2.0184416471131352,-4.0368832942262705
main,0.6427640574524291,-0.014705555889005545,-2.205708893329418,-4.411417786658836
main,0.6447607834302576,-0.014333507914960929,-2.224032543311599,-4.448065086623198
main,0.6456861756839309,-0.013219419506495834,-7.7963333478523,-15.5926666957046
main,0.6456861756839309,-0.011285592246931325,-9.791641245360365,-19.58328249072073
main,0.6456861756839309,-0.009246933790260318,-10.614546005596267,-21.229092011192535
main,0.6456861756839309,-0.007097277595476553,-11.104073755405901,-22.208147510811802
main,0.6456861756839309,-0.0048304571215737665,-11.42982488087498,-22.85964976174996
main,0.6456861756839309,-0.0024407169302794436,-11.612860188421614,-23.225720376843228
main,0.6456861756839309,7.8520622146433e-05,-11.86506780515472,-23.73013561030944
main,0.47296177320118843,0.050699890658418706,-0.09751448236897234,-0.19502896473794468
main,0.47685327167887653,0.05066394853369646,-0.12718056648260226,-0.2543611329652045
main,0.4807447701565639,0.05062800640897423,-0.15869771942335267,-0.31739543884670535
main,0.4277260325050587,0.05086163021966863,0.2564003552278027,0.5128007104556054
main,0.4314225655112612,0.05086163021966863,0.2297631468495413,0.4595262936990826
main,0.4351190985174582,0.05086163021966863,0.20339102158867045,0.4067820431773409
main,0.43881563152364444,0.05086163021966863,0.1768791243185459,0.3537582486370918
main,0.44251216452985775,0.05086163021966863,0.1496505362509729,0.2993010725019458
main,0.4462086975360656,0.05086163021966863,0.12106774180561237,0.24213548361122475
main,0.44990523054227904,0.05086163021966863,0.09183187821083699,0.18366375642167398
main,0.4536017635485031,0.05086163021966863,0.06213094030741789,0.12426188061483578
main,0.4006334153463633,0.05060662906681902,0.46946307631562856,0.9389261526312571
main,0.4045171616010582,0.05064586001341113,0.43779633690527897,0.8755926738105579
main,0.40840090785575467,0.05068509096000325,0.4082976453187903,0.8165952906375806
main,0.41228465411044957,0.050724321906595364,0.3794213568731462,0.7588427137462924
main,0.4161684003651661,0.05076355285318769,0.3506934216979659,0.7013868433959318
main,0.4200521466198842,0.05080278379978004,0.32067386299090467,0.6413477259818093
main,0.42393589287460076,0.05084201474637237,0.29128511246401706,0.5825702249280341
main,0.37548643730972936,0.05012511030767318,0.6981125457318245,1.396225091463649
main,0.3790564534496599,0.050196172351650865,0.6684401494607424,1.3368802989214847
main,0.38262646958959035,0.05026723439562855,0.6401396844010314,1.2802793688020628
main,0.38619648572939075,0.050338296439603664,0.6108781479800256,1.2217562959600512
main,0.38976650186919115,0.05040935848357876,0.57913177644628,1.15826355289256
main,0.3933365180091217,0.05048042052755644,0.5456091159933548,1.0912182319867096
main,0.3969065341490522,0.050551482571534134,0.5111380500227248,1.0222761000454497
main,0.3526456379396352,0.049491150739587667,0.8925342544666202,1.7850685089332403
main,0.3564739636305777,0.049599955929787345,0.8627365154616617,1.7254730309233235
main,0.3603022893214842,0.049708761119986,0.834058633752522,1.668117267505044
main,0.364130615012378,0.049817566310184296,0.8046749033555332,1.6093498067110663
main,0.3679589407033169,0.04992637150038387,0.7727716638103002,1.5455433276206003
main,0.37178726639428117,0.05003517669058416,0.738374788764751,1.476749577529502
main,0.3313782657658475,0.048716222086466546,1.080859040185741,2.161718080371482
main,0.33489703109826113,0.04884722682428832,1.0545484665925338,2.1090969331850675
main,0.33841579643067476,0.04897823156211009,1.0273370130598416,2.054674026119683
main,0.34193456176308296,0.04910923629993165,0.9980822576459153,1.9961645152918306
main,0.34545332709551835,0.049240241037754234,0.9675522145583657,1.9351044291167314
main,0.3489720924279536,0.04937124577557682,0.9335190357879817,1.8670380715759634
main,0.31215671893975183,0.04787743547537052,1.2383643859806113,2.4767287719612225
main,0.31603719986416745,0.04804927641807813,1.2050906469806815,2.410181293961363
main,0.3199176807885721,0.04822111736078526,1.1736784523737929,2.3473569047475857
main,0.3237981617129876,0.04839295830349287,1.1429904950123537,2.2859809900247074
main,0.32767864263742486,0.04856479924620144,1.1141946330565058,2.2283892661130116
main,0.2941676855162687,0.04694719220943841,1.4115623668547492,2.8231247337094985
main,0.2977340839521029,0.04713481949712224,1.3796466371145821,2.7592932742291643
main,0.3013004823879475,0.04732244678480661,1.3477524453312273,2.6955048906624546
main,0.30486688082379243,0.047510074072491,1.316242050815483,2.632484101630966
main,0.3084332792596268,0.04769770136017483,1.2833298946816343,2.5666597893632686
main,0.27763510685779524,0.04598315629878459,1.5727484796440176,3.1454969592880353
main,0.28091274673316824,0.04617653902472471,1.5405412271688501,3.0810824543377002
main,0.28419038660867957,0.046369921750673004,1.508051508069441,3.016103016138882
main,0.28746802648446756,0.04656330447663762,1.4781149994309963,2.9562299988619927
main,0.2907456663603938,0.04675668720261039,1.4496805788357763,2.8993611576715526
main,0.26281921099518385,0.045009480029039935,1.72016668591845,3.4403333718369
main,0.2665840898308697,0.04526004714526079,1.685452270516177,3.370904541032354
main,0.2703489686665501,0.04551061426148127,1.650826462759738,3.301652925519476
main,0.2741138475022469,0.04576118137770283,1.6144942089188858,3.2289884178377717
main,0.24882948774132346,0.043987786959985425,1.8623426414619315,3.724685282923863
main,0.2522887116944573,0.044243903963111265,1.8322241284438556,3.6644482568877113
main,0.25574793564760756,0.04450002096623831,1.801325135286985,3.60265027057397
main,0.25920715960076857,0.044756137969366165,1.7669982838546772,3.5339965677093543
main,0.2359746135839624,0.04295828293898801,1.9991541809155255,3.998308361831051
main,0.2391532599213192,0.04321583880168254,1.966074638556854,3.932149277113708
main,0.24233190625871126,0.04347339466437992,1.9349086163828688,3.8698172327657376
main,0.24551055259607926,0.043730950527075346,1.9043655126714774,3.8087310253429547
main,0.2246496925088559,0.04197030029410266,2.1364697187476223,4.2729394374952445
main,0.22854393167142611,0.04231398217951775,2.0947049314934967,4.189409862986993
main,0.23243817083400706,0.04265766406493378,2.0476343663421974,4.095268732684395
main,0.22091331679603987,0.04163059240177993,2.1879507048997744,4.375901409799549
main,0.20375320351804285,0.03990601643369368,2.490960997594886,4.981921995189772
main,0.2070387365661849,0.04026011292169831,2.4292113531302393,4.858422706260479
main,0.21032426961433245,0.04061420940970353,2.375113370377851,4.750226740755702
main,0.19460233073323913,0.03862036115100996,2.8053316141890825,5.610663228378165
main,0.1976055732375354,0.0390638039664828,2.72448085603968,5.44896171207936
main,0.20060881574183714,0.039507246781956454,2.642179588479066,5.284359176958132
main,0.18627777444328156,0.03690496647731356,3.3044614136536152,6.6089228273072305
main,0.18900694845840554,0.037502435783697406,3.2111476362338616,6.422295272467723
main,0.19173612247352984,0.038099905090081314,3.0903909238207223,6.180781847641445
main,0.17931273489382205,0.035187310738578344,3.585995985906893,7.171991971813786
main,0.1830463699217483,0.0361332581289393,3.4801903558333054,6.960380711666611
main,0.17233138826926536,0.03328369952994503,3.8484147609493107,7.696829521898621
main,0.17574107434299574,0.03423745787224726,3.7664313642813463,7.532862728562693
main,0.16595909034475853,0.031368166342032426,4.102978512724365,8.20595702544873
main,0.1690707269365196,0.032327269019873414,4.020332298632908,8.040664597265817
main,0.1601465087922535,0.02946476068476539,4.35939373126629,8.71878746253258
main,0.16298435096333636,0.030413996896996358,4.277184416616232,8.554368833232465
main,0.1548500667219688,0.027577388034113158,4.656852075154633,9.313704150309267
main,0.1574350807117948,0.028519224397136604,4.560167986257305,9.12033597251461
main,0.15002659834687326,0.025714681547489168,4.88627667004976,9.77255334009952
main,0.15238057260033125,0.02664254041756508,4.824321173101308,9.648642346202616
main,0.14563869331818055,0.023889179858267245,5.134369429483879,10.268738858967758
main,0.1477793052528218,0.024796894694389365,5.058490740980108,10.116981481960217
main,0.1416509968007956,0.02210211627465148,5.428778249993329,10.857556499986657
main,0.1435959238341714,0.022990920385021055,5.343381842543012,10.686763685086024
main,0.13891284704265025,0.020793987375857248,5.5590362419509765,11.118072483901953
main,0.13554673785869742,0.019090788749927028,5.799013721122969,11.598027442245938
main,0.13249717777973274,0.017438566862981925,6.029441631789464,12.058883263578927
main,0.12973621181986128,0.015841843845093198,6.224103488770151,12.448206977540302
main,0.12724081822599298,0.014303497415397111,6.421232038592869,12.842464077185738
main,0.12498879745050524,0.012822705368426154,6.65869718384589,13.31739436769178
main,0.1229616498703793,0.011398645498712834,6.902607033185328,13.805214066370656
main,0.12113676483525879,0.010034195525393405,7.117899034166708,14.235798068333416
main,0.11949399831118995,0.008730999859402865,7.387421209110128,14.774842418220256
main,0.1180251282434978,0.007488236295273716,7.657282098206881,15.314564196413762
main,0.1167100105982285,0.0063042604220709545,7.88858600357333,15.77717200714666
main,0.115530556855097,0.0051778389315933265,8.118219255587624,16.236438511175248
main,0.11448142267856455,0.004109382926574584,8.356887768586034,16.71377553717207
main,0.1135543860139561,0.003098892407014728,8.577589526722251,17.155179053444503
main,0.11273259164918789,0.0021434896537774993,8.764507985609338,17.529015971218676
main,0.11199959547490995,0.0012411191531941448,8.904406362394342,17.808812724788684
main,0.1113455310255122,0.00039301421346591667,8.998299888162085,17.99659977632417
main,0.1107613540408521,-0.0004016473708746868,9.06246112899434,18.12492225798868
main,0.11022075394596961,-0.0011794537431315012,9.135047315207602,18.270094630415205
main,0.10970482001511216,-0.001977404149342112,9.187616639241057,18.375233278482114
main,0.1092172521728835,-0.002796320794974021,9.22159099002676,18.44318198005352
main,0.1087609281384199,-0.003635381474559729,9.222133543770115,18.44426708754023
main,0.10833214798711766,-0.004495819496300487,9.177955089849341,18.355910179698682
main,0.1079169342260292,-0.005379690373865048,9.08681747852212,18.17363495704424
main,0.10752679773169954,-0.006286994107253414,8.954974715283207,17.909949430566414
main,0.10720367098297129,-0.007215675182796829,8.866553234117937,17.733106468235874
main,0.10696153147279194,-0.008165733600495296,8.825180942211569,17.650361884423138
main,0.10676132444145525,-0.009140047079485068,8.734149482237928,17.468298964475856
main,0.10657715041673485,-0.010136971208831145,8.523184699823918,17.046369399647837
main,0.10642052027517576,-0.011149517242059755,8.232783438024097,16.465566876048193
main,0.1063033559960567,-0.012170696432697135,7.873193278613323,15.746386557226646
main,0.10623799066139025,-0.01319352003426952,7.486427763498451,14.972855526996902
main,0.1062593680035453,-0.014221276868646915,7.153491317887502,14.306982635775004
main,0.1064053094740269,-0.01526136678503684,6.893976303443779,13.787952606887558
main,0.10665813765528376,-0.016298167879556763,6.64040053394389,13.28080106788778
main,0.10696358698646069,-0.017293036495234088,6.276760338841165,12.55352067768233
main,0.10732782400856405,-0.018251728070341318,5.804873565273736,11.609747130547472
main,0.1077936034059039,-0.019202608693507282,5.267252064244096,10.534504128488193
main,0.10835599194567519,-0.020128000947180695,4.692162811829195,9.38432562365839
main,0.1089874457447167,-0.020991727790791462,4.089624222731002,8.179248445462004
main,0.1096616542280683,-0.02175966769743825,3.451237844178082,6.902475688356164
main,0.1103547734371724,-0.02240345457849225,2.828831796642609,5.657663593285218
main,0.11107255881030155,-0.02295227672804978,2.3716880152954545,4.743376030590909
main,0.11183720989507834,-0.023460399706965965,1.9677527994489878,3.9355055988979757
main,0.11265201551337276,-0.02393727887811708,1.5717834339113739,3.1435668678227477
main,0.11351327574058101,-0.024375103289561856,1.1857187095438815,2.371437419087763
main,0.11441852396030065,-0.024765650886625266,0.8235581094489666,1.6471162188979331
main,0.11536447135066161,-0.025102344025567297,0.506115057307809,1.012230114615618
main,0.11634782908979385,-0.025378605062647944,0.25012626031475127,0.5002525206295025
main,0.117366130561295,-0.025587856354127185,0.09228710091399628,0.18457420182799256
main,0.11834496617035606,-0.025767919351510106,0.1407015364111013,0.2814030728222026
main,0.11934312360790336,-0.02596853748558057,0.12452915574450393,0.24905831148900787
main,0.12050407772801605,-0.026199577221948607,0.10067142244426719,0.20134284488853438
main,0.12185372800292045,-0.02646473848521798,0.08316330450907594,0.16632660901815188
main,0.12342372934311541,-0.026768543405459935,0.07092761634432251,0.14185523268864503
main,0.12525066989190464,-0.02711428080454449,0.06363807316161897,0.12727614632323794
main,0.1273764821281308,-0.027505239504341653,0.059539149086332066,0.11907829817266413
main,0.1298496761743766,-0.02794881935405894,0.06436671637837957,0.12873343275675914
main,0.13272739531063335,-0.02845447571657262,0.08553133546513078,0.17106267093026156
main,0.13607582707703492,-0.029026319619220205,0.12221524619687579,0.24443049239375159
main,0.14102077630996365,-0.029827764398668546,0.20165520899213701,0.40331041798427403
main,0.1389245634705675,-0.02949518228706402,0.1752624576886463,0.3505249153772926
main,0.1457293414709776,-0.030531777830216614,0.21606576971720926,0.4321315394344185
main,0.14328903564343196,-0.030173296246385782,0.196213831096747,0.392427662193494
main,0.15120872425777726,-0.03131657294894718,0.2519328399721157,0.5038656799442314
main,0.14836923767575935,-0.030912870064403734,0.22769030943312857,0.45538061886625714
main,0.15758513320962145,-0.03220044382651173,0.28519109688192473,0.5703821937638495
main,0.15428068943573126,-0.03174576420298316,0.26471392352142475,0.5294278470428495
main,0.16500492089972835,-0.03318811814434875,0.31046084062351864,0.6209216812470373
main,0.16115987703095563,-0.03268122847363382,0.29012199867095817,0.5802439973419163
main,0.17438553159557535,-0.034370655157982745,0.34723398183727666,0.6944679636745533
main,0.17140229609099045,-0.03399901828667203,0.3385169181741997,0.6770338363483994
main,0.1684190605864036,-0.03362738141536108,0.3222209417331359,0.6444418834662718
main,0.18455552805735836,-0.03555750875032259,0.3718868053103841,0.7437736106207682
main,0.181084176573582,-0.03515709468765109,0.3523331178205621,0.7046662356411242
main,0.177612825089781,-0.034756680624976735,0.3374093137927813,0.6748186275855625
main,0.19689128223763863,-0.03685340734278711,0.41403689363540175,0.8280737872708035
main,0.1938626883980954,-0.03654035261103576,0.4073014197693048,0.8146028395386096
main,0.19083409455857744,-0.03622729787928703,0.3928450703997459,0.7856901407994918
main,0.18780550071903404,-0.03591424314753566,0.3756995751514278,0.7513991503028556
main,0.21074236109454755,-0.038166058371654474,0.41300686419290367,0.8260137283858073
main,0.20721756625536975,-0.03783573732508584,0.41115145209061754,0.8223029041812351
main,0.2036927714162024,-0.03750541627851821,0.4076356268218262,0.8152712536436524
main,0.2001679765770188,-0.037175095231949035,0.40116990821932635,0.8023398164386527
main,0.22727633750219986,-0.03958475335069374,0.41994267898426807,0.8398853579685361
main,0.2239937643937533,-0.039306190138304775,0.42207504459948825,0.8441500891989765
main,0.2207111912853067,-0.03902762692591581,0.42165621133692666,0.8433124226738533
main,0.21742861817683856,-0.03874906371352502,0.4173094901671902,0.8346189803343804
main,0.21414604506836504,-0.03847050050113378,0.407972987182085,0.81594597436417
main,0.24610599379565,-0.04095906978962317,0.39451661572650015,0.7890332314530003
main,0.24228635607584184,-0.04068461760457239,0.40176601304682535,0.8035320260936507
main,0.23846671835601604,-0.04041016541952033,0.4051298992631105,0.810259798526221
main,0.2346470806361784,-0.04013571323446741,0.4032934407931522,0.8065868815863044
main,0.2308274429163379,-0.039861261049414294,0.3988247325510227,0.7976494651020454
main,0.2683789643664344,-0.042275818142401986,0.32785185939493444,0.6557037187898689
main,0.2646765731462787,-0.042061359549628884,0.33676711937721016,0.6735342387544203
main,0.26097418192613386,-0.041846900956856406,0.34458811903392605,0.6891762380678521
main,0.25727179070597805,-0.0416324423640833,0.3514761553665025,0.702952310733005
main,0.25356939948581325,-0.04141798377130967,0.3579969423304983,0.7159938846609966
main,0.2498670082656414,-0.041203525178535635,0.3673473772295225,0.734694754459045
main,0.2942323343576094,-0.043564909069361085,0.23698643840092803,0.47397287680185607
main,0.2905396921451374,-0.043383084203119385,0.25736479215191377,0.5147295843038275
main,0.2868470499326802,-0.043201259336878406,0.27198639640527467,0.5439727928105493
main,0.2831544077202238,-0.043019434470637476,0.28517595594107026,0.5703519118821405
main,0.27946176550774565,-0.04283760960439547,0.2965640967442889,0.5931281934885778
main,0.2757691232952558,-0.04265578473815289,0.3050316135499219,0.6100632270998438
main,0.2720764810827622,-0.04247395987191012,0.3108048583064321,0.6216097166128642
main,0.3242643727682259,-0.044319495478281026,0.09360783672488103,0.18721567344976206
main,0.32050627712764695,-0.044231005614841265,0.10866211436188242,0.21732422872376483
main,0.3167481814870734,-0.044142515751401615,0.12094842342827322,0.24189684685654644
main,0.312990085846489,-0.04405402588796172,0.13273353098407037,0.26546706196814074
main,0.30923199020590464,-0.04396553602452183,0.1445799375441127,0.2891598750882254
main,0.30547389456532026,-0.043877046161081935,0.1573101134120496,0.3146202268240992
main,0.30171579892471423,-0.04378855629764153,0.1715797203743082,0.3431594407486164
main,0.2979577032841244,-0.043700066434201504,0.18979532107662628,0.37959064215325256
main,0.3591706833687549,-0.044687552329952036,-0.0494653406566242,-0.0989306813132484
main,0.355285123041667,-0.044649456809957785,-0.03017444597996177,-0.06034889195992354
main,0.35139956271461337,-0.04461136128996386,-0.013563147392449328,-0.027126294784898655
main,0.3475140023875537,-0.04457326576996988,0.0011505936156840967,0.0023011872313681934
main,0.34362844206046816,-0.04453517024997565,0.014902464946273135,0.02980492989254627
main,0.3397428817333718,-0.04449707472998131,0.02822816173167262,0.05645632346334524
main,0.33585732140627655,-0.04445897920998698,0.04085668887836817,0.08171337775673634
main,0.3319717610791796,-0.04442088368999265,0.05303008639664304,0.10606017279328608
main,0.32808620075207295,-0.0443827881699982,0.06695620136480893,0.13391240272961785
main,0.3999132274248077,-0.044373831113465684,-0.2585377156814952,-0.5170754313629904
main,0.39621801181601907,-0.04440552339694013,-0.23082802470647773,-0.46165604941295546
main,0.3925227962072028,-0.04443721568041481,-0.20848229789807657,-0.41696459579615314
main,0.38882758059838163,-0.04446890796388954,-0.1894978433811455,-0.378995686762291
main,0.3851323649895879,-0.04450060024736404,-0.17336178999663002,-0.34672357999326003
main,0.3814371493807993,-0.0445322925308385,-0.15799625087028246,-0.3159925017405649
main,0.3777419337719998,-0.044563984814313035,-0.14342535170086063,-0.28685070340172125
main,0.37404671816318447,-0.04459567709778771,-0.12914251051501355,-0.2582850210300271
main,0.37035150255435634,-0.044627369381262494,-0.11522497709291923,-0.23044995418583847
main,0.3666562869455292,-0.04465906166473728,-0.10014987020847788,-0.20029974041695575
main,0.36296107133671496,-0.04469075394821195,-0.08177554797924388,-0.16355109595848777
main,0.434904577117347,-0.04292762152676424,-0.4784769552679573,-0.9569539105359146
main,0.4310053133658108,-0.04309589957911253,-0.45298253975307856,-0.9059650795061571
main,0.4271060496142868,-0.04326417763146029,-0.4333923919688426,-0.8667847839376852
main,0.4232067858627615,-0.0434324556838081,-0.4165016085807618,-0.8330032171615236
main,0.41930752211122546,-0.04360073373615639,-0.3992729843871608,-0.7985459687743216
main,0.4154082583596677,-0.04376901178850561,-0.3808581592117477,-0.7617163184234954
main,0.41150899460810997,-0.043937289840854835,-0.36447644384262373,-0.7289528876852475
main,0.4076097308565535,-0.044105567893203995,-0.3462486400246578,-0.6924972800493157
main,0.4037104671049849,-0.04427384594555368,-0.31906206122715197,-0.6381241224543039
main,0.4652295474334499,-0.04096268749367893,-0.6934856762929859,-1.3869713525859717
main,0.46144616897475077,-0.041213460161266285,-0.6652371164340222,-1.3304742328680443
main,0.4576627905160515,-0.04146423282885365,-0.6432202800809962,-1.2864405601619924
main,0.45387941205735216,-0.04171500549644103,-0.6198646471785871,-1.2397292943571743
main,0.45009603359864214,-0.04196577816402912,-0.5994690061683173,-1.1989380123366347
main,0.4463126551399212,-0.042216550831617926,-0.5815611865387097,-1.1631223730774194
main,0.44252927668120023,-0.04246732349920673,-0.5605649908200546,-1.1211299816401092
main,0.43874589822247934,-0.04271809616679553,-0.5352493447700843,-1.0704986895401687
main,0.4913600887606122,-0.038511751724017225,-0.8969624050736607,-1.7939248101473213
main,0.48763103459173374,-0.038869528560303096,-0.8726406909330593,-1.7452813818661186
main,0.48390198042286225,-0.039227305396588294,-0.8589296869459909,-1.7178593738919818
main,0.48017292625397867,-0.03958508223287466,-0.8482901790157655,-1.696580358031531
main,0.4764438720850628,-0.03994285906916412,-0.8326932759227728,-1.6653865518455455
main,0.47271481791614833,-0.04030063590545345,-0.8082604615506037,-1.6165209231012074
main,0.46898576374724843,-0.04065841274174138,-0.7723632332874628,-1.5447264665749256
main,0.5138410068399485,-0.03603486754132646,-1.0331040957325823,-2.0662081914651647
main,0.5100925721136502,-0.03645268495305723,-1.0143768905351118,-2.0287537810702236
main,0.5063441373873308,-0.036870502364790364,-0.9998117118173078,-1.9996234236346155
main,0.5025957026609894,-0.03728831977652592,-0.9896937566860171,-1.9793875133720342
main,0.4988472679346123,-0.03770613718826547,-0.9750370615735233,-1.9500741231470466
main,0.4950988332082281,-0.03812395460000581,-0.9500638885596948,-1.9001277771193896
main,0.5331648086193592,-0.03346022704381575,-1.209179120016179,-2.418358240032358
main,0.5292871231934844,-0.03398594521974223,-1.1733955986413247,-2.3467911972826494
main,0.5254094377677008,-0.03451166339565631,-1.1464735623844924,-2.2929471247689848
main,0.5215317523419172,-0.035037381571570395,-1.122647397661511,-2.245294795323022
main,0.5176540669160206,-0.03556309974749981,-1.1016330230814393,-2.2032660461628786
main,0.5501534646505135,-0.03094929376661305,-1.3027576489534038,-2.6055152979068077
main,0.5468090616909114,-0.03144886580866591,-1.296577561060094,-2.593155122120188
main,0.5434646587313092,-0.03194843785071878,-1.2870503160614266,-2.5741006321228532
main,0.5401202557716858,-0.032448009892774826,-1.2814297320826775,-2.562859464165355
main,0.5367758528120621,-0.032947581934830925,-1.2684857253753319,-2.5369714507506638
main,0.564447342261926,-0.028742658732933676,-1.331664462191011,-2.663328924382022
main,0.5608411490814733,-0.029301758450833326,-1.3271985912366935,-2.654397182473387
main,0.557234955901031,-0.029860858168731352,-1.324955176463858,-2.649910352927716
main,0.5536287627205569,-0.030419957886634312,-1.3183816324939592,-2.6367632649879185
main,0.5771346920552858,-0.026651584677706022,-1.426947720103557,-2.853895440207114
main,0.5740249054258266,-0.02716916301949847,-1.4114258845560674,-2.822851769112135
main,0.5709151187963466,-0.027686741361294433,-1.393620469545198,-2.787240939090396
main,0.6456861756839309,0.0027346553849113787,-12.01443622756848,-24.02887245513696
main,0.6456861756839309,0.005535498309956661,-12.265844137887228,-24.531688275774457
main,0.6456861756839309,0.008488449246489796,-12.476999021379733,-24.953998042759466
main,0.6456861756839309,0.011419611738134135,-12.584208772423292,-25.168417544846584
main,0.6456861756839309,0.014158378150383025,-12.913844924151043,-25.827689848302086
main,0.6456861756839309,0.01671708156524899,-13.120480120803718,-26.240960241607436
main,0.6456861756839309,0.019107232859277068,-13.274166936830193,-26.548333873660386
main,0.6456861756839309,0.021339931806278526,-13.272640837015398,-26.545281674030797
main,0.6456861756839309,0.02342586707733089,-12.873916804702066,-25.747833609404132
main,0.6456861756839309,0.025374905138044183,-10.188521335831048,-20.377042671662096
main,0.6466276009442207,0.02631633039833388,-7.928439302726659,-15.856878605453318
main,0.6485819833404727,0.02631633039833388,-6.729595704396114,-13.459191408792227
main,0.6506851849263426,0.02631633039833388,-5.917260384886024,-11.834520769772048
main,0.6529491276811091,0.02631633039833388,-5.277513692297087,-10.555027384594174
main,0.6553857335840511,0.02631633039833388,-4.69412253421039,-9.38824506842078
main,0.6580077468199147,0.02631633039833388,-4.17795224867161,-8.35590449734322
main,0.6608295559843813,0.02631633039833388,-3.6864336116668683,-7.372867223333737
main,0.6638663718785995,0.02631633039833388,-3.255250848814856,-6.510501697629712
main,0.6671346386119197,0.02631633039833388,-2.8478739649410545,-5.695747929882109
main,0.6706524447046267,0.026316330398333875,-2.4928203174683654,-4.985640634936731
main,0.6744382897797393,0.026316330398333875,-2.169971858998722,-4.339943717997444
main,0.6795688518969513,0.02631633039833388,-1.7255208732626797,-3.4510417465253593
main,0.6774566060509388,0.02631633039833388,-1.9321839841790358,-3.8643679683580716
main,0.684034455342321,0.02631633039833388,-1.3750641625024822,-2.7501283250049644
main,0.681761468327412,0.02631633039833388,-1.5340915883914916,-3.0681831767829832
main,0.6888400407485029,0.02631633039833388,-1.086716131203255,-2.17343226240651
main,0.6863939794826848,0.02631633039833388,-1.2300252210560227,-2.4600504421120455
main,0.6940121242418346,0.02631633039833388,-0.8033055886918643,-1.6066111773837286
main,0.6913794223348935,0.02631633039833388,-0.9450772936425257,-1.8901545872850514
main,0.6995784552568116,0.02631633039833388,-0.524547067592616,-1.049094135185232
main,0.6967451352158001,0.02631633039833388,-0.661631924802466,-1.323263849604932
main,0.7055694553957752,0.02631633039833388,-0.25677929295159085,-0.5135585859031817
main,0.7025198953168106,0.02631633039833388,-0.3891822264576179,-0.7783644529152358
main,0.7120169851205584,0.02631633039833388,-0.007660193701438556,-0.015320387402877111
main,0.7087351519970245,0.02631633039833388,-0.1311636051409299,-0.2623272102818598
main,0.7189561937148967,0.02631633039833388,0.22434428447816931,0.44868856895633863
main,0.7154239990265086,0.02631633039833388,0.11123552892160965,0.2224710578432193
main,0.7264238748734829,0.02631633039833388,0.44539494166823757,0.8907898833364751
main,0.7226228189972215,0.02631633039833388,0.3359005254022625,0.671801050804525
main,0.7334611314698319,0.02631633039833388,0.657853532549226,1.315707065098452
main,0.7300366456976863,0.02631633039833388,0.5572134155331976,1.1144268310663952
main,0.7398001300729158,0.02631633039833388,0.8409685891679587,1.6819371783359174
main,0.7367156262615823,0.02631633039833388,0.7520832316178955,1.504166463235791
main,0.7455103470447055,0.02631633039833388,1.0062018544338234,2.0124037088676467
main,0.7427317036672829,0.02631633039833388,0.9253494987864339,1.8506989975728678
main,0.7506544755521313,0.02631139716552886,1.1573203686735556,2.314640737347111
main,0.7481512710063217,0.026314685987398875,1.0843092633869642,2.1686185267739284
main,0.7552884255669613,0.026289403169273255,1.3123578681302532,2.6247157362605065
main,0.7530335270723372,0.026302969559487036,1.2351221581923255,2.470244316384651
main,0.7594627627254795,0.02625363723143686,1.4724504454038594,2.9449008908077188
main,0.757431504118016,0.026272959059923155,1.392954278719337,2.785908557438674
main,0.7623082102971367,0.02622259897503866,1.5615348370522084,3.123069674104417
main,0.7657861394246697,0.02617943318799481,1.6554992343318966,3.310998468663793
main,0.7689187422558521,0.026135445195483456,1.7462938242719654,3.492587648543931
main,0.771740140317585,0.026084057353764588,1.8277824738945607,3.6555649477891214
main,0.7742815774176335,0.026021569738234444,1.8892148630332395,3.778429726066479
main,0.7765705974391588,0.02595291558169803,1.9214854150848524,3.8429708301697048
main,0.7786322776489198,0.025881794808759115,1.9158417379717005,3.831683475943401
main,0.7804900509027404,0.025811085138553954,1.8687609611567573,3.7375219223135145
main,0.7821632390291068,0.025742842084751295,1.7699958648926506,3.539991729785301
main,0.7836699305483041,0.02567829895555239,1.612959810667826,3.225919621335652
main,0.7850273917751498,0.025617866853691,1.3942626829626212,2.7885253659252425
main,0.7862504224080588,0.02556195688190087,1.100492581067404,2.200985162134808
main,0.7873521777345114,0.025510980142915755,0.7138917785606,1.4277835571212
main,0.7883445797337862,0.025464114431268142,0.298598440935531,0.597196881871062
flap,0.8584472567525683,-0.0368222663107067,5.1552222401357595,10.310444480271519
flap,0.8558815645912285,-0.03576449897676549,5.104943682824062,10.209887365648123
flap,0.8638148195957875,-0.03908888123324253,5.276923021885145,10.55384604377029
flap,0.8610916750874211,-0.03793039372953233,5.243576343459645,10.48715268691929
flap,0.9994754329117337,-0.11660723491479069,-6.848840953366722,-13.697681906733443
flap,0.9984262987352013,-0.1187869016091383,-5.881099452773184,-11.762198905546368
flap,0.9999038019603024,-0.11536776017253156,-6.216546114408022,-12.433092228816044
flap,0.9996941395660892,-0.11507546612883465,-6.726074554022331,-13.452149108044662
flap,0.9994458335149035,-0.11479797178355275,-7.085616476222146,-14.171232952444292
flap,0.999169161375089,-0.1145241773628746,-7.4835109088122405,-14.967021817624481
flap,0.9988842671805997,-0.1142376387574502,-7.840858109982639,-15.681716219965278
flap,0.9985927953423703,-0.11393753376181201,-8.086962360631782,-16.173924721263564
flap,0.9982885793193945,-0.1136283845060313,-8.275417281422317,-16.550834562844635
flap,0.9979699747007376,-0.1133097798873743,-8.445499071996322,-16.890998143992643
flap,0.9976386258973344,-0.11297966439217225,-8.601007862723929,-17.202015725447858
flap,0.9972953551146524,-0.11263680471222395,-8.732776105802772,-17.465552211605544
flap,0.9969393401472241,-0.11228078974479565,-8.842592784643532,-17.685185569287064
flap,0.9965701698923157,-0.11191120838715354,-8.935496374508421,-17.870992749016843
flap,0.9961874332471935,-0.11152723843383015,-9.008697382310931,-18.017394764621862
flap,0.9957898969036564,-0.11112929098755919,-9.061441604621098,-18.122883209242197
flap,0.9953767386562368,-0.11071695494560695,-9.108179429550141,-18.216358859100282
flap,0.9949471362994668,-0.1102898192052397,-9.14209467926752,-18.28418935853504
flap,0.9944998565251457,-0.1098474726637237,-9.179415176330611,-18.358830352661222
flap,0.9940361326414748,-0.1093882709101239,-9.227894728046856,-18.45578945609371
flap,0.9935567868539212,-0.10891056953350531,-9.274609074624488,-18.549218149248976
flap,0.9930601747515502,-0.1084135463284004,-9.31227430319332,-18.62454860638664
flap,0.9925462963343614,-0.10789637908934166,-9.348534889562746,-18.697069779125492
flap,0.9920139182941539,-0.1073586567135954,-9.36024943209146,-18.72049886418292
flap,0.991460574014525,-0.10680161250936285,-9.363774194040216,-18.727548388080432
flap,0.9908850301872736,-0.106225246476644,-9.367387496558859,-18.734774993117718
flap,0.9902864646069323,-0.10562791420450385,-9.382210269868525,-18.76442053973705
flap,0.9896644661707671,-0.10500838238474115,-9.397174478603047,-18.794348957206093
flap,0.9890194459815118,-0.1043654177091547,-9.432697381458226,-18.865394762916452
flap,0.9883514040391665,-0.1036973757668094,-9.477025545174854,-18.954051090349708
flap,0.9876586959327962,-0.10300343435223774,-9.514880796032,-19.029761592064
flap,0.9869409105596672,-0.10228236015723854,-9.547001172066809,-19.094002344133617
flap,0.986196403508844,-0.10153374207907806,-9.562504557839075,-19.12500911567815
flap,0.9854227081639246,-0.10075758011775626,-9.573207055982817,-19.146414111965633
flap,0.9846194134221753,-0.09995264096507189,-9.582824465312541,-19.165648930625082
flap,0.9837852859753946,-0.09911810241555744,-9.580765821267716,-19.161531642535433
flap,0.9829195036181151,-0.09825190895554417,-9.569653251212733,-19.139306502425466
flap,0.9820220663503367,-0.09735200507136332,-9.543721396776352,-19.087442793552704
flap,0.9810913297611246,-0.09641756855754738,-9.523750853189618,-19.047501706379236
flap,0.9801256494395436,-0.09544777720862888,-9.492895080260341,-18.985790160520683
flap,0.9791217365637237,-0.09444345323007527,-9.462439522436842,-18.924879044873684
flap,0.9780763023117951,-0.0934045966218866,-9.466652245554979,-18.933304491109958
flap,0.9769885244782901,-0.0923299740758616,-9.469525385451993,-18.939050770903986
flap,0.9758567586522736,-0.09121794118106526,-9.473569918982008,-18.947139837964016
flap,0.974678949320077,-0.09006644242382883,-9.463800434390867,-18.927600868781735
flap,0.9734534520707656,-0.08887506670141854,-9.457579311102071,-18.915158622204142
flap,0.9721778002879364,-0.0876429918083669,-9.475708041357532,-18.951416082715063
flap,0.9708499384579207,-0.08636857333373894,-9.482754498582736,-18.965508997165472
flap,0.96946781106705,-0.08505057796933337,-9.445596195829772,-18.891192391659544
flap,0.9680285403961879,-0.08368777240694894,-9.372759818739857,-18.745519637479713
flap,0.9665280154179969,-0.08228097885205315,-9.237875864016749,-18.475751728033497
flap,0.9649621251051395,-0.08083060840737977,-9.169003007417222,-18.338006014834445
flap,0.9633292250466807,-0.07933419445652629,-9.240248796460437,-18.480497592920873
flap,0.9616280819344193,-0.07778844817762268,-9.289302510264152,-18.578605020528304
flap,0.9598558180492188,-0.07619172515973396,-9.264262403661505,-18.52852480732301
flap,0.9580103778774107,-0.07454196988919136,-9.256652818876796,-18.513305637753593
flap,0.9560917614189952,-0.07283466023592364,-9.175936242469078,-18.351872484938156
flap,0.9540975020575693,-0.07106650737806075,-9.130620110358747,-18.261240220717493
flap,0.9520218443548606,-0.06923751131560274,-9.086964785137678,-18.173929570275355
flap,0.9498598550780644,-0.06734890535675084,-9.006310743053566,-18.012621486107133
flap,0.9476078343025764,-0.06539986729603753,-9.002603330376708,-18.005206660753416
flap,0.9452620821037936,-0.06338710831159285,-8.997638955552407,-17.995277911104814
flap,0.9428193096598454,-0.061307750684280495,-8.900313418503671,-17.800626837007343
flap,0.9402733504297256,-0.059162616619567995,-8.89116400158423,-17.78232800316846
flap,0.9376176267696945,-0.05695335052839033,-8.788203680649717,-17.576407361299434
flap,0.9348513164742842,-0.05467337476700752,-8.833269515872434,-17.66653903174487
flap,0.9319756528516963,-0.05231364507527702,-8.869862337096777,-17.739724674193553
flap,0.9289852915663918,-0.04987251704226382,-8.900536040113186,-17.801072080226373
flap,0.9250773489793546,-0.046711548122452165,-8.881984319945674,-17.76396863989135
flap,0.9266658499425682,-0.04799172203535265,-8.912249907316713,-17.824499814633427
flap,0.92180476566733,-0.044085834961984795,-8.965111857397861,-17.930223714795723
flap,0.9234569875542752,-0.04540958576466289,-8.928648183455383,-17.857296366910766
flap,0.9183998072750308,-0.04137173471375542,-9.053384289461572,-18.106768578923145
flap,0.9201190389075773,-0.04273988461167861,-8.997047949544871,-17.994095899089743
flap,0.9148571294669392,-0.03856760296684594,-9.017519801428408,-18.035039602856816
flap,0.9166458374614896,-0.03998097416548174,-9.062063894676193,-18.124127789352386
flap,0.9111662491233224,-0.03567549523490744,-8.795416532718455,-17.59083306543691
flap,0.913030600020883,-0.03713244332332084,-8.877561998103218,-17.755123996206436
flap,0.9073086666211692,-0.0327098001136273,-8.721442690161554,-17.44288538032311
flap,0.9092589379900838,-0.03420128083167578,-8.724025859164543,-17.448051718329086
flap,0.903477805796715,-0.029822420063130517,-8.604467097531536,-17.208934195063073
flap,0.9053816225567157,-0.0312501798574476,-8.623934188271035,-17.24786837654207
flap,0.8997392375359741,-0.027058165281381837,-8.69093535017208,-17.38187070034416
flap,0.9015970107897946,-0.02842508187110377,-8.65256839216432,-17.30513678432864
flap,0.896083506476101,-0.02442238010394298,-8.574020411612885,-17.14804082322577
flap,0.8979014027647476,-0.02572393135899852,-8.623900973356827,-17.247801946713654
flap,0.8925087626547685,-0.02191300901712647,-8.392609713434226,-16.78521942686845
flap,0.8942859597727739,-0.02315207265665186,-8.473713258062064,-16.94742651612413
flap,0.8890166504829216,-0.0195199800039626,-8.100551143717258,-16.201102287434516
flap,0.8907523262248183,-0.020702311466230354,-8.216510307091962,-16.433020614183924
flap,0.8856081977173926,-0.017234865458408008,-7.84422700526911,-15.68845401053822
flap,0.8873019409804466,-0.018364164668021897,-7.991142198620906,-15.982284397241813
flap,0.8831086930961873,-0.015592715588440114,-7.616551895492165,-15.23310379098433
flap,0.8798445373902046,-0.0134854029752327,-7.552902597396491,-15.105805194792982
flap,0.8766617800255048,-0.011472232888054254,-7.491190507481974,-14.982381014963948
flap,0.8735587765911526,-0.009549505402301022,-7.3991538844703495,-14.798307768940699
flap,0.8705330604707454,-0.007715987209771747,-7.307566965380563,-14.615133930761125
flap,0.8675825761506147,-0.005969211694063923,-7.210247324185043,-14.420494648370086
flap,0.8647060903225593,-0.00430465672510629,-7.075350543699475,-14.15070108739895
flap,0.861901958575644,-0.0027190334810288414,-6.940153814469431,-13.880307628938862
flap,0.8591697698071352,-0.001207408729026566,-6.821075923780749,-13.642151847561498
flap,0.8565087018115652,0.00023391745550429557,-6.690616030762455,-13.38123206152491
flap,0.8539162879725317,0.0016061783807649961,-6.587156013107707,-13.174312026215414
flap,0.8513892394681646,0.0029089629440217845,-6.415577491759657,-12.831154983519314
flap,0.848925500784795,0.004143093350742163,-6.252429040082525,-12.50485808016505
flap,0.8465234275114882,0.005310625114594887,-6.048844721054309,-12.097689442108617
flap,0.8441809641345752,0.006412791543781207,-5.885329340439665,-11.77065868087933
flap,0.8418972884485885,0.007452470357437382,-5.79525634108764,-11.59051268217528
flap,0.8396724004535284,0.008433772582900921,-5.693089197584693,-11.386178395169386
flap,0.8375050668411934,0.009359575939308081,-5.5581246788887935,-11.116249357777587
flap,0.835392820995181,0.010230702632126365,-5.423902834380159,-10.847805668760317
flap,0.83333442960729,0.01104756376408952,-5.303205828772477,-10.606411657544953
flap,0.8313294815747865,0.011813037054333805,-5.17502234901566,-10.35004469803132
flap,0.8293771546922032,0.01253164463293048,-5.0309364406359425,-10.061872881271885
flap,0.8274766267540725,0.01320585311628205,-4.86217683980825,-9.7243536796165
flap,0.8256262533494594,0.013834429196187265,-4.686841621068942,-9.373683242137885
flap,0.8238239789646952,0.014416550667178625,-4.521543201622003,-9.043086403244006
flap,0.8220681591888448,0.014953450837457374,-4.348915413733846,-8.697830827467692
flap,0.8203579718164408,0.01544636301522477,-4.17794227444006,-8.35588454888012
flap,0.8186934168474831,0.015897342714149575,-4.012197179342927,-8.024394358685853
flap,0.8170728498710369,0.016306389934231787,-3.831617346248107,-7.663234692496214
flap,0.815494626476167,0.01667309357273764,-3.6424003265649842,-7.2848006531299685
flap,0.813957924457406,0.016998686937868393,-3.4473936815428488,-6.8947873630856975
flap,0.81246233271202,0.01728275892689031,-3.247880947788273,-6.495761895576546
flap,0.8110074401372753,0.01752572064253713,-3.0441518347171543,-6.088303669434309
flap,0.8095920134249708,0.017729627598477606,-2.8410765104611944,-5.682153020922389
flap,0.8082156414723725,0.01789530200017924,-2.634585738642852,-5.269171477285704
flap,0.8068783242794806,0.01802109943670703,-2.4258829138436147,-4.851765827687229
flap,0.8055792396408277,0.018105375497125976,-2.2240099837866367,-4.4480199675732734
flap,0.8043179764536796,0.018151419003306087,-2.041734211491538,-4.083468422983076
flap,0.8030945347180367,0.018158818852513605,-1.8675990465751418,-3.7351980931502835
flap,0.801909325536633,0.01813045276388479,-1.6884483352647022,-3.3768966705294043
flap,0.8007623489094677,0.018065087429218384,-1.4511223151981696,-2.902244630396339
flap,0.799654427042009,0.01795203417743687,-1.1465441338935363,-2.2930882677870725
flap,0.7985863821397239,0.01779375962494275,-0.7971066440798913,-1.5942132881597826
flap,0.7975602697162814,0.017591085977203526,-0.3710945157515339,-0.7421890315030678
flap,0.7965785563880842,0.01733990220688169,0.13433216837416118,0.26866433674832235
flap,0.7956416532578657,0.017041852724912245,0.7106616039051009,1.4213232078102018
flap,0.7947524380447624,0.01669899304496395,1.3663111149341427,2.7326222298682854
flap,0.7939133773651765,0.016314200886173053,2.07817335538469,4.15634671076938
flap,0.7931248823218423,0.015891587275877063,2.8352203488120002,5.6704406976240005
flap,0.7923881862229606,0.015433618830478495,3.618594465346243,7.237188930692486
flap,0.7917049334794664,0.014943995474581105,4.391589649755117,8.783179299510234
flap,0.7910743018858926,0.014428472646457406,5.121330955783954,10.242661911567907
flap,0.7904930026203687,0.013893216887113655,5.786013303303415,11.57202660660683
flap,0.78995939127196,0.013344394737556126,6.376838762055703,12.753677524111406
flap,0.7894685346078614,0.012786939430589825,6.9027452986734374,13.805490597346875
flap,0.7890208437308065,0.012223317582617261,7.385450531696042,14.770901063392085
flap,0.7886146742298605,0.01164407383076216,7.8349247906349575,15.669849581269915
flap,0.7882405707421473,0.01103523068207699,8.251594553511584,16.503189107023168
flap,0.7879059331168738,0.01039226600649049,8.627472553398018,17.254945106796036
flap,0.7876181612032482,0.00971476870126891,8.95821272392279,17.91642544784558
flap,0.7873751994876015,0.009006849793749758,9.21692162367776,18.43384324735552
flap,0.7871745813535309,0.008273442516738047,9.40596701273762,18.81193402547524
flap,0.787012606876433,0.0075178356921037845,9.52526584686279,19.05053169372558
flap,0.7868859872344378,0.0067429070389832275,9.58105391785961,19.16210783571922
flap,0.7868058222013563,0.005949889865577628,9.612670489352093,19.225340978704185
flap,0.7867712895717212,0.005140428582821989,9.63301001650337,19.26602003300674
flap,0.7867910225029413,0.00431740090985257,9.668294022657225,19.33658804531445
flap,0.786875709666094,0.0034853289767406296,9.744724650883132,19.489449301766264
flap,0.7870167179037705,0.0026618902010374585,9.8127150067136,19.6254300134272
flap,0.7872087028804322,0.0018622953838918436,9.85547685948442,19.71095371896884
flap,0.7874397426168003,0.001088600038972539,9.851382480557481,19.702764961114962
flap,0.7877073704964722,0.00034203747448079776,9.81633997089913,19.63267994179826
flap,0.7880045977729742,-0.00037903672051838407,9.750608881617328,19.501217763234656
flap,0.7883240245970986,-0.0010750336487587572,9.666517665159818,19.333035330319635
flap,0.7886644176606444,-0.0017463644129740732,9.566209340873073,19.132418681746145
flap,0.7890216659362741,-0.0023942623213655837,9.456646629577843,18.913293259155687
flap,0.7893908361911823,-0.0030203717848682945,9.338782565192096,18.677565130384192
flap,0.7897690507062332,-0.0036263372144172083,9.207495434697714,18.414990869395428
flap,0.7901567205841604,-0.004218736253752339,9.053982162288648,18.107964324577296
flap,0.7905702899343139,-0.004822646169632498,8.890083325477407,17.780166650954815
flap,0.7910270250715112,-0.005455333276875224,8.702038062579526,17.40407612515905
flap,0.7915314481258237,-0.006116797575480517,8.500603036889384,17.001206073778768
flap,0.7920864368163874,-0.006809505681850883,8.283034968114922,16.566069936229844
flap,0.7926961021705401,-0.007533457595986321,8.034433159137972,16.068866318275944
flap,0.7933694884484241,-0.008284953393283074,7.742360319610184,15.484720639220368
flap,0.7941148177047147,-0.009061115354604885,7.421275008886102,14.842550017772204
flap,0.7949382564804179,-0.009861121274484252,7.0810677832467945,14.162135566493589
flap,0.7958467935220075,-0.010681682331051165,6.715148046194105,13.43029609238821
flap,0.7968523508087623,-0.0115129320586956,6.321377383854665,12.64275476770933
flap,0.7979738390664348,-0.01233678193713252,5.9204156870860345,11.840831374172069
flap,0.7992092027813564,-0.013161454021036946,5.673043311975114,11.346086623950228
flap,0.8005543309261897,-0.013995992570551395,5.372870644349823,10.745741288699646
flap,0.8020277231239531,-0.01481984244898832,5.045743822765137,10.091487645530274
flap,0.8036445901757956,-0.015612037416926416,4.772172019901503,9.544344039803006
flap,0.8053983544379771,-0.01639559922745574,4.6585681698743855,9.317136339748771
flap,0.8072857270886278,-0.017190260811796344,4.501816975060848,9.003633950121696
flap,0.8093178079015588,-0.01799067783440946,4.422297098251799,8.844594196503598
flap,0.8114962412877051,-0.018816583226515134,4.380834120025826,8.761668240051652
flap,0.813825549377138,-0.01967989896739215,4.352477133150937,8.704954266301874
flap,0.8163147764300002,-0.02058761380351427,4.3745668871445975,8.749133774289195
flap,0.8189721445009664,-0.021548360892290258,4.394866818919053,8.789733637838106
flap,0.821805464541978,-0.02257365111026515,4.425481347778125,8.85096269555625
flap,0.8248225475049762,-0.02367992856678898,4.485541742774099,8.971083485548197
flap,0.8280349042665062,-0.024874182008335514,4.5328738406435996,9.065747681287199
flap,0.8314565123195155,-0.026158878051307264,4.566385868586582,9.132771737173163
flap,0.835102171362419,-0.02753853882577548,4.645765974575507,9.291531949151015
flap,0.8399860718393803,-0.02940823405887484,4.87941307466137,9.75882614932274
flap,0.8379840015260132,-0.02863782753582554,4.821618888170863,9.643237776341726
flap,0.8441789086209157,-0.03105511161028489,4.974348401895526,9.948696803791051
flap,0.8420510408710208,-0.03021399541703043,4.943674839269136,9.887349678538271
flap,0.8486412232444163,-0.032834158690592474,5.022300787676566,10.044601575353132
flap,0.8463756360787147,-0.031928499368139115,5.006061409697814,10.012122819395628
flap,0.8533925430897338,-0.03474845857030018,5.075198070563994,10.150396141127988
flap,0.8509801922480833,-0.03377414509131041,5.0634907351347405,10.126981470269481
flap,0.8695219532970853,-0.04154645337560575,5.3867378125546015,10.773475625109203
flap,0.8666249123323422,-0.040294234448600336,5.333891144411424,10.667782288822847
flap,0.8755953795341558,-0.04419765490556602,5.5325099366596175,11.065019873319235
flap,0.8725121090310235,-0.04284759352792787,5.464574815669564,10.929149631339127
flap,0.8820412648480036,-0.047095106973042686,5.6757391942870346,11.351478388574069
flap,0.8787717648064823,-0.045613492720604235,5.631422901544065,11.26284580308813
flap,0.8888861253649573,-0.05024949824911381,5.792130201745222,11.584260403490443
flap,0.8854127183674954,-0.04864044214921255,5.747985281555286,11.495970563110571
flap,0.896744833740462,-0.05402287320796892,5.898065823498567,11.796131646997134
flap,0.8942960317897527,-0.052835334444407245,5.9217824137001775,11.843564827400355
flap,0.891847229839043,-0.05164779568084531,5.94673542267072,11.89347084534144
flap,0.9044591765393051,-0.057862298672716875,5.937555831266753,11.875111662533506
flap,0.9018631998099071,-0.05656403623952872,5.979237070875099,11.958474141750198
flap,0.8992672230805081,-0.05526577380634003,5.976688357469271,11.953376714938543
flap,0.9117558389606627,-0.06160018176223141,5.88751305048511,11.77502610097022
flap,0.9093563693379869,-0.06036468101305693,5.92703466290435,11.8540693258087
flap,0.906956899715309,-0.05912918026388132,5.980175816412116,11.960351632824231
flap,0.9179288890935361,-0.0648898943548246,6.049437453437115,12.09887490687423
flap,0.9146133455458346,-0.0631085862094817,5.992849064469278,11.985698128938555
flap,0.92418628380395,-0.0683106802023612,6.0781772522673085,12.156354504534617
flap,0.9211198685129015,-0.06662392568578102,6.097638048578385,12.19527609715677
flap,0.9299657715864207,-0.07156147506951552,6.202614599880953,12.405229199761907
flap,0.9271349181618116,-0.06995652999695179,6.104732530943523,12.209465061887046
flap,0.9352938685671683,-0.07466345074701547,6.388028857135357,12.776057714270713
flap,0.9326854217215185,-0.07313044865285814,6.321549654285221,12.643099308570442
flap,0.9402024352081464,-0.07762462373821848,6.5824135334519465,13.164827066903893
flap,0.9377995397293719,-0.07616150910879882,6.541745336205009,13.083490672410019
flap,0.9447264152417161,-0.080442321875352,6.619889186220089,13.239778372440178
flap,0.9425113937122659,-0.0790515613270725,6.629172505953594,13.258345011907188
flap,0.948900546848864,-0.08311407854200442,6.775380142859227,13.550760285718454
flap,0.9468561329539205,-0.08179649428033259,6.751103856074883,13.502207712149765
flap,0.9527476462313054,-0.08565119906334852,6.800126906117343,13.600253812234685
flap,0.9508643846079922,-0.0843989801363431,6.814876973312678,13.629753946625357
flap,0.9562971072345036,-0.08805080572024787,6.635740389076867,13.271480778153734
flap,0.9545585537734709,-0.08686847425798011,6.76471550572858,13.52943101145716
flap,0.9587729734485186,-0.0897556487571131,6.609520099002159,13.219040198004318
flap,0.9618644660063259,-0.09191804913664314,6.643171966243658,13.286343932487316
flap,0.9647228633140963,-0.09395177436050914,6.656953683066831,13.313907366133662
flap,0.9673683094057838,-0.09585970214784734,6.686810081369392,13.373620162738783
flap,0.9698201261098747,-0.097644710217794,6.642098798601964,13.284197597203928
flap,0.9720947575357186,-0.09931173180315413,6.687710543892405,13.37542108778481
flap,0.9742028923543935,-0.10087063336953775,6.703463767683905,13.40692753536781
flap,0.976154808134243,-0.10233087027982116,6.637422434907671,13.274844869815341
flap,0.9779620157518123,-0.10369902017774435,6.6394903175873115,13.278980635174623
flap,0.9796356149809125,-0.10498001629611235,6.583552429750146,13.167104859500292
flap,0.9811862944926211,-0.1061783807649964,6.477832331187246,12.955664662374492
flap,0.9826230985470807,-0.10729904681720151,6.424876189403808,12.849752378807615
flap,0.9839538380962325,-0.10834735878826646,6.439965665657783,12.879931331315566
flap,0.985185912989284,-0.10932907211646375,6.4217252366225015,12.843450473245003
flap,0.9863259008699755,-0.1102491200345984,6.434630617340833,12.869261234681666
flap,0.9873803793820468,-0.11111038026180664,6.473802384110036,12.947604768220073
flap,0.9883571594774391,-0.11191573051722475,6.498992992175129,12.997985984350258
flap,0.9892624076971586,-0.11266845962272275,6.518875447828703,13.037750895657407
flap,0.9901014683767443,-0.11337185640017064,6.536974791273634,13.073949582547268
flap,0.9908788636462674,-0.11402920967143845,6.525061473153894,13.050122946307788
flap,0.9915995267385329,-0.11464257495019489,6.484531392852925,12.96906278570585
flap,0.9922683908863457,-0.1152144188528425,6.426989149774476,12.853978299548952
flap,0.9928891560143096,-0.11574720799578375,6.351278780676649,12.702557561353299
flap,0.9934651109442947,-0.11624423120088864,6.258410200848191,12.516820401696382
flap,0.9939991333954372,-0.1167079550845597,6.132407257771989,12.264814515543979
flap,0.9944941010868733,-0.11714084626319946,5.972139757489803,11.944279514979605
flap,0.994953713943207,-0.1175445491477429,5.755363365704616,11.510726731409232
flap,0.9953820829917754,-0.11791865263545631,5.479812998855962,10.959625997711925
flap,0.9957849636708512,-0.1182606901099371,5.142049993779057,10.284099987558115
flap,0.996165233699571,-0.1185723059821203,4.791002154346311,9.582004308692621
flap,0.9965163154341943,-0.11886624443675226,4.402955120623822,8.805910241247645
flap,0.9968414976965914,-0.11914044996016415,3.8278757472714453,7.655751494542891
flap,0.9971580468015795,-0.11937354521020095,3.088121122836155,6.17624224567231
flap,0.997472540392899,-0.1195626524677264,2.4822918929987616,4.964583785997523
flap,0.9977652455393298,-0.11976244839632935,2.2196554320807733,4.439310864161547
