iteration,continuity,momentum,velocity_change,mass_imbalance
1,6.768814932926574e-11,0.2304475103432632,0.38627198195988155,1.3926915718755204e-12
2,3.256706914168679e-11,0.10201437568562062,0.19106669883060134,3.693063650028749e-13
3,2.094410907725608e-11,0.04990078547208781,0.08622631815027074,4.61294143074692e-13
4,1.2306314821353137e-11,0.026777399465420848,0.05299342970906812,3.853999910007066e-13
5,8.078622406454405e-12,0.01580370882699503,0.03686169655535052,1.9278469879507873e-13
6,4.929185924988817e-12,0.01094689246392362,0.02551200851833241,1.2756316185649763e-13
7,3.1391848417049693e-12,0.007530749326863803,0.017538979896680174,7.453889935837843e-14
8,3.1445496687065694e-12,0.005149904497298817,0.011987955178460177,9.859463506040055e-14
9,1.6236936969596068e-12,0.003505392331463266,0.008156786830192629,6.945670167485263e-14
10,1.0031378967045142e-12,0.002377832502981315,0.005531543794070563,4.455393302557619e-14
11,1.3417792263896577e-12,0.0016108270306680029,0.003742356663079,3.218725199566341e-14
12,8.641374430260852e-13,0.0012012408176434097,0.0025277115614258817,2.2531076396964386e-14
13,5.505345708739681e-13,0.0008977822909336593,0.0017053540786102477,1.7957098481791167e-14
14,3.3315310170841374e-13,0.0006726513968568282,0.0011496349055521628,1.2366681029912783e-14
15,2.103353908687773e-13,0.0005053180605009425,0.0007745840852374682,7.453889935837843e-15
16,1.347777734550656e-13,0.00038066516968476437,0.0005216884599312799,4.404571325722362e-15
17,1.7687635044114037e-13,0.0002875717333086117,0.0003512637397247182,3.218725199566341e-15
18,1.2235042137626797e-13,0.00021785912331853387,0.0002364684934493596,1.5246593050577404e-15
19,8.104676064097387e-14,0.00016550761396297094,0.00015916559643956545,3.388131789017201e-16
20,8.959126973524799e-14,0.0001260803467582538,0.00010712149626709855,5.082197683525802e-16
21,5.588964598707854e-14,9.630081855321769e-05,7.208852759264112e-05,5.082197683525802e-16
22,4.299386325275032e-14,7.374376254725196e-05,4.850931709272921e-05,5.082197683525802e-16
23,5.303900863397449e-14,5.660950537107836e-05,3.264065626205209e-05,0.0
24,3.8527149793791516e-14,4.377664393396351e-05,2.1959552957279138e-05,1.6940658945086004e-16
25,2.5402230771882082e-14,3.434455471117305e-05,1.47751922821137e-05,3.388131789017201e-16
26,1.741383171828279e-14,2.6962575269588534e-05,9.940526032523045e-06,3.388131789017201e-16
27,1.3084143885151487e-14,2.1180208279442088e-05,6.687536765678792e-06,1.6940658945086004e-16
28,1.229877233228432e-14,1.6648016113625574e-05,4.498859757168586e-06,3.388131789017201e-16
29,6.668071032879052e-15,1.3092441830553473e-05,3.026494764220636e-06,0.0
30,7.772563886886175e-15,1.030136122241032e-05,2.0356872435563916e-06,0.0
31,6.0034377069588726e-15,8.157125002202598e-06,1.3692056093517896e-06,0.0
32,9.173781985204845e-15,6.500590596654412e-06,9.20626125680557e-07,0.0
33,8.03409009507546e-15,5.180203667123561e-06,6.188747730430377e-07,0.0
34,9.57240418615156e-15,4.127471134908144e-06,4.157404498786321e-07,3.388131789017201e-16
35,6.8094478349421235e-15,3.28988704158238e-06,2.789277571933757e-07,3.388131789017201e-16
36,7.044849925388461e-15,2.618774825778951e-06,1.8666838712787237e-07,3.388131789017201e-16
37,9.788408258975523e-15,2.086349213091701e-06,1.287540859519487e-07,3.388131789017201e-16
38,1.1617033173502802e-14,1.6627816250241353e-06,8.874889430125765e-08,0.0
39,8.555394907287077e-15,1.329551810568552e-06,5.9055242467020985e-08,0.0
40,6.8451356523728374e-15,1.061259307703918e-06,4.134856085996619e-08,0.0
41,9.498198149162105e-15,8.469435354622081e-07,2.8933689645571636e-08,0.0
