theta_rad,is_inner,numerical_resisting_traction_pa
6.135923151542564680e-03,1.000000000000000000e+00,2.909994246370154478e-04
1.840776945462769404e-02,1.000000000000000000e+00,2.909994246370144720e-04
3.067961575771281993e-02,1.000000000000000000e+00,2.909994246370085631e-04
4.295146206079795276e-02,1.000000000000000000e+00,2.909994246370017868e-04
5.522330836388308212e-02,1.000000000000000000e+00,2.909994246370302472e-04
6.749515466696821842e-02,1.000000000000000000e+00,2.909994246370073705e-04
7.976700097005334777e-02,1.000000000000000000e+00,2.909994246370169657e-04
9.203884727313846326e-02,1.000000000000000000e+00,2.909994246370128457e-04
1.043106935762235926e-01,1.000000000000000000e+00,2.909994246369968537e-04
1.165825398793087359e-01,1.000000000000000000e+00,2.909994246370088884e-04
1.288543861823938652e-01,1.000000000000000000e+00,2.909994246370439623e-04
1.411262324854790084e-01,1.000000000000000000e+00,2.909994246369813496e-04
1.533980787885641239e-01,1.000000000000000000e+00,2.909994246370094305e-04
1.656699250916492672e-01,1.000000000000000000e+00,2.909994246370174536e-04
1.779417713947343549e-01,1.000000000000000000e+00,2.909994246369971248e-04
1.902136176978194981e-01,1.000000000000000000e+00,2.909994246370767052e-04
2.024854640009046414e-01,1.000000000000000000e+00,2.909994246368938003e-04
2.147573103039898124e-01,1.000000000000000000e+00,2.909994246371024008e-04
2.270291566070749001e-01,1.000000000000000000e+00,2.909994246369589067e-04
2.393010029101600433e-01,1.000000000000000000e+00,2.909994246370051479e-04
2.515728492132451311e-01,1.000000000000000000e+00,2.909994246370597375e-04
2.638446955163303298e-01,1.000000000000000000e+00,2.909994246370183209e-04
2.761165418194154175e-01,1.000000000000000000e+00,2.909994246369900233e-04
2.883883881225005053e-01,1.000000000000000000e+00,2.909994246370374571e-04
3.006602344255857040e-01,1.000000000000000000e+00,2.909994246370532864e-04
3.129320807286708472e-01,1.000000000000000000e+00,2.909994246369415052e-04
3.252039270317559905e-01,1.000000000000000000e+00,2.909994246370374029e-04
3.374757733348410782e-01,1.000000000000000000e+00,2.909994246369703992e-04
3.497476196379261659e-01,1.000000000000000000e+00,2.909994246370433118e-04
3.620194659410112537e-01,1.000000000000000000e+00,2.909994246369898606e-04
3.742913122440964524e-01,1.000000000000000000e+00,2.909994246369374394e-04
3.865631585471816511e-01,1.000000000000000000e+00,2.909994246370619059e-04
3.988350048502667389e-01,1.000000000000000000e+00,2.909994246369919206e-04
4.111068511533517711e-01,1.000000000000000000e+00,2.909994246370504675e-04
4.233786974564370253e-01,1.000000000000000000e+00,2.909994246369644361e-04
4.356505437595221686e-01,1.000000000000000000e+00,2.909994246370872762e-04
4.479223900626072563e-01,1.000000000000000000e+00,2.909994246370177788e-04
4.601942363656923440e-01,1.000000000000000000e+00,2.909994246370268319e-04
4.724660826687773763e-01,1.000000000000000000e+00,2.909994246370049852e-04
4.847379289718626305e-01,1.000000000000000000e+00,2.909994246369954985e-04
4.970097752749477737e-01,1.000000000000000000e+00,2.909994246371106950e-04
5.092816215780329170e-01,1.000000000000000000e+00,2.909994246369443241e-04
5.215534678811180047e-01,1.000000000000000000e+00,2.909994246371155739e-04
5.338253141842030924e-01,1.000000000000000000e+00,2.909994246368320008e-04
5.460971604872882912e-01,1.000000000000000000e+00,2.909994246369825965e-04
5.583690067903733789e-01,1.000000000000000000e+00,2.909994246369586356e-04
5.706408530934585777e-01,1.000000000000000000e+00,2.909994246370504675e-04
5.829126993965436654e-01,1.000000000000000000e+00,2.909994246369910532e-04
5.951845456996287531e-01,1.000000000000000000e+00,2.909994246370896072e-04
6.074563920027138408e-01,1.000000000000000000e+00,2.909994246369624845e-04
6.197282383057989286e-01,1.000000000000000000e+00,2.909994246369513714e-04
6.320000846088842383e-01,1.000000000000000000e+00,2.909994246371123213e-04
6.442719309119693261e-01,1.000000000000000000e+00,2.909994246369992390e-04
6.565437772150544138e-01,1.000000000000000000e+00,2.909994246369666045e-04
6.688156235181395015e-01,1.000000000000000000e+00,2.909994246371760181e-04
6.810874698212247003e-01,1.000000000000000000e+00,2.909994246368613827e-04
6.933593161243097880e-01,1.000000000000000000e+00,2.909994246370245009e-04
7.056311624273948757e-01,1.000000000000000000e+00,2.909994246370216277e-04
7.179030087304800745e-01,1.000000000000000000e+00,2.909994246369720797e-04
7.301748550335652732e-01,1.000000000000000000e+00,2.909994246370790363e-04
7.424467013366503609e-01,1.000000000000000000e+00,2.909994246370459139e-04
7.547185476397353376e-01,1.000000000000000000e+00,2.909994246369262722e-04
7.669903939428205364e-01,1.000000000000000000e+00,2.909994246370351261e-04
7.792622402459057351e-01,1.000000000000000000e+00,2.909994246369978837e-04
7.915340865489908229e-01,1.000000000000000000e+00,2.909994246370024916e-04
8.038059328520759106e-01,1.000000000000000000e+00,2.909994246371259280e-04
8.160777791551609983e-01,1.000000000000000000e+00,2.909994246369390115e-04
8.283496254582463081e-01,1.000000000000000000e+00,2.909994246370077500e-04
8.406214717613313958e-01,1.000000000000000000e+00,2.909994246370556175e-04
8.528933180644163725e-01,1.000000000000000000e+00,2.909994246370134962e-04
8.651651643675015713e-01,1.000000000000000000e+00,2.909994246370525817e-04
8.774370106705866590e-01,1.000000000000000000e+00,2.909994246370419023e-04
8.897088569736717467e-01,1.000000000000000000e+00,2.909994246369479020e-04
9.019807032767569455e-01,1.000000000000000000e+00,2.909994246370532864e-04
9.142525495798421442e-01,1.000000000000000000e+00,2.909994246369486609e-04
9.265243958829272319e-01,1.000000000000000000e+00,2.909994246371218080e-04
9.387962421860123197e-01,1.000000000000000000e+00,2.909994246369104970e-04
9.510680884890976294e-01,1.000000000000000000e+00,2.909994246369789102e-04
9.633399347921828282e-01,1.000000000000000000e+00,2.909994246371364990e-04
9.756117810952678049e-01,1.000000000000000000e+00,2.909994246369052929e-04
9.878836273983528926e-01,1.000000000000000000e+00,2.909994246369352710e-04
1.000155473701437980e+00,1.000000000000000000e+00,2.909994246370960040e-04
1.012427320004523290e+00,1.000000000000000000e+00,2.909994246369751155e-04
1.024699166307608600e+00,1.000000000000000000e+00,2.909994246371182844e-04
1.036971012610693466e+00,1.000000000000000000e+00,2.909994246368346029e-04
1.049242858913778553e+00,1.000000000000000000e+00,2.909994246371287469e-04
1.061514705216863641e+00,1.000000000000000000e+00,2.909994246369713750e-04
1.073786551519948729e+00,1.000000000000000000e+00,2.909994246369971248e-04
1.086058397823033816e+00,1.000000000000000000e+00,2.909994246369983174e-04
1.098330244126119126e+00,1.000000000000000000e+00,2.909994246370591411e-04
1.110602090429204214e+00,1.000000000000000000e+00,2.909994246370209230e-04
1.122873936732289302e+00,1.000000000000000000e+00,2.909994246369402042e-04
1.135145783035374389e+00,1.000000000000000000e+00,2.909994246370247719e-04
1.147417629338459699e+00,1.000000000000000000e+00,2.909994246370327950e-04
1.159689475641544787e+00,1.000000000000000000e+00,2.909994246370337708e-04
1.171961321944629875e+00,1.000000000000000000e+00,2.909994246370473775e-04
1.184233168247714962e+00,1.000000000000000000e+00,2.909994246369588524e-04
1.196505014550800050e+00,1.000000000000000000e+00,2.909994246369951190e-04
1.208776860853885360e+00,1.000000000000000000e+00,2.909994246370275909e-04
1.221048707156970448e+00,1.000000000000000000e+00,2.909994246369913785e-04
1.233320553460055535e+00,1.000000000000000000e+00,2.909994246369975585e-04
1.245592399763140623e+00,1.000000000000000000e+00,2.909994246370756752e-04
1.257864246066225711e+00,1.000000000000000000e+00,2.909994246370000521e-04
1.270136092369310798e+00,1.000000000000000000e+00,2.909994246370081836e-04
1.282407938672396108e+00,1.000000000000000000e+00,2.909994246369934385e-04
1.294679784975481196e+00,1.000000000000000000e+00,2.909994246370057984e-04
1.306951631278566284e+00,1.000000000000000000e+00,2.909994246369997269e-04
1.319223477581651371e+00,1.000000000000000000e+00,2.909994246370346924e-04
1.331495323884736459e+00,1.000000000000000000e+00,2.909994246369969079e-04
1.343767170187821547e+00,1.000000000000000000e+00,2.909994246370089426e-04
1.356039016490906857e+00,1.000000000000000000e+00,2.909994246371234885e-04
1.368310862793991944e+00,1.000000000000000000e+00,2.909994246369258385e-04
1.380582709097077032e+00,1.000000000000000000e+00,2.909994246370495460e-04
1.392854555400162120e+00,1.000000000000000000e+00,2.909994246369687729e-04
1.405126401703247430e+00,1.000000000000000000e+00,2.909994246370269403e-04
1.417398248006332517e+00,1.000000000000000000e+00,2.909994246369984258e-04
1.429670094309417605e+00,1.000000000000000000e+00,2.909994246370132252e-04
1.441941940612502693e+00,1.000000000000000000e+00,2.909994246369953901e-04
1.454213786915587781e+00,1.000000000000000000e+00,2.909994246370138757e-04
1.466485633218672868e+00,1.000000000000000000e+00,2.909994246370184836e-04
1.478757479521758178e+00,1.000000000000000000e+00,2.909994246370082921e-04
1.491029325824843266e+00,1.000000000000000000e+00,2.909994246370183751e-04
1.503301172127928353e+00,1.000000000000000000e+00,2.909994246369951190e-04
1.515573018431013441e+00,1.000000000000000000e+00,2.909994246370030879e-04
1.527844864734098529e+00,1.000000000000000000e+00,2.909994246370291630e-04
1.540116711037183839e+00,1.000000000000000000e+00,2.909994246370047684e-04
1.552388557340268926e+00,1.000000000000000000e+00,2.909994246370085089e-04
1.564660403643354014e+00,1.000000000000000000e+00,2.909994246370148515e-04
1.576932249946439102e+00,1.000000000000000000e+00,2.909994246370119783e-04
1.589204096249524190e+00,1.000000000000000000e+00,2.909994246370109484e-04
1.601475942552609499e+00,1.000000000000000000e+00,2.909994246370100810e-04
1.613747788855694587e+00,1.000000000000000000e+00,2.909994246370068284e-04
1.626019635158779675e+00,1.000000000000000000e+00,2.909994246370311145e-04
1.638291481461864763e+00,1.000000000000000000e+00,2.909994246370076957e-04
1.650563327764949850e+00,1.000000000000000000e+00,2.909994246370331203e-04
1.662835174068034938e+00,1.000000000000000000e+00,2.909994246369862828e-04
1.675107020371120248e+00,1.000000000000000000e+00,2.909994246370071536e-04
1.687378866674205335e+00,1.000000000000000000e+00,2.909994246370343671e-04
1.699650712977290423e+00,1.000000000000000000e+00,2.909994246369891017e-04
1.711922559280375511e+00,1.000000000000000000e+00,2.909994246369673634e-04
1.724194405583460599e+00,1.000000000000000000e+00,2.909994246370388124e-04
1.736466251886545908e+00,1.000000000000000000e+00,2.909994246370048226e-04
1.748738098189630996e+00,1.000000000000000000e+00,2.909994246370203809e-04
1.761009944492716084e+00,1.000000000000000000e+00,2.909994246369971248e-04
1.773281790795801172e+00,1.000000000000000000e+00,2.909994246370141468e-04
1.785553637098886259e+00,1.000000000000000000e+00,2.909994246370179957e-04
1.797825483401971569e+00,1.000000000000000000e+00,2.909994246369960948e-04
1.810097329705056657e+00,1.000000000000000000e+00,2.909994246370170741e-04
1.822369176008141745e+00,1.000000000000000000e+00,2.909994246370069368e-04
1.834641022311226832e+00,1.000000000000000000e+00,2.909994246369992390e-04
1.846912868614311920e+00,1.000000000000000000e+00,2.909994246369879091e-04
1.859184714917397008e+00,1.000000000000000000e+00,2.909994246370407097e-04
1.871456561220482318e+00,1.000000000000000000e+00,2.909994246370203809e-04
1.883728407523567405e+00,1.000000000000000000e+00,2.909994246370335540e-04
1.896000253826652493e+00,1.000000000000000000e+00,2.909994246369560335e-04
1.908272100129737581e+00,1.000000000000000000e+00,2.909994246370550212e-04
1.920543946432822668e+00,1.000000000000000000e+00,2.909994246369684476e-04
1.932815792735907756e+00,1.000000000000000000e+00,2.909994246370821804e-04
1.945087639038993066e+00,1.000000000000000000e+00,2.909994246369962032e-04
1.957359485342078154e+00,1.000000000000000000e+00,2.909994246369887222e-04
1.969631331645163241e+00,1.000000000000000000e+00,2.909994246369585272e-04
1.981903177948248329e+00,1.000000000000000000e+00,2.909994246370397881e-04
1.994175024251333417e+00,1.000000000000000000e+00,2.909994246369255674e-04
2.006446870554418282e+00,1.000000000000000000e+00,2.909994246370511723e-04
2.018718716857503814e+00,1.000000000000000000e+00,2.909994246370098642e-04
2.030990563160588902e+00,1.000000000000000000e+00,2.909994246371166581e-04
2.043262409463673990e+00,1.000000000000000000e+00,2.909994246370021121e-04
2.055534255766759522e+00,1.000000000000000000e+00,2.909994246370782773e-04
2.067806102069844165e+00,1.000000000000000000e+00,2.909994246370230372e-04
2.080077948372929697e+00,1.000000000000000000e+00,2.909994246369162433e-04
2.092349794676014341e+00,1.000000000000000000e+00,2.909994246369637856e-04
2.104621640979099872e+00,1.000000000000000000e+00,2.909994246369895896e-04
2.116893487282184516e+00,1.000000000000000000e+00,2.909994246370344755e-04
2.129165333585270048e+00,1.000000000000000000e+00,2.909994246369983174e-04
2.141437179888354692e+00,1.000000000000000000e+00,2.909994246369894812e-04
2.153709026191440223e+00,1.000000000000000000e+00,2.909994246370138757e-04
2.165980872494525311e+00,1.000000000000000000e+00,2.909994246370156646e-04
2.178252718797610399e+00,1.000000000000000000e+00,2.909994246370463476e-04
2.190524565100695487e+00,1.000000000000000000e+00,2.909994246369866622e-04
2.202796411403780574e+00,1.000000000000000000e+00,2.909994246370809878e-04
2.215068257706866106e+00,1.000000000000000000e+00,2.909994246369050760e-04
2.227340104009950750e+00,1.000000000000000000e+00,2.909994246370646706e-04
2.239611950313036282e+00,1.000000000000000000e+00,2.909994246370272114e-04
2.251883796616120925e+00,1.000000000000000000e+00,2.909994246369538651e-04
2.264155642919206457e+00,1.000000000000000000e+00,2.909994246371122128e-04
2.276427489222291101e+00,1.000000000000000000e+00,2.909994246368923366e-04
2.288699335525376632e+00,1.000000000000000000e+00,2.909994246370748079e-04
2.300971181828462164e+00,1.000000000000000000e+00,2.909994246369766334e-04
2.313243028131546808e+00,1.000000000000000000e+00,2.909994246370146889e-04
2.325514874434632340e+00,1.000000000000000000e+00,2.909994246369325605e-04
2.337786720737716983e+00,1.000000000000000000e+00,2.909994246371139476e-04
2.350058567040802515e+00,1.000000000000000000e+00,2.909994246370017868e-04
2.362330413343887159e+00,1.000000000000000000e+00,2.909994246369815123e-04
2.374602259646972247e+00,1.000000000000000000e+00,2.909994246370713926e-04
2.386874105950057334e+00,1.000000000000000000e+00,2.909994246369979921e-04
2.399145952253142866e+00,1.000000000000000000e+00,2.909994246369516967e-04
2.411417798556227510e+00,1.000000000000000000e+00,2.909994246370919925e-04
2.423689644859313042e+00,1.000000000000000000e+00,2.909994246369210138e-04
2.435961491162398573e+00,1.000000000000000000e+00,2.909994246370890651e-04
2.448233337465483217e+00,1.000000000000000000e+00,2.909994246370700374e-04
2.460505183768568749e+00,1.000000000000000000e+00,2.909994246369289827e-04
2.472777030071653837e+00,1.000000000000000000e+00,2.909994246370318735e-04
2.485048876374738924e+00,1.000000000000000000e+00,2.909994246370975761e-04
2.497320722677823568e+00,1.000000000000000000e+00,2.909994246369400415e-04
2.509592568980909100e+00,1.000000000000000000e+00,2.909994246370545875e-04
2.521864415283993743e+00,1.000000000000000000e+00,2.909994246368918487e-04
2.534136261587079275e+00,1.000000000000000000e+00,2.909994246370773557e-04
2.546408107890164363e+00,1.000000000000000000e+00,2.909994246368756941e-04
2.558679954193249451e+00,1.000000000000000000e+00,2.909994246370746452e-04
2.570951800496334982e+00,1.000000000000000000e+00,2.909994246371292890e-04
2.583223646799419626e+00,1.000000000000000000e+00,2.909994246370058526e-04
2.595495493102505158e+00,1.000000000000000000e+00,2.909994246369085455e-04
2.607767339405589802e+00,1.000000000000000000e+00,2.909994246371475578e-04
2.620039185708675333e+00,1.000000000000000000e+00,2.909994246368569916e-04
2.632311032011759977e+00,1.000000000000000000e+00,2.909994246371065208e-04
2.644582878314845509e+00,1.000000000000000000e+00,2.909994246370298677e-04
2.656854724617930152e+00,1.000000000000000000e+00,2.909994246370084005e-04
2.669126570921015684e+00,1.000000000000000000e+00,2.909994246368795973e-04
2.681398417224100772e+00,1.000000000000000000e+00,2.909994246371418116e-04
2.693670263527185860e+00,1.000000000000000000e+00,2.909994246369411257e-04
2.705942109830271392e+00,1.000000000000000000e+00,2.909994246370484075e-04
2.718213956133356035e+00,1.000000000000000000e+00,2.909994246369530520e-04
2.730485802436441567e+00,1.000000000000000000e+00,2.909994246370261272e-04
2.742757648739526211e+00,1.000000000000000000e+00,2.909994246370690074e-04
2.755029495042611298e+00,1.000000000000000000e+00,2.909994246369430231e-04
2.767301341345696386e+00,1.000000000000000000e+00,2.909994246370493291e-04
2.779573187648781918e+00,1.000000000000000000e+00,2.909994246370276993e-04
2.791845033951866561e+00,1.000000000000000000e+00,2.909994246369477394e-04
2.804116880254952093e+00,1.000000000000000000e+00,2.909994246370269945e-04
2.816388726558037181e+00,1.000000000000000000e+00,2.909994246370081836e-04
2.828660572861122269e+00,1.000000000000000000e+00,2.909994246370413060e-04
2.840932419164207356e+00,1.000000000000000000e+00,2.909994246369391200e-04
2.853204265467292444e+00,1.000000000000000000e+00,2.909994246370604964e-04
2.865476111770377976e+00,1.000000000000000000e+00,2.909994246370286208e-04
2.877747958073462620e+00,1.000000000000000000e+00,2.909994246369923001e-04
2.890019804376548151e+00,1.000000000000000000e+00,2.909994246370208146e-04
2.902291650679632795e+00,1.000000000000000000e+00,2.909994246370429323e-04
2.914563496982717883e+00,1.000000000000000000e+00,2.909994246369718087e-04
2.926835343285802971e+00,1.000000000000000000e+00,2.909994246370109484e-04
2.939107189588888502e+00,1.000000000000000000e+00,2.909994246369825423e-04
2.951379035891973590e+00,1.000000000000000000e+00,2.909994246370479196e-04
2.963650882195058678e+00,1.000000000000000000e+00,2.909994246370047142e-04
2.975922728498143766e+00,1.000000000000000000e+00,2.909994246370097557e-04
2.988194574801229297e+00,1.000000000000000000e+00,2.909994246370465644e-04
3.000466421104314385e+00,1.000000000000000000e+00,2.909994246370121952e-04
3.012738267407399029e+00,1.000000000000000000e+00,2.909994246369713750e-04
3.025010113710484561e+00,1.000000000000000000e+00,2.909994246370340961e-04
3.037281960013569204e+00,1.000000000000000000e+00,2.909994246370140925e-04
3.049553806316654736e+00,1.000000000000000000e+00,2.909994246369899148e-04
3.061825652619739824e+00,1.000000000000000000e+00,2.909994246370281330e-04
3.074097498922824911e+00,1.000000000000000000e+00,2.909994246369950106e-04
3.086369345225910443e+00,1.000000000000000000e+00,2.909994246370250972e-04
3.098641191528995531e+00,1.000000000000000000e+00,2.909994246370045516e-04
3.110913037832080619e+00,1.000000000000000000e+00,2.909994246370122494e-04
3.123184884135165262e+00,1.000000000000000000e+00,2.909994246370101352e-04
3.135456730438250794e+00,1.000000000000000000e+00,2.909994246370118699e-04
3.147728576741335438e+00,1.000000000000000000e+00,2.909994246370102436e-04
3.160000423044420526e+00,1.000000000000000000e+00,2.909994246370060694e-04
3.172272269347505613e+00,1.000000000000000000e+00,2.909994246370038468e-04
3.184544115650590701e+00,1.000000000000000000e+00,2.909994246370222241e-04
3.196815961953675789e+00,1.000000000000000000e+00,2.909994246370121952e-04
3.209087808256760876e+00,1.000000000000000000e+00,2.909994246370087257e-04
3.221359654559846408e+00,1.000000000000000000e+00,2.909994246370096473e-04
3.233631500862931496e+00,1.000000000000000000e+00,2.909994246370275366e-04
3.245903347166016584e+00,1.000000000000000000e+00,2.909994246370087800e-04
3.258175193469101671e+00,1.000000000000000000e+00,2.909994246369984800e-04
3.270447039772186759e+00,1.000000000000000000e+00,2.909994246369978295e-04
3.282718886075271847e+00,1.000000000000000000e+00,2.909994246370378366e-04
3.294990732378356935e+00,1.000000000000000000e+00,2.909994246369846022e-04
3.307262578681442022e+00,1.000000000000000000e+00,2.909994246370348008e-04
3.319534424984527110e+00,1.000000000000000000e+00,2.909994246369987511e-04
3.331806271287612198e+00,1.000000000000000000e+00,2.909994246369604787e-04
3.344078117590697730e+00,1.000000000000000000e+00,2.909994246369867706e-04
3.356349963893782817e+00,1.000000000000000000e+00,2.909994246370818010e-04
3.368621810196867905e+00,1.000000000000000000e+00,2.909994246369847107e-04
3.380893656499952993e+00,1.000000000000000000e+00,2.909994246370389208e-04
3.393165502803038081e+00,1.000000000000000000e+00,2.909994246370014616e-04
3.405437349106123168e+00,1.000000000000000000e+00,2.909994246370173451e-04
3.417709195409208256e+00,1.000000000000000000e+00,2.909994246370277535e-04
3.429981041712293344e+00,1.000000000000000000e+00,2.909994246369831386e-04
3.442252888015378431e+00,1.000000000000000000e+00,2.909994246370123036e-04
3.454524734318463519e+00,1.000000000000000000e+00,2.909994246370190799e-04
3.466796580621548607e+00,1.000000000000000000e+00,2.909994246370645622e-04
3.479068426924634139e+00,1.000000000000000000e+00,2.909994246369668755e-04
3.491340273227719226e+00,1.000000000000000000e+00,2.909994246369945227e-04
3.503612119530804314e+00,1.000000000000000000e+00,2.909994246369900775e-04
3.515883965833889402e+00,1.000000000000000000e+00,2.909994246369997811e-04
3.528155812136974490e+00,1.000000000000000000e+00,2.909994246369998353e-04
3.540427658440059577e+00,1.000000000000000000e+00,2.909994246369455168e-04
3.552699504743144665e+00,1.000000000000000000e+00,2.909994246371001782e-04
3.564971351046229753e+00,1.000000000000000000e+00,2.909994246370783857e-04
3.577243197349314840e+00,1.000000000000000000e+00,2.909994246369681766e-04
3.589515043652399928e+00,1.000000000000000000e+00,2.909994246370743742e-04
3.601786889955485016e+00,1.000000000000000000e+00,2.909994246370139299e-04
3.614058736258570548e+00,1.000000000000000000e+00,2.909994246369075155e-04
3.626330582561655635e+00,1.000000000000000000e+00,2.909994246370420650e-04
3.638602428864740723e+00,1.000000000000000000e+00,2.909994246369976127e-04
3.650874275167825811e+00,1.000000000000000000e+00,2.909994246370527986e-04
3.663146121470910899e+00,1.000000000000000000e+00,2.909994246368916861e-04
3.675417967773995986e+00,1.000000000000000000e+00,2.909994246372045869e-04
3.687689814077081074e+00,1.000000000000000000e+00,2.909994246368384518e-04
3.699961660380166162e+00,1.000000000000000000e+00,2.909994246371403479e-04
3.712233506683251250e+00,1.000000000000000000e+00,2.909994246370474860e-04
3.724505352986336337e+00,1.000000000000000000e+00,2.909994246368981913e-04
3.736777199289421425e+00,1.000000000000000000e+00,2.909994246370384871e-04
3.749049045592506957e+00,1.000000000000000000e+00,2.909994246370620685e-04
3.761320891895592045e+00,1.000000000000000000e+00,2.909994246369355421e-04
3.773592738198677132e+00,1.000000000000000000e+00,2.909994246369929506e-04
3.785864584501762220e+00,1.000000000000000000e+00,2.909994246369665503e-04
3.798136430804847308e+00,1.000000000000000000e+00,2.909994246370757836e-04
3.810408277107932395e+00,1.000000000000000000e+00,2.909994246370032505e-04
3.822680123411017483e+00,1.000000000000000000e+00,2.909994246369658455e-04
3.834951969714102571e+00,1.000000000000000000e+00,2.909994246371188807e-04
3.847223816017187659e+00,1.000000000000000000e+00,2.909994246369061602e-04
3.859495662320272746e+00,1.000000000000000000e+00,2.909994246370400050e-04
3.871767508623358278e+00,1.000000000000000000e+00,2.909994246370652127e-04
3.884039354926443366e+00,1.000000000000000000e+00,2.909994246369918664e-04
3.896311201229528454e+00,1.000000000000000000e+00,2.909994246369207427e-04
3.908583047532613541e+00,1.000000000000000000e+00,2.909994246371617609e-04
3.920854893835698629e+00,1.000000000000000000e+00,2.909994246369896980e-04
3.933126740138783717e+00,1.000000000000000000e+00,2.909994246370259103e-04
3.945398586441868805e+00,1.000000000000000000e+00,2.909994246369762539e-04
3.957670432744953892e+00,1.000000000000000000e+00,2.909994246369258927e-04
3.969942279048038980e+00,1.000000000000000000e+00,2.909994246370177788e-04
3.982214125351124068e+00,1.000000000000000000e+00,2.909994246370207604e-04
3.994485971654209155e+00,1.000000000000000000e+00,2.909994246371197480e-04
4.006757817957294243e+00,1.000000000000000000e+00,2.909994246370022747e-04
4.019029664260379775e+00,1.000000000000000000e+00,2.909994246370304640e-04
4.031301510563464419e+00,1.000000000000000000e+00,2.909994246370044431e-04
4.043573356866549950e+00,1.000000000000000000e+00,2.909994246369505041e-04
4.055845203169634594e+00,1.000000000000000000e+00,2.909994246371321622e-04
4.068117049472720126e+00,1.000000000000000000e+00,2.909994246368614911e-04
4.080388895775805658e+00,1.000000000000000000e+00,2.909994246371485336e-04
4.092660742078890301e+00,1.000000000000000000e+00,2.909994246369285490e-04
4.104932588381975833e+00,1.000000000000000000e+00,2.909994246371084181e-04
4.117204434685060477e+00,1.000000000000000000e+00,2.909994246368461496e-04
4.129476280988146009e+00,1.000000000000000000e+00,2.909994246370927514e-04
4.141748127291230652e+00,1.000000000000000000e+00,2.909994246369815123e-04
4.154019973594316184e+00,1.000000000000000000e+00,2.909994246370247719e-04
4.166291819897400828e+00,1.000000000000000000e+00,2.909994246370125747e-04
4.178563666200486360e+00,1.000000000000000000e+00,2.909994246370425528e-04
4.190835512503571003e+00,1.000000000000000000e+00,2.909994246369574972e-04
4.203107358806656535e+00,1.000000000000000000e+00,2.909994246371257112e-04
4.215379205109742067e+00,1.000000000000000000e+00,2.909994246369937638e-04
4.227651051412826710e+00,1.000000000000000000e+00,2.909994246369754949e-04
4.239922897715912242e+00,1.000000000000000000e+00,2.909994246368960229e-04
4.252194744018996886e+00,1.000000000000000000e+00,2.909994246371514067e-04
4.264466590322082418e+00,1.000000000000000000e+00,2.909994246370183209e-04
4.276738436625167061e+00,1.000000000000000000e+00,2.909994246369627014e-04
4.289010282928252593e+00,1.000000000000000000e+00,2.909994246370136589e-04
4.301282129231337237e+00,1.000000000000000000e+00,2.909994246370133336e-04
4.313553975534422769e+00,1.000000000000000000e+00,2.909994246370092678e-04
4.325825821837507412e+00,1.000000000000000000e+00,2.909994246370012447e-04
4.338097668140592944e+00,1.000000000000000000e+00,2.909994246370334455e-04
4.350369514443678476e+00,1.000000000000000000e+00,2.909994246369972874e-04
4.362641360746763119e+00,1.000000000000000000e+00,2.909994246370173994e-04
4.374913207049848651e+00,1.000000000000000000e+00,2.909994246370336082e-04
4.387185053352933295e+00,1.000000000000000000e+00,2.909994246370403844e-04
4.399456899656018827e+00,1.000000000000000000e+00,2.909994246369517509e-04
4.411728745959103470e+00,1.000000000000000000e+00,2.909994246370065031e-04
4.424000592262189002e+00,1.000000000000000000e+00,2.909994246369934385e-04
4.436272438565273646e+00,1.000000000000000000e+00,2.909994246370240130e-04
4.448544284868359178e+00,1.000000000000000000e+00,2.909994246369961490e-04
4.460816131171444709e+00,1.000000000000000000e+00,2.909994246369669840e-04
4.473087977474529353e+00,1.000000000000000000e+00,2.909994246370772473e-04
4.485359823777614885e+00,1.000000000000000000e+00,2.909994246369645445e-04
4.497631670080699529e+00,1.000000000000000000e+00,2.909994246370383787e-04
4.509903516383785060e+00,1.000000000000000000e+00,2.909994246370517144e-04
4.522175362686869704e+00,1.000000000000000000e+00,2.909994246370031421e-04
4.534447208989955236e+00,1.000000000000000000e+00,2.909994246369976669e-04
4.546719055293039879e+00,1.000000000000000000e+00,2.909994246370061779e-04
4.558990901596125411e+00,1.000000000000000000e+00,2.909994246370241756e-04
4.571262747899210055e+00,1.000000000000000000e+00,2.909994246369956611e-04
4.583534594202295587e+00,1.000000000000000000e+00,2.909994246369989679e-04
4.595806440505381119e+00,1.000000000000000000e+00,2.909994246370297593e-04
4.608078286808465762e+00,1.000000000000000000e+00,2.909994246370127373e-04
4.620350133111551294e+00,1.000000000000000000e+00,2.909994246369911075e-04
4.632621979414635938e+00,1.000000000000000000e+00,2.909994246370157188e-04
4.644893825717721469e+00,1.000000000000000000e+00,2.909994246370216277e-04
4.657165672020806113e+00,1.000000000000000000e+00,2.909994246370057442e-04
4.669437518323891645e+00,1.000000000000000000e+00,2.909994246370123036e-04
4.681709364626976289e+00,1.000000000000000000e+00,2.909994246370181041e-04
4.693981210930061820e+00,1.000000000000000000e+00,2.909994246370035216e-04
4.706253057233146464e+00,1.000000000000000000e+00,2.909994246370127915e-04
4.718524903536231996e+00,1.000000000000000000e+00,2.909994246370154478e-04
4.730796749839317528e+00,1.000000000000000000e+00,2.909994246370092678e-04
4.743068596142402171e+00,1.000000000000000000e+00,2.909994246370102436e-04
4.755340442445487703e+00,1.000000000000000000e+00,2.909994246370039010e-04
4.767612288748572347e+00,1.000000000000000000e+00,2.909994246370101894e-04
4.779884135051657879e+00,1.000000000000000000e+00,2.909994246370149599e-04
4.792155981354742522e+00,1.000000000000000000e+00,2.909994246370184293e-04
4.804427827657828054e+00,1.000000000000000000e+00,2.909994246370188630e-04
4.816699673960912698e+00,1.000000000000000000e+00,2.909994246369893185e-04
4.828971520263998229e+00,1.000000000000000000e+00,2.909994246370192425e-04
4.841243366567082873e+00,1.000000000000000000e+00,2.909994246370401676e-04
4.853515212870168405e+00,1.000000000000000000e+00,2.909994246369708329e-04
4.865787059173253937e+00,1.000000000000000000e+00,2.909994246370061237e-04
4.878058905476338580e+00,1.000000000000000000e+00,2.909994246370121410e-04
4.890330751779424112e+00,1.000000000000000000e+00,2.909994246370092678e-04
4.902602598082508756e+00,1.000000000000000000e+00,2.909994246370134962e-04
4.914874444385594288e+00,1.000000000000000000e+00,2.909994246370287835e-04
4.927146290688678931e+00,1.000000000000000000e+00,2.909994246370163694e-04
4.939418136991764463e+00,1.000000000000000000e+00,2.909994246369805907e-04
4.951689983294849107e+00,1.000000000000000000e+00,2.909994246370453718e-04
4.963961829597934639e+00,1.000000000000000000e+00,2.909994246370318192e-04
4.976233675901019282e+00,1.000000000000000000e+00,2.909994246369654119e-04
4.988505522204104814e+00,1.000000000000000000e+00,2.909994246370054731e-04
5.000777368507190346e+00,1.000000000000000000e+00,2.909994246369886680e-04
5.013049214810274989e+00,1.000000000000000000e+00,2.909994246369892101e-04
5.025321061113360521e+00,1.000000000000000000e+00,2.909994246370190799e-04
5.037592907416445165e+00,1.000000000000000000e+00,2.909994246370687363e-04
5.049864753719530697e+00,1.000000000000000000e+00,2.909994246369998895e-04
5.062136600022615340e+00,1.000000000000000000e+00,2.909994246369951732e-04
5.074408446325700872e+00,1.000000000000000000e+00,2.909994246370979556e-04
5.086680292628785516e+00,1.000000000000000000e+00,2.909994246369198212e-04
5.098952138931871048e+00,1.000000000000000000e+00,2.909994246370928598e-04
5.111223985234956579e+00,1.000000000000000000e+00,2.909994246369614003e-04
5.123495831538041223e+00,1.000000000000000000e+00,2.909994246369959322e-04
5.135767677841126755e+00,1.000000000000000000e+00,2.909994246370149057e-04
5.148039524144211398e+00,1.000000000000000000e+00,2.909994246370055273e-04
5.160311370447296930e+00,1.000000000000000000e+00,2.909994246370460765e-04
5.172583216750381574e+00,1.000000000000000000e+00,2.909994246370015158e-04
5.184855063053467106e+00,1.000000000000000000e+00,2.909994246369557083e-04
5.197126909356551749e+00,1.000000000000000000e+00,2.909994246370175620e-04
5.209398755659637281e+00,1.000000000000000000e+00,2.909994246369396079e-04
5.221670601962721925e+00,1.000000000000000000e+00,2.909994246370731816e-04
5.233942448265807457e+00,1.000000000000000000e+00,2.909994246369322353e-04
5.246214294568892988e+00,1.000000000000000000e+00,2.909994246370844573e-04
5.258486140871977632e+00,1.000000000000000000e+00,2.909994246369587982e-04
5.270757987175063164e+00,1.000000000000000000e+00,2.909994246370540454e-04
5.283029833478147808e+00,1.000000000000000000e+00,2.909994246370760547e-04
5.295301679781233339e+00,1.000000000000000000e+00,2.909994246369291453e-04
5.307573526084317983e+00,1.000000000000000000e+00,2.909994246371452810e-04
5.319845372387403515e+00,1.000000000000000000e+00,2.909994246369119607e-04
5.332117218690488158e+00,1.000000000000000000e+00,2.909994246370005942e-04
5.344389064993573690e+00,1.000000000000000000e+00,2.909994246370511723e-04
5.356660911296658334e+00,1.000000000000000000e+00,2.909994246369634061e-04
5.368932757599743866e+00,1.000000000000000000e+00,2.909994246369772839e-04
5.381204603902829398e+00,1.000000000000000000e+00,2.909994246370736695e-04
5.393476450205914041e+00,1.000000000000000000e+00,2.909994246370413602e-04
5.405748296508999573e+00,1.000000000000000000e+00,2.909994246369179238e-04
5.418020142812084217e+00,1.000000000000000000e+00,2.909994246370659716e-04
5.430291989115169748e+00,1.000000000000000000e+00,2.909994246369783681e-04
5.442563835418254392e+00,1.000000000000000000e+00,2.909994246371011540e-04
5.454835681721339924e+00,1.000000000000000000e+00,2.909994246370101894e-04
5.467107528024424568e+00,1.000000000000000000e+00,2.909994246370198930e-04
5.479379374327510099e+00,1.000000000000000000e+00,2.909994246370588701e-04
5.491651220630594743e+00,1.000000000000000000e+00,2.909994246369331568e-04
5.503923066933680275e+00,1.000000000000000000e+00,2.909994246369593945e-04
5.516194913236765807e+00,1.000000000000000000e+00,2.909994246370957330e-04
5.528466759539850450e+00,1.000000000000000000e+00,2.909994246369266516e-04
5.540738605842935982e+00,1.000000000000000000e+00,2.909994246369466552e-04
5.553010452146020626e+00,1.000000000000000000e+00,2.909994246370765968e-04
5.565282298449106158e+00,1.000000000000000000e+00,2.909994246370992566e-04
5.577554144752190801e+00,1.000000000000000000e+00,2.909994246370150141e-04
5.589825991055276333e+00,1.000000000000000000e+00,2.909994246370662969e-04
5.602097837358360977e+00,1.000000000000000000e+00,2.909994246369789644e-04
5.614369683661446508e+00,1.000000000000000000e+00,2.909994246368956977e-04
5.626641529964531152e+00,1.000000000000000000e+00,2.909994246371279880e-04
5.638913376267616684e+00,1.000000000000000000e+00,2.909994246368992213e-04
5.651185222570702216e+00,1.000000000000000000e+00,2.909994246371146523e-04
5.663457068873786859e+00,1.000000000000000000e+00,2.909994246369054013e-04
5.675728915176872391e+00,1.000000000000000000e+00,2.909994246371025092e-04
5.688000761479957035e+00,1.000000000000000000e+00,2.909994246368340066e-04
5.700272607783042567e+00,1.000000000000000000e+00,2.909994246370777352e-04
5.712544454086127210e+00,1.000000000000000000e+00,2.909994246370021121e-04
5.724816300389212742e+00,1.000000000000000000e+00,2.909994246370673811e-04
5.737088146692297386e+00,1.000000000000000000e+00,2.909994246370564306e-04
5.749359992995382918e+00,1.000000000000000000e+00,2.909994246370268319e-04
5.761631839298467561e+00,1.000000000000000000e+00,2.909994246368933124e-04
5.773903685601553093e+00,1.000000000000000000e+00,2.909994246371328127e-04
5.786175531904638625e+00,1.000000000000000000e+00,2.909994246371013166e-04
5.798447378207723268e+00,1.000000000000000000e+00,2.909994246369196043e-04
5.810719224510808800e+00,1.000000000000000000e+00,2.909994246368104794e-04
5.822991070813893444e+00,1.000000000000000000e+00,2.909994246371151944e-04
5.835262917116978976e+00,1.000000000000000000e+00,2.909994246370827767e-04
5.847534763420063619e+00,1.000000000000000000e+00,2.909994246369766334e-04
5.859806609723149151e+00,1.000000000000000000e+00,2.909994246370255851e-04
5.872078456026233795e+00,1.000000000000000000e+00,2.909994246370564848e-04
5.884350302329319327e+00,1.000000000000000000e+00,2.909994246369659540e-04
5.896622148632403970e+00,1.000000000000000000e+00,2.909994246370356140e-04
5.908893994935489502e+00,1.000000000000000000e+00,2.909994246369895354e-04
5.921165841238575034e+00,1.000000000000000000e+00,2.909994246370337708e-04
5.933437687541659677e+00,1.000000000000000000e+00,2.909994246369651950e-04
5.945709533844745209e+00,1.000000000000000000e+00,2.909994246370044431e-04
5.957981380147829853e+00,1.000000000000000000e+00,2.909994246370628274e-04
5.970253226450915385e+00,1.000000000000000000e+00,2.909994246370364813e-04
5.982525072754000028e+00,1.000000000000000000e+00,2.909994246369911075e-04
5.994796919057085560e+00,1.000000000000000000e+00,2.909994246369502330e-04
6.007068765360170204e+00,1.000000000000000000e+00,2.909994246370517144e-04
6.019340611663255736e+00,1.000000000000000000e+00,2.909994246370528528e-04
6.031612457966341267e+00,1.000000000000000000e+00,2.909994246370237962e-04
6.043884304269425911e+00,1.000000000000000000e+00,2.909994246369333737e-04
6.056156150572511443e+00,1.000000000000000000e+00,2.909994246370280245e-04
6.068427996875596087e+00,1.000000000000000000e+00,2.909994246370271572e-04
6.080699843178681618e+00,1.000000000000000000e+00,2.909994246370183209e-04
6.092971689481766262e+00,1.000000000000000000e+00,2.909994246370198388e-04
6.105243535784851794e+00,1.000000000000000000e+00,2.909994246369934927e-04
6.117515382087936437e+00,1.000000000000000000e+00,2.909994246369869333e-04
6.129787228391021969e+00,1.000000000000000000e+00,2.909994246370325782e-04
6.142059074694106613e+00,1.000000000000000000e+00,2.909994246369701281e-04
6.154330920997192145e+00,1.000000000000000000e+00,2.909994246370366982e-04
6.166602767300277677e+00,1.000000000000000000e+00,2.909994246370295424e-04
6.178874613603362320e+00,1.000000000000000000e+00,2.909994246369904027e-04
6.191146459906447852e+00,1.000000000000000000e+00,2.909994246370177246e-04
6.203418306209532496e+00,1.000000000000000000e+00,2.909994246370245009e-04
6.215690152512618027e+00,1.000000000000000000e+00,2.909994246370041179e-04
6.227961998815702671e+00,1.000000000000000000e+00,2.909994246370201099e-04
6.240233845118788203e+00,1.000000000000000000e+00,2.909994246370055273e-04
6.252505691421872847e+00,1.000000000000000000e+00,2.909994246370100810e-04
6.264777537724958378e+00,1.000000000000000000e+00,2.909994246370140383e-04
6.277049384028043022e+00,1.000000000000000000e+00,2.909994246370119241e-04
6.135923151542564680e-03,0.000000000000000000e+00,2.294932284124683757e-04
1.840776945462769404e-02,0.000000000000000000e+00,2.294932284124778625e-04
3.067961575771281993e-02,0.000000000000000000e+00,2.294932284124641744e-04
4.295146206079795276e-02,0.000000000000000000e+00,2.294932284124759651e-04
5.522330836388308212e-02,0.000000000000000000e+00,2.294932284124492938e-04
6.749515466696821842e-02,0.000000000000000000e+00,2.294932284124868885e-04
7.976700097005334777e-02,0.000000000000000000e+00,2.294932284124744201e-04
9.203884727313846326e-02,0.000000000000000000e+00,2.294932284124599731e-04
1.043106935762235926e-01,0.000000000000000000e+00,2.294932284124736070e-04
1.165825398793087359e-01,0.000000000000000000e+00,2.294932284124658549e-04
1.288543861823938652e-01,0.000000000000000000e+00,2.294932284124672373e-04
1.411262324854790084e-01,0.000000000000000000e+00,2.294932284124914150e-04
1.533980787885641239e-01,0.000000000000000000e+00,2.294932284124384517e-04
1.656699250916492672e-01,0.000000000000000000e+00,2.294932284124976763e-04
1.779417713947343549e-01,0.000000000000000000e+00,2.294932284124940171e-04
1.902136176978194981e-01,0.000000000000000000e+00,2.294932284124833377e-04
2.024854640009046414e-01,0.000000000000000000e+00,2.294932284124638492e-04
2.147573103039898124e-01,0.000000000000000000e+00,2.294932284124239234e-04
2.270291566070749001e-01,0.000000000000000000e+00,2.294932284124093409e-04
2.393010029101600433e-01,0.000000000000000000e+00,2.294932284125409088e-04
2.515728492132451311e-01,0.000000000000000000e+00,2.294932284125534585e-04
2.638446955163303298e-01,0.000000000000000000e+00,2.294932284124788383e-04
2.761165418194154175e-01,0.000000000000000000e+00,2.294932284124150330e-04
2.883883881225005053e-01,0.000000000000000000e+00,2.294932284124139759e-04
3.006602344255857040e-01,0.000000000000000000e+00,2.294932284123948939e-04
3.129320807286708472e-01,0.000000000000000000e+00,2.294932284125545698e-04
3.252039270317559905e-01,0.000000000000000000e+00,2.294932284124672373e-04
3.374757733348410782e-01,0.000000000000000000e+00,2.294932284125407733e-04
3.497476196379261659e-01,0.000000000000000000e+00,2.294932284124212942e-04
3.620194659410112537e-01,0.000000000000000000e+00,2.294932284124095577e-04
3.742913122440964524e-01,0.000000000000000000e+00,2.294932284125814851e-04
3.865631585471816511e-01,0.000000000000000000e+00,2.294932284123815853e-04
3.988350048502667389e-01,0.000000000000000000e+00,2.294932284125806177e-04
4.111068511533517711e-01,0.000000000000000000e+00,2.294932284124838527e-04
4.233786974564370253e-01,0.000000000000000000e+00,2.294932284123166958e-04
4.356505437595221686e-01,0.000000000000000000e+00,2.294932284124083380e-04
4.479223900626072563e-01,0.000000000000000000e+00,2.294932284125404752e-04
4.601942363656923440e-01,0.000000000000000000e+00,2.294932284124432764e-04
4.724660826687773763e-01,0.000000000000000000e+00,2.294932284127195582e-04
4.847379289718626305e-01,0.000000000000000000e+00,2.294932284124220532e-04
4.970097752749477737e-01,0.000000000000000000e+00,2.294932284124076875e-04
5.092816215780329170e-01,0.000000000000000000e+00,2.294932284123111122e-04
5.215534678811180047e-01,0.000000000000000000e+00,2.294932284124964565e-04
5.338253141842030924e-01,0.000000000000000000e+00,2.294932284124917132e-04
5.460971604872882912e-01,0.000000000000000000e+00,2.294932284127154925e-04
5.583690067903733789e-01,0.000000000000000000e+00,2.294932284124567205e-04
5.706408530934585777e-01,0.000000000000000000e+00,2.294932284121850737e-04
5.829126993965436654e-01,0.000000000000000000e+00,2.294932284124673999e-04
5.951845456996287531e-01,0.000000000000000000e+00,2.294932284125095754e-04
6.074563920027138408e-01,0.000000000000000000e+00,2.294932284124619789e-04
6.197282383057989286e-01,0.000000000000000000e+00,2.294932284124707338e-04
6.320000846088842383e-01,0.000000000000000000e+00,2.294932284124745015e-04
6.442719309119693261e-01,0.000000000000000000e+00,2.294932284125371683e-04
6.565437772150544138e-01,0.000000000000000000e+00,2.294932284127007473e-04
6.688156235181395015e-01,0.000000000000000000e+00,2.294932284124896803e-04
6.810874698212247003e-01,0.000000000000000000e+00,2.294932284124813319e-04
6.933593161243097880e-01,0.000000000000000000e+00,2.294932284120817221e-04
7.056311624273948757e-01,0.000000000000000000e+00,2.294932284125166227e-04
7.179030087304800745e-01,0.000000000000000000e+00,2.294932284124549858e-04
7.301748550335652732e-01,0.000000000000000000e+00,2.294932284125156740e-04
7.424467013366503609e-01,0.000000000000000000e+00,2.294932284125864453e-04
7.547185476397353376e-01,0.000000000000000000e+00,2.294932284124295071e-04
7.669903939428205364e-01,0.000000000000000000e+00,2.294932284122599378e-04
7.792622402459057351e-01,0.000000000000000000e+00,2.294932284125968266e-04
7.915340865489908229e-01,0.000000000000000000e+00,2.294932284126474859e-04
8.038059328520759106e-01,0.000000000000000000e+00,2.294932284122535410e-04
8.160777791551609983e-01,0.000000000000000000e+00,2.294932284126392731e-04
8.283496254582463081e-01,0.000000000000000000e+00,2.294932284124879727e-04
8.406214717613313958e-01,0.000000000000000000e+00,2.294932284124729023e-04
8.528933180644163725e-01,0.000000000000000000e+00,2.294932284124341420e-04
8.651651643675015713e-01,0.000000000000000000e+00,2.294932284125527537e-04
8.774370106705866590e-01,0.000000000000000000e+00,2.294932284123487069e-04
8.897088569736717467e-01,0.000000000000000000e+00,2.294932284125470346e-04
9.019807032767569455e-01,0.000000000000000000e+00,2.294932284123077512e-04
9.142525495798421442e-01,0.000000000000000000e+00,2.294932284124967547e-04
9.265243958829272319e-01,0.000000000000000000e+00,2.294932284125820543e-04
9.387962421860123197e-01,0.000000000000000000e+00,2.294932284122872055e-04
9.510680884890976294e-01,0.000000000000000000e+00,2.294932284125431857e-04
9.633399347921828282e-01,0.000000000000000000e+00,2.294932284124576963e-04
9.756117810952678049e-01,0.000000000000000000e+00,2.294932284126507927e-04
9.878836273983528926e-01,0.000000000000000000e+00,2.294932284123551850e-04
1.000155473701437980e+00,0.000000000000000000e+00,2.294932284126616619e-04
1.012427320004523290e+00,0.000000000000000000e+00,2.294932284125073799e-04
1.024699166307608600e+00,0.000000000000000000e+00,2.294932284123242039e-04
1.036971012610693466e+00,0.000000000000000000e+00,2.294932284122612118e-04
1.049242858913778553e+00,0.000000000000000000e+00,2.294932284124825245e-04
1.061514705216863641e+00,0.000000000000000000e+00,2.294932284125812412e-04
1.073786551519948729e+00,0.000000000000000000e+00,2.294932284125162703e-04
1.086058397823033816e+00,0.000000000000000000e+00,2.294932284124037302e-04
1.098330244126119126e+00,0.000000000000000000e+00,2.294932284124571542e-04
1.110602090429204214e+00,0.000000000000000000e+00,2.294932284125352439e-04
1.122873936732289302e+00,0.000000000000000000e+00,2.294932284124797327e-04
1.135145783035374389e+00,0.000000000000000000e+00,2.294932284124577505e-04
1.147417629338459699e+00,0.000000000000000000e+00,2.294932284122792095e-04
1.159689475641544787e+00,0.000000000000000000e+00,2.294932284125495825e-04
1.171961321944629875e+00,0.000000000000000000e+00,2.294932284125575784e-04
1.184233168247714962e+00,0.000000000000000000e+00,2.294932284125428875e-04
1.196505014550800050e+00,0.000000000000000000e+00,2.294932284124897887e-04
1.208776860853885360e+00,0.000000000000000000e+00,2.294932284124279350e-04
1.221048707156970448e+00,0.000000000000000000e+00,2.294932284123670299e-04
1.233320553460055535e+00,0.000000000000000000e+00,2.294932284125334820e-04
1.245592399763140623e+00,0.000000000000000000e+00,2.294932284124706525e-04
1.257864246066225711e+00,0.000000000000000000e+00,2.294932284124457159e-04
1.270136092369310798e+00,0.000000000000000000e+00,2.294932284124425446e-04
1.282407938672396108e+00,0.000000000000000000e+00,2.294932284124655026e-04
1.294679784975481196e+00,0.000000000000000000e+00,2.294932284125554100e-04
1.306951631278566284e+00,0.000000000000000000e+00,2.294932284125577953e-04
1.319223477581651371e+00,0.000000000000000000e+00,2.294932284124396172e-04
1.331495323884736459e+00,0.000000000000000000e+00,2.294932284124375844e-04
1.343767170187821547e+00,0.000000000000000000e+00,2.294932284123254508e-04
1.356039016490906857e+00,0.000000000000000000e+00,2.294932284124745286e-04
1.368310862793991944e+00,0.000000000000000000e+00,2.294932284125120691e-04
1.380582709097077032e+00,0.000000000000000000e+00,2.294932284124820638e-04
1.392854555400162120e+00,0.000000000000000000e+00,2.294932284124426801e-04
1.405126401703247430e+00,0.000000000000000000e+00,2.294932284125139664e-04
1.417398248006332517e+00,0.000000000000000000e+00,2.294932284124833648e-04
1.429670094309417605e+00,0.000000000000000000e+00,2.294932284124734986e-04
1.441941940612502693e+00,0.000000000000000000e+00,2.294932284124018599e-04
1.454213786915587781e+00,0.000000000000000000e+00,2.294932284125094670e-04
1.466485633218672868e+00,0.000000000000000000e+00,2.294932284124808169e-04
1.478757479521758178e+00,0.000000000000000000e+00,2.294932284124589432e-04
1.491029325824843266e+00,0.000000000000000000e+00,2.294932284124886503e-04
1.503301172127928353e+00,0.000000000000000000e+00,2.294932284124650960e-04
1.515573018431013441e+00,0.000000000000000000e+00,2.294932284124644726e-04
1.527844864734098529e+00,0.000000000000000000e+00,2.294932284124779438e-04
1.540116711037183839e+00,0.000000000000000000e+00,2.294932284124627921e-04
1.552388557340268926e+00,0.000000000000000000e+00,2.294932284124721975e-04
1.564660403643354014e+00,0.000000000000000000e+00,2.294932284124709507e-04
1.576932249946439102e+00,0.000000000000000000e+00,2.294932284124668036e-04
1.589204096249524190e+00,0.000000000000000000e+00,2.294932284124621415e-04
1.601475942552609499e+00,0.000000000000000000e+00,2.294932284124757754e-04
1.613747788855694587e+00,0.000000000000000000e+00,2.294932284124653399e-04
1.626019635158779675e+00,0.000000000000000000e+00,2.294932284124796785e-04
1.638291481461864763e+00,0.000000000000000000e+00,2.294932284124678065e-04
1.650563327764949850e+00,0.000000000000000000e+00,2.294932284124520043e-04
1.662835174068034938e+00,0.000000000000000000e+00,2.294932284124673186e-04
1.675107020371120248e+00,0.000000000000000000e+00,2.294932284124975136e-04
1.687378866674205335e+00,0.000000000000000000e+00,2.294932284124766699e-04
1.699650712977290423e+00,0.000000000000000000e+00,2.294932284124501611e-04
1.711922559280375511e+00,0.000000000000000000e+00,2.294932284124972697e-04
1.724194405583460599e+00,0.000000000000000000e+00,2.294932284124242216e-04
1.736466251886545908e+00,0.000000000000000000e+00,2.294932284124933124e-04
1.748738098189630996e+00,0.000000000000000000e+00,2.294932284124987334e-04
1.761009944492716084e+00,0.000000000000000000e+00,2.294932284125111475e-04
1.773281790795801172e+00,0.000000000000000000e+00,2.294932284124591329e-04
1.785553637098886259e+00,0.000000000000000000e+00,2.294932284124137319e-04
1.797825483401971569e+00,0.000000000000000000e+00,2.294932284123663523e-04
1.810097329705056657e+00,0.000000000000000000e+00,2.294932284125372225e-04
1.822369176008141745e+00,0.000000000000000000e+00,2.294932284125225045e-04
1.834641022311226832e+00,0.000000000000000000e+00,2.294932284124871324e-04
1.846912868614311920e+00,0.000000000000000000e+00,2.294932284124450925e-04
1.859184714917397008e+00,0.000000000000000000e+00,2.294932284124920926e-04
1.871456561220482318e+00,0.000000000000000000e+00,2.294932284124409454e-04
1.883728407523567405e+00,0.000000000000000000e+00,2.294932284124367170e-04
1.896000253826652493e+00,0.000000000000000000e+00,2.294932284123604163e-04
1.908272100129737581e+00,0.000000000000000000e+00,2.294932284125573887e-04
1.920543946432822668e+00,0.000000000000000000e+00,2.294932284125976126e-04
1.932815792735907756e+00,0.000000000000000000e+00,2.294932284124529529e-04
1.945087639038993066e+00,0.000000000000000000e+00,2.294932284124409454e-04
1.957359485342078154e+00,0.000000000000000000e+00,2.294932284124450112e-04
1.969631331645163241e+00,0.000000000000000000e+00,2.294932284123334196e-04
1.981903177948248329e+00,0.000000000000000000e+00,2.294932284124729565e-04
1.994175024251333417e+00,0.000000000000000000e+00,2.294932284124092596e-04
2.006446870554418282e+00,0.000000000000000000e+00,2.294932284125760370e-04
2.018718716857503814e+00,0.000000000000000000e+00,2.294932284125267600e-04
2.030990563160588902e+00,0.000000000000000000e+00,2.294932284126216006e-04
2.043262409463673990e+00,0.000000000000000000e+00,2.294932284124959958e-04
2.055534255766759522e+00,0.000000000000000000e+00,2.294932284124797598e-04
2.067806102069844165e+00,0.000000000000000000e+00,2.294932284123691170e-04
2.080077948372929697e+00,0.000000000000000000e+00,2.294932284124297510e-04
2.092349794676014341e+00,0.000000000000000000e+00,2.294932284123826153e-04
2.104621640979099872e+00,0.000000000000000000e+00,2.294932284125058349e-04
2.116893487282184516e+00,0.000000000000000000e+00,2.294932284125150235e-04
2.129165333585270048e+00,0.000000000000000000e+00,2.294932284124469627e-04
2.141437179888354692e+00,0.000000000000000000e+00,2.294932284123369433e-04
2.153709026191440223e+00,0.000000000000000000e+00,2.294932284126668118e-04
2.165980872494525311e+00,0.000000000000000000e+00,2.294932284126233624e-04
2.178252718797610399e+00,0.000000000000000000e+00,2.294932284122896450e-04
2.190524565100695487e+00,0.000000000000000000e+00,2.294932284124728480e-04
2.202796411403780574e+00,0.000000000000000000e+00,2.294932284124341691e-04
2.215068257706866106e+00,0.000000000000000000e+00,2.294932284122542729e-04
2.227340104009950750e+00,0.000000000000000000e+00,2.294932284125401770e-04
2.239611950313036282e+00,0.000000000000000000e+00,2.294932284123625034e-04
2.251883796616120925e+00,0.000000000000000000e+00,2.294932284126913961e-04
2.264155642919206457e+00,0.000000000000000000e+00,2.294932284126586803e-04
2.276427489222291101e+00,0.000000000000000000e+00,2.294932284123512819e-04
2.288699335525376632e+00,0.000000000000000000e+00,2.294932284125391470e-04
2.300971181828462164e+00,0.000000000000000000e+00,2.294932284122488519e-04
2.313243028131546808e+00,0.000000000000000000e+00,2.294932284125174088e-04
2.325514874434632340e+00,0.000000000000000000e+00,2.294932284126262898e-04
2.337786720737716983e+00,0.000000000000000000e+00,2.294932284122335917e-04
2.350058567040802515e+00,0.000000000000000000e+00,2.294932284125722152e-04
2.362330413343887159e+00,0.000000000000000000e+00,2.294932284126856227e-04
2.374602259646972247e+00,0.000000000000000000e+00,2.294932284123521763e-04
2.386874105950057334e+00,0.000000000000000000e+00,2.294932284124379638e-04
2.399145952253142866e+00,0.000000000000000000e+00,2.294932284126189443e-04
2.411417798556227510e+00,0.000000000000000000e+00,2.294932284123133077e-04
2.423689644859313042e+00,0.000000000000000000e+00,2.294932284125429688e-04
2.435961491162398573e+00,0.000000000000000000e+00,2.294932284125035581e-04
2.448233337465483217e+00,0.000000000000000000e+00,2.294932284120622878e-04
2.460505183768568749e+00,0.000000000000000000e+00,2.294932284126486243e-04
2.472777030071653837e+00,0.000000000000000000e+00,2.294932284126250158e-04
2.485048876374738924e+00,0.000000000000000000e+00,2.294932284126449109e-04
2.497320722677823568e+00,0.000000000000000000e+00,2.294932284124209961e-04
2.509592568980909100e+00,0.000000000000000000e+00,2.294932284123913974e-04
2.521864415283993743e+00,0.000000000000000000e+00,2.294932284123995289e-04
2.534136261587079275e+00,0.000000000000000000e+00,2.294932284122476864e-04
2.546408107890164363e+00,0.000000000000000000e+00,2.294932284126053918e-04
2.558679954193249451e+00,0.000000000000000000e+00,2.294932284124186650e-04
2.570951800496334982e+00,0.000000000000000000e+00,2.294932284124737425e-04
2.583223646799419626e+00,0.000000000000000000e+00,2.294932284124842864e-04
2.595495493102505158e+00,0.000000000000000000e+00,2.294932284126332015e-04
2.607767339405589802e+00,0.000000000000000000e+00,2.294932284125162974e-04
2.620039185708675333e+00,0.000000000000000000e+00,2.294932284123402230e-04
2.632311032011759977e+00,0.000000000000000000e+00,2.294932284124568832e-04
2.644582878314845509e+00,0.000000000000000000e+00,2.294932284124362020e-04
2.656854724617930152e+00,0.000000000000000000e+00,2.294932284126372673e-04
2.669126570921015684e+00,0.000000000000000000e+00,2.294932284123869521e-04
2.681398417224100772e+00,0.000000000000000000e+00,2.294932284123560253e-04
2.693670263527185860e+00,0.000000000000000000e+00,2.294932284125017691e-04
2.705942109830271392e+00,0.000000000000000000e+00,2.294932284126060423e-04
2.718213956133356035e+00,0.000000000000000000e+00,2.294932284125530248e-04
2.730485802436441567e+00,0.000000000000000000e+00,2.294932284123904487e-04
2.742757648739526211e+00,0.000000000000000000e+00,2.294932284123873858e-04
2.755029495042611298e+00,0.000000000000000000e+00,2.294932284124702460e-04
2.767301341345696386e+00,0.000000000000000000e+00,2.294932284123965202e-04
2.779573187648781918e+00,0.000000000000000000e+00,2.294932284124314044e-04
2.791845033951866561e+00,0.000000000000000000e+00,2.294932284125077865e-04
2.804116880254952093e+00,0.000000000000000000e+00,2.294932284125706702e-04
2.816388726558037181e+00,0.000000000000000000e+00,2.294932284125146982e-04
2.828660572861122269e+00,0.000000000000000000e+00,2.294932284124361478e-04
2.840932419164207356e+00,0.000000000000000000e+00,2.294932284124423006e-04
2.853204265467292444e+00,0.000000000000000000e+00,2.294932284124805730e-04
2.865476111770377976e+00,0.000000000000000000e+00,2.294932284124633342e-04
2.877747958073462620e+00,0.000000000000000000e+00,2.294932284125422641e-04
2.890019804376548151e+00,0.000000000000000000e+00,2.294932284124049770e-04
2.902291650679632795e+00,0.000000000000000000e+00,2.294932284124619247e-04
2.914563496982717883e+00,0.000000000000000000e+00,2.294932284124569916e-04
2.926835343285802971e+00,0.000000000000000000e+00,2.294932284124711946e-04
2.939107189588888502e+00,0.000000000000000000e+00,2.294932284124500256e-04
2.951379035891973590e+00,0.000000000000000000e+00,2.294932284124826601e-04
2.963650882195058678e+00,0.000000000000000000e+00,2.294932284124479114e-04
2.975922728498143766e+00,0.000000000000000000e+00,2.294932284124568290e-04
2.988194574801229297e+00,0.000000000000000000e+00,2.294932284124743388e-04
3.000466421104314385e+00,0.000000000000000000e+00,2.294932284125184387e-04
3.012738267407399029e+00,0.000000000000000000e+00,2.294932284124573168e-04
3.025010113710484561e+00,0.000000000000000000e+00,2.294932284124707067e-04
3.037281960013569204e+00,0.000000000000000000e+00,2.294932284124544166e-04
3.049553806316654736e+00,0.000000000000000000e+00,2.294932284124731191e-04
3.061825652619739824e+00,0.000000000000000000e+00,2.294932284124888129e-04
3.074097498922824911e+00,0.000000000000000000e+00,2.294932284124767241e-04
3.086369345225910443e+00,0.000000000000000000e+00,2.294932284124746370e-04
3.098641191528995531e+00,0.000000000000000000e+00,2.294932284124605966e-04
3.110913037832080619e+00,0.000000000000000000e+00,2.294932284124607321e-04
3.123184884135165262e+00,0.000000000000000000e+00,2.294932284124703544e-04
3.135456730438250794e+00,0.000000000000000000e+00,2.294932284124691889e-04
3.147728576741335438e+00,0.000000000000000000e+00,2.294932284124736612e-04
3.160000423044420526e+00,0.000000000000000000e+00,2.294932284124765072e-04
3.172272269347505613e+00,0.000000000000000000e+00,2.294932284124594853e-04
3.184544115650590701e+00,0.000000000000000000e+00,2.294932284124668578e-04
3.196815961953675789e+00,0.000000000000000000e+00,2.294932284124799496e-04
3.209087808256760876e+00,0.000000000000000000e+00,2.294932284124820909e-04
3.221359654559846408e+00,0.000000000000000000e+00,2.294932284124766699e-04
3.233631500862931496e+00,0.000000000000000000e+00,2.294932284124613826e-04
3.245903347166016584e+00,0.000000000000000000e+00,2.294932284124044620e-04
3.258175193469101671e+00,0.000000000000000000e+00,2.294932284124900869e-04
3.270447039772186759e+00,0.000000000000000000e+00,2.294932284124909271e-04
3.282718886075271847e+00,0.000000000000000000e+00,2.294932284124720891e-04
3.294990732378356935e+00,0.000000000000000000e+00,2.294932284124849098e-04
3.307262578681442022e+00,0.000000000000000000e+00,2.294932284124197763e-04
3.319534424984527110e+00,0.000000000000000000e+00,2.294932284124853435e-04
3.331806271287612198e+00,0.000000000000000000e+00,2.294932284124506219e-04
3.344078117590697730e+00,0.000000000000000000e+00,2.294932284125673363e-04
3.356349963893782817e+00,0.000000000000000000e+00,2.294932284124321091e-04
3.368621810196867905e+00,0.000000000000000000e+00,2.294932284123987699e-04
3.380893656499952993e+00,0.000000000000000000e+00,2.294932284124965650e-04
3.393165502803038081e+00,0.000000000000000000e+00,2.294932284124155480e-04
3.405437349106123168e+00,0.000000000000000000e+00,2.294932284125801298e-04
3.417709195409208256e+00,0.000000000000000000e+00,2.294932284124192071e-04
3.429981041712293344e+00,0.000000000000000000e+00,2.294932284125430772e-04
3.442252888015378431e+00,0.000000000000000000e+00,2.294932284124086633e-04
3.454524734318463519e+00,0.000000000000000000e+00,2.294932284125534043e-04
3.466796580621548607e+00,0.000000000000000000e+00,2.294932284124193427e-04
3.479068426924634139e+00,0.000000000000000000e+00,2.294932284124663699e-04
3.491340273227719226e+00,0.000000000000000000e+00,2.294932284125077865e-04
3.503612119530804314e+00,0.000000000000000000e+00,2.294932284123022759e-04
3.515883965833889402e+00,0.000000000000000000e+00,2.294932284125209324e-04
3.528155812136974490e+00,0.000000000000000000e+00,2.294932284125068649e-04
3.540427658440059577e+00,0.000000000000000000e+00,2.294932284125384152e-04
3.552699504743144665e+00,0.000000000000000000e+00,2.294932284124702460e-04
3.564971351046229753e+00,0.000000000000000000e+00,2.294932284124381807e-04
3.577243197349314840e+00,0.000000000000000000e+00,2.294932284125637042e-04
3.589515043652399928e+00,0.000000000000000000e+00,2.294932284123868979e-04
3.601786889955485016e+00,0.000000000000000000e+00,2.294932284125860930e-04
3.614058736258570548e+00,0.000000000000000000e+00,2.294932284123442617e-04
3.626330582561655635e+00,0.000000000000000000e+00,2.294932284122688825e-04
3.638602428864740723e+00,0.000000000000000000e+00,2.294932284125348644e-04
3.650874275167825811e+00,0.000000000000000000e+00,2.294932284126061778e-04
3.663146121470910899e+00,0.000000000000000000e+00,2.294932284126053647e-04
3.675417967773995986e+00,0.000000000000000000e+00,2.294932284124178519e-04
3.687689814077081074e+00,0.000000000000000000e+00,2.294932284123293539e-04
3.699961660380166162e+00,0.000000000000000000e+00,2.294932284124561513e-04
3.712233506683251250e+00,0.000000000000000000e+00,2.294932284125290910e-04
3.724505352986336337e+00,0.000000000000000000e+00,2.294932284125654660e-04
3.736777199289421425e+00,0.000000000000000000e+00,2.294932284124618705e-04
3.749049045592506957e+00,0.000000000000000000e+00,2.294932284124951013e-04
3.761320891895592045e+00,0.000000000000000000e+00,2.294932284125101717e-04
3.773592738198677132e+00,0.000000000000000000e+00,2.294932284124114009e-04
3.785864584501762220e+00,0.000000000000000000e+00,2.294932284122120161e-04
3.798136430804847308e+00,0.000000000000000000e+00,2.294932284124568561e-04
3.810408277107932395e+00,0.000000000000000000e+00,2.294932284123707975e-04
3.822680123411017483e+00,0.000000000000000000e+00,2.294932284126618787e-04
3.834951969714102571e+00,0.000000000000000000e+00,2.294932284126879266e-04
3.847223816017187659e+00,0.000000000000000000e+00,2.294932284123406567e-04
3.859495662320272746e+00,0.000000000000000000e+00,2.294932284123997186e-04
3.871767508623358278e+00,0.000000000000000000e+00,2.294932284124393191e-04
3.884039354926443366e+00,0.000000000000000000e+00,2.294932284125696402e-04
3.896311201229528454e+00,0.000000000000000000e+00,2.294932284124978118e-04
3.908583047532613541e+00,0.000000000000000000e+00,2.294932284123773298e-04
3.920854893835698629e+00,0.000000000000000000e+00,2.294932284125508022e-04
3.933126740138783717e+00,0.000000000000000000e+00,2.294932284126160712e-04
3.945398586441868805e+00,0.000000000000000000e+00,2.294932284123445869e-04
3.957670432744953892e+00,0.000000000000000000e+00,2.294932284125165685e-04
3.969942279048038980e+00,0.000000000000000000e+00,2.294932284125592861e-04
3.982214125351124068e+00,0.000000000000000000e+00,2.294932284121500811e-04
3.994485971654209155e+00,0.000000000000000000e+00,2.294932284125345391e-04
4.006757817957294243e+00,0.000000000000000000e+00,2.294932284125653305e-04
4.019029664260379775e+00,0.000000000000000000e+00,2.294932284126429052e-04
4.031301510563464419e+00,0.000000000000000000e+00,2.294932284124378283e-04
4.043573356866549950e+00,0.000000000000000000e+00,2.294932284122695872e-04
4.055845203169634594e+00,0.000000000000000000e+00,2.294932284125456522e-04
4.068117049472720126e+00,0.000000000000000000e+00,2.294932284122682862e-04
4.080388895775805658e+00,0.000000000000000000e+00,2.294932284127575053e-04
4.092660742078890301e+00,0.000000000000000000e+00,2.294932284124388854e-04
4.104932588381975833e+00,0.000000000000000000e+00,2.294932284123935387e-04
4.117204434685060477e+00,0.000000000000000000e+00,2.294932284125139664e-04
4.129476280988146009e+00,0.000000000000000000e+00,2.294932284124927703e-04
4.141748127291230652e+00,0.000000000000000000e+00,2.294932284123968184e-04
4.154019973594316184e+00,0.000000000000000000e+00,2.294932284123885242e-04
4.166291819897400828e+00,0.000000000000000000e+00,2.294932284124373133e-04
4.178563666200486360e+00,0.000000000000000000e+00,2.294932284124953452e-04
4.190835512503571003e+00,0.000000000000000000e+00,2.294932284125632163e-04
4.203107358806656535e+00,0.000000000000000000e+00,2.294932284125541632e-04
4.215379205109742067e+00,0.000000000000000000e+00,2.294932284123615818e-04
4.227651051412826710e+00,0.000000000000000000e+00,2.294932284125089791e-04
4.239922897715912242e+00,0.000000000000000000e+00,2.294932284123285949e-04
4.252194744018996886e+00,0.000000000000000000e+00,2.294932284127659350e-04
4.264466590322082418e+00,0.000000000000000000e+00,2.294932284124044891e-04
4.276738436625167061e+00,0.000000000000000000e+00,2.294932284124742575e-04
4.289010282928252593e+00,0.000000000000000000e+00,2.294932284123484901e-04
4.301282129231337237e+00,0.000000000000000000e+00,2.294932284124823077e-04
4.313553975534422769e+00,0.000000000000000000e+00,2.294932284124108588e-04
4.325825821837507412e+00,0.000000000000000000e+00,2.294932284125431314e-04
4.338097668140592944e+00,0.000000000000000000e+00,2.294932284124556092e-04
4.350369514443678476e+00,0.000000000000000000e+00,2.294932284125152403e-04
4.362641360746763119e+00,0.000000000000000000e+00,2.294932284124407557e-04
4.374913207049848651e+00,0.000000000000000000e+00,2.294932284124653670e-04
4.387185053352933295e+00,0.000000000000000000e+00,2.294932284123734809e-04
4.399456899656018827e+00,0.000000000000000000e+00,2.294932284125354607e-04
4.411728745959103470e+00,0.000000000000000000e+00,2.294932284125084370e-04
4.424000592262189002e+00,0.000000000000000000e+00,2.294932284124406743e-04
4.436272438565273646e+00,0.000000000000000000e+00,2.294932284124379909e-04
4.448544284868359178e+00,0.000000000000000000e+00,2.294932284125209324e-04
4.460816131171444709e+00,0.000000000000000000e+00,2.294932284124794346e-04
4.473087977474529353e+00,0.000000000000000000e+00,2.294932284125554371e-04
4.485359823777614885e+00,0.000000000000000000e+00,2.294932284123959239e-04
4.497631670080699529e+00,0.000000000000000000e+00,2.294932284125217998e-04
4.509903516383785060e+00,0.000000000000000000e+00,2.294932284124464206e-04
4.522175362686869704e+00,0.000000000000000000e+00,2.294932284124245739e-04
4.534447208989955236e+00,0.000000000000000000e+00,2.294932284124629276e-04
4.546719055293039879e+00,0.000000000000000000e+00,2.294932284124777541e-04
4.558990901596125411e+00,0.000000000000000000e+00,2.294932284124733359e-04
4.571262747899210055e+00,0.000000000000000000e+00,2.294932284124479927e-04
4.583534594202295587e+00,0.000000000000000000e+00,2.294932284124697581e-04
4.595806440505381119e+00,0.000000000000000000e+00,2.294932284124457430e-04
4.608078286808465762e+00,0.000000000000000000e+00,2.294932284125182490e-04
4.620350133111551294e+00,0.000000000000000000e+00,2.294932284124581300e-04
4.632621979414635938e+00,0.000000000000000000e+00,2.294932284124772662e-04
4.644893825717721469e+00,0.000000000000000000e+00,2.294932284124652586e-04
4.657165672020806113e+00,0.000000000000000000e+00,2.294932284124781335e-04
4.669437518323891645e+00,0.000000000000000000e+00,2.294932284124809525e-04
4.681709364626976289e+00,0.000000000000000000e+00,2.294932284124576692e-04
4.693981210930061820e+00,0.000000000000000000e+00,2.294932284124595937e-04
4.706253057233146464e+00,0.000000000000000000e+00,2.294932284124717909e-04
4.718524903536231996e+00,0.000000000000000000e+00,2.294932284124742033e-04
4.730796749839317528e+00,0.000000000000000000e+00,2.294932284124901953e-04
4.743068596142402171e+00,0.000000000000000000e+00,2.294932284124721162e-04
4.755340442445487703e+00,0.000000000000000000e+00,2.294932284124453093e-04
4.767612288748572347e+00,0.000000000000000000e+00,2.294932284124660176e-04
4.779884135051657879e+00,0.000000000000000000e+00,2.294932284124773746e-04
4.792155981354742522e+00,0.000000000000000000e+00,2.294932284124667223e-04
4.804427827657828054e+00,0.000000000000000000e+00,2.294932284124559074e-04
4.816699673960912698e+00,0.000000000000000000e+00,2.294932284124782691e-04
4.828971520263998229e+00,0.000000000000000000e+00,2.294932284124482638e-04
4.841243366567082873e+00,0.000000000000000000e+00,2.294932284124902495e-04
4.853515212870168405e+00,0.000000000000000000e+00,2.294932284124585908e-04
4.865787059173253937e+00,0.000000000000000000e+00,2.294932284124998176e-04
4.878058905476338580e+00,0.000000000000000000e+00,2.294932284124297510e-04
4.890330751779424112e+00,0.000000000000000000e+00,2.294932284125020402e-04
4.902602598082508756e+00,0.000000000000000000e+00,2.294932284124593768e-04
4.914874444385594288e+00,0.000000000000000000e+00,2.294932284124851266e-04
4.927146290688678931e+00,0.000000000000000000e+00,2.294932284124356599e-04
4.939418136991764463e+00,0.000000000000000000e+00,2.294932284125188182e-04
4.951689983294849107e+00,0.000000000000000000e+00,2.294932284125042357e-04
4.963961829597934639e+00,0.000000000000000000e+00,2.294932284124587805e-04
4.976233675901019282e+00,0.000000000000000000e+00,2.294932284124410538e-04
4.988505522204104814e+00,0.000000000000000000e+00,2.294932284124704628e-04
5.000777368507190346e+00,0.000000000000000000e+00,2.294932284124271218e-04
5.013049214810274989e+00,0.000000000000000000e+00,2.294932284124514893e-04
5.025321061113360521e+00,0.000000000000000000e+00,2.294932284123752698e-04
5.037592907416445165e+00,0.000000000000000000e+00,2.294932284126038739e-04
5.049864753719530697e+00,0.000000000000000000e+00,2.294932284124760735e-04
5.062136600022615340e+00,0.000000000000000000e+00,2.294932284124266339e-04
5.074408446325700872e+00,0.000000000000000000e+00,2.294932284125046423e-04
5.086680292628785516e+00,0.000000000000000000e+00,2.294932284124278808e-04
5.098952138931871048e+00,0.000000000000000000e+00,2.294932284124835003e-04
5.111223985234956579e+00,0.000000000000000000e+00,2.294932284125236971e-04
5.123495831538041223e+00,0.000000000000000000e+00,2.294932284125144001e-04
5.135767677841126755e+00,0.000000000000000000e+00,2.294932284124103438e-04
5.148039524144211398e+00,0.000000000000000000e+00,2.294932284123924816e-04
5.160311370447296930e+00,0.000000000000000000e+00,2.294932284124843677e-04
5.172583216750381574e+00,0.000000000000000000e+00,2.294932284124839882e-04
5.184855063053467106e+00,0.000000000000000000e+00,2.294932284124852622e-04
5.197126909356551749e+00,0.000000000000000000e+00,2.294932284123922918e-04
5.209398755659637281e+00,0.000000000000000000e+00,2.294932284125641650e-04
5.221670601962721925e+00,0.000000000000000000e+00,2.294932284124758296e-04
5.233942448265807457e+00,0.000000000000000000e+00,2.294932284126030878e-04
5.246214294568892988e+00,0.000000000000000000e+00,2.294932284122274118e-04
5.258486140871977632e+00,0.000000000000000000e+00,2.294932284125472514e-04
5.270757987175063164e+00,0.000000000000000000e+00,2.294932284124546606e-04
5.283029833478147808e+00,0.000000000000000000e+00,2.294932284123915871e-04
5.295301679781233339e+00,0.000000000000000000e+00,2.294932284124444691e-04
5.307573526084317983e+00,0.000000000000000000e+00,2.294932284124499172e-04
5.319845372387403515e+00,0.000000000000000000e+00,2.294932284126371860e-04
5.332117218690488158e+00,0.000000000000000000e+00,2.294932284124181500e-04
5.344389064993573690e+00,0.000000000000000000e+00,2.294932284125641379e-04
5.356660911296658334e+00,0.000000000000000000e+00,2.294932284123873316e-04
5.368932757599743866e+00,0.000000000000000000e+00,2.294932284124982184e-04
5.381204603902829398e+00,0.000000000000000000e+00,2.294932284125419388e-04
5.393476450205914041e+00,0.000000000000000000e+00,2.294932284124216466e-04
5.405748296508999573e+00,0.000000000000000000e+00,2.294932284123272668e-04
5.418020142812084217e+00,0.000000000000000000e+00,2.294932284124807898e-04
5.430291989115169748e+00,0.000000000000000000e+00,2.294932284124386957e-04
5.442563835418254392e+00,0.000000000000000000e+00,2.294932284125783951e-04
5.454835681721339924e+00,0.000000000000000000e+00,2.294932284125988052e-04
5.467107528024424568e+00,0.000000000000000000e+00,2.294932284125196856e-04
5.479379374327510099e+00,0.000000000000000000e+00,2.294932284125358402e-04
5.491651220630594743e+00,0.000000000000000000e+00,2.294932284121192355e-04
5.503923066933680275e+00,0.000000000000000000e+00,2.294932284125416136e-04
5.516194913236765807e+00,0.000000000000000000e+00,2.294932284123779261e-04
5.528466759539850450e+00,0.000000000000000000e+00,2.294932284124837714e-04
5.540738605842935982e+00,0.000000000000000000e+00,2.294932284127074965e-04
5.553010452146020626e+00,0.000000000000000000e+00,2.294932284122794806e-04
5.565282298449106158e+00,0.000000000000000000e+00,2.294932284125068649e-04
5.577554144752190801e+00,0.000000000000000000e+00,2.294932284125019589e-04
5.589825991055276333e+00,0.000000000000000000e+00,2.294932284125906195e-04
5.602097837358360977e+00,0.000000000000000000e+00,2.294932284124142198e-04
5.614369683661446508e+00,0.000000000000000000e+00,2.294932284123597115e-04
5.626641529964531152e+00,0.000000000000000000e+00,2.294932284124882708e-04
5.638913376267616684e+00,0.000000000000000000e+00,2.294932284123745922e-04
5.651185222570702216e+00,0.000000000000000000e+00,2.294932284125857948e-04
5.663457068873786859e+00,0.000000000000000000e+00,2.294932284124208877e-04
5.675728915176872391e+00,0.000000000000000000e+00,2.294932284125574700e-04
5.688000761479957035e+00,0.000000000000000000e+00,2.294932284124744472e-04
5.700272607783042567e+00,0.000000000000000000e+00,2.294932284124688907e-04
5.712544454086127210e+00,0.000000000000000000e+00,2.294932284124721704e-04
5.724816300389212742e+00,0.000000000000000000e+00,2.294932284125357589e-04
5.737088146692297386e+00,0.000000000000000000e+00,2.294932284123436925e-04
5.749359992995382918e+00,0.000000000000000000e+00,2.294932284123070464e-04
5.761631839298467561e+00,0.000000000000000000e+00,2.294932284126506572e-04
5.773903685601553093e+00,0.000000000000000000e+00,2.294932284123952463e-04
5.786175531904638625e+00,0.000000000000000000e+00,2.294932284125597740e-04
5.798447378207723268e+00,0.000000000000000000e+00,2.294932284125188724e-04
5.810719224510808800e+00,0.000000000000000000e+00,2.294932284122445964e-04
5.822991070813893444e+00,0.000000000000000000e+00,2.294932284126846740e-04
5.835262917116978976e+00,0.000000000000000000e+00,2.294932284124536306e-04
5.847534763420063619e+00,0.000000000000000000e+00,2.294932284124399696e-04
5.859806609723149151e+00,0.000000000000000000e+00,2.294932284123747277e-04
5.872078456026233795e+00,0.000000000000000000e+00,2.294932284125625929e-04
5.884350302329319327e+00,0.000000000000000000e+00,2.294932284124570729e-04
5.896622148632403970e+00,0.000000000000000000e+00,2.294932284126041720e-04
5.908893994935489502e+00,0.000000000000000000e+00,2.294932284124126477e-04
5.921165841238575034e+00,0.000000000000000000e+00,2.294932284124405659e-04
5.933437687541659677e+00,0.000000000000000000e+00,2.294932284124361749e-04
5.945709533844745209e+00,0.000000000000000000e+00,2.294932284124442793e-04
5.957981380147829853e+00,0.000000000000000000e+00,2.294932284125465467e-04
5.970253226450915385e+00,0.000000000000000000e+00,2.294932284124402407e-04
5.982525072754000028e+00,0.000000000000000000e+00,2.294932284124850724e-04
5.994796919057085560e+00,0.000000000000000000e+00,2.294932284124355786e-04
6.007068765360170204e+00,0.000000000000000000e+00,2.294932284123806366e-04
6.019340611663255736e+00,0.000000000000000000e+00,2.294932284124665597e-04
6.031612457966341267e+00,0.000000000000000000e+00,2.294932284125875024e-04
6.043884304269425911e+00,0.000000000000000000e+00,2.294932284123405212e-04
6.056156150572511443e+00,0.000000000000000000e+00,2.294932284125460046e-04
6.068427996875596087e+00,0.000000000000000000e+00,2.294932284125060517e-04
6.080699843178681618e+00,0.000000000000000000e+00,2.294932284125114185e-04
6.092971689481766262e+00,0.000000000000000000e+00,2.294932284124737154e-04
6.105243535784851794e+00,0.000000000000000000e+00,2.294932284124645268e-04
6.117515382087936437e+00,0.000000000000000000e+00,2.294932284124495919e-04
6.129787228391021969e+00,0.000000000000000000e+00,2.294932284124248721e-04
6.142059074694106613e+00,0.000000000000000000e+00,2.294932284124757754e-04
6.154330920997192145e+00,0.000000000000000000e+00,2.294932284124984081e-04
6.166602767300277677e+00,0.000000000000000000e+00,2.294932284124981642e-04
6.178874613603362320e+00,0.000000000000000000e+00,2.294932284123965473e-04
6.191146459906447852e+00,0.000000000000000000e+00,2.294932284124765614e-04
6.203418306209532496e+00,0.000000000000000000e+00,2.294932284124953452e-04
6.215690152512618027e+00,0.000000000000000000e+00,2.294932284124749080e-04
6.227961998815702671e+00,0.000000000000000000e+00,2.294932284124793262e-04
6.240233845118788203e+00,0.000000000000000000e+00,2.294932284124778896e-04
6.252505691421872847e+00,0.000000000000000000e+00,2.294932284124717096e-04
6.264777537724958378e+00,0.000000000000000000e+00,2.294932284124561784e-04
6.277049384028043022e+00,0.000000000000000000e+00,2.294932284124730920e-04
