x,y,u,v,p,fluid
0.0016666666666666666,0.0008333333333333334,0.00037289339560087433,6.355330219956284e-05,0.020195491453485835,1
0.004999999999999999,0.0008333333333333334,0.00020131317778922407,2.223680670626227e-05,0.017400992507957982,1
0.008333333333333333,0.0008333333333333334,0.00014425638133423589,6.291591521231829e-06,0.016536909551181235,1
0.011666666666666665,0.0008333333333333334,0.0001283636353342363,1.6547814787679874e-06,0.016005395861851904,1
0.015,0.0008333333333333334,0.00012428021344167703,3.869294675116359e-07,0.015520210360743277,1
0.018333333333333333,0.0008333333333333334,0.00012337151624687787,6.741912988795474e-08,0.015035007833274671,1
0.021666666666666664,0.0008333333333333334,0.0001232351279357699,7.750256660148103e-10,0.014545748315579506,1
0.024999999999999998,0.0008333333333333334,0.00012324690887864805,-6.6654971050781405e-09,0.014054110292868186,1
0.028333333333333332,0.0008333333333333334,0.00012326851223403427,-4.1361805880691e-09,0.01356146435811056,1
0.03166666666666666,0.0008333333333333334,0.00012328039414862682,-1.8047767082481062e-09,0.013068458441423347,1
0.034999999999999996,0.0008333333333333334,0.00012328531126996471,-6.53783960713298e-10,0.012575341400525877,1
0.03833333333333333,0.0008333333333333334,0.0001232870255086784,-2.033353961306075e-10,0.012082195504894453,1
0.041666666666666664,0.0008333333333333334,0.0001232875384528092,-5.3136669256347834e-11,0.011589044057533577,1
0.045,0.0008333333333333334,0.00012328766540525517,-1.0339553742666316e-11,0.011095892358681858,1
0.04833333333333333,0.0008333333333333334,0.00012328768714823748,-5.31937377159977e-13,0.01060274111148845,1
0.051666666666666666,0.0008333333333333334,0.00012328768661085877,8.006266996120143e-13,0.010109590168140042,1
0.05499999999999999,0.0008333333333333334,0.00012328768390899156,5.503068457217403e-13,0.00961643936160637,1
0.05833333333333333,0.0008333333333333334,0.00012328768230807162,2.5015302647556584e-13,0.009123288605585072,1
0.06166666666666666,0.0008333333333333334,0.000123287681620774,9.349566906575222e-14,0.008630137865558012,1
0.065,0.0008333333333333334,0.0001232876813735591,3.011178642822545e-14,0.008136987129831604,1
0.06833333333333333,0.0008333333333333334,0.00012328768129675702,8.289267203599725e-15,0.007643836395000533,1
0.07166666666666666,0.0008333333333333334,0.00012328768127656817,1.805261887313909e-15,0.0071506856602501,1
0.075,0.0008333333333333334,0.00012328768127254464,2.0660028502868367e-16,0.006657534925451463,1
0.07833333333333332,0.0008333333333333334,0.00012328768127225413,-6.14516552229675e-17,0.006164384190614315,1
0.08166666666666667,0.0008333333333333334,0.0001232876812724511,-3.7089352602620593e-17,0.0056712334557586595,1
0.08499999999999999,0.0008333333333333334,0.0001232876812724637,3.082969210682954e-17,0.005178082720895999,1
0.08833333333333333,0.0008333333333333334,0.00012328768127221757,9.220522407495007e-17,0.0046849319860323944,1
0.09166666666666666,0.0008333333333333334,0.0001232876812718512,9.087070647845851e-17,0.004191781251173437,1
0.09499999999999999,0.0008333333333333334,0.0001232876812719615,-1.4604281990014987e-16,0.0036986305163284566,1
0.09833333333333333,0.0008333333333333334,0.00012328768127427687,-1.0116404507047655e-15,0.003205479781513997,1
0.10166666666666666,0.0008333333333333334,0.00012328768128275295,-3.2263954980539075e-15,0.0027123290467561435,1
0.105,0.0008333333333333334,0.000123287681304894,-7.844081779051901e-15,0.0022191783120806634,1
0.10833333333333332,0.0008333333333333334,0.00012328768135218572,-1.5801816960381724e-14,0.0017260275775060384,1
0.11166666666666666,0.0008333333333333334,0.00012328768143913163,-2.7671221576234768e-14,0.0012328768431256506,1
0.11499999999999999,0.0008333333333333334,0.0001232876815732171,-3.9371453861262494e-14,0.0007397261071309661,1
0.11833333333333333,0.0008333333333333334,0.00012328768166796524,-8.002446715649456e-15,0.00024657537928879147,1
0.0016666666666666666,0.0025,0.00047763454725455125,0.00013828933077185009,0.01902192536987131,1
0.004999999999999999,0.0025,0.0004181718391260643,6.30222411040436e-05,0.017446336835915743,1
0.008333333333333333,0.0025,0.00036343099043760127,2.140497969517611e-05,0.01660540767584055,1
0.011666666666666665,0.0025,0.0003395894185579146,6.408552244666796e-06,0.016033934454423478,1
0.015,0.0025,0.0003315707086241495,1.6842246147749628e-06,0.015529626906155987,1
0.018333333333333333,0.0025,0.0003293094822069777,3.5508578861014325e-07,0.015037672756192144,1
0.021666666666666664,0.0025,0.0003287961035395542,3.799185620954926e-08,0.014546368986270578,1
0.024999999999999998,0.0025,0.0003287262700742892,-1.4856066455140709e-08,0.014054203566202916,1
0.028333333333333332,0.0025,0.00032873907027458795,-1.3147389080534496e-08,0.01356145432606017,1
0.03166666666666666,0.0025,0.0003287544402967488,-6.419536592574761e-09,0.013068442310853166,1
0.034999999999999996,0.0025,0.000328762434169838,-2.4945212900153226e-09,0.012575332640911846,1
0.03833333333333333,0.0025,0.00032876564766753095,-8.264662702112027e-10,0.012082191904969045,1
0.041666666666666664,0.0025,0.00032876674211808105,-2.3370313565351956e-10,0.01158904280995412,1
0.045,0.0025,0.00032876706136225164,-5.287139570407911e-11,0.01109589198785105,1
0.04833333333333333,0.0025,0.00032876713734688017,-6.863900828847819e-12,0.010602741020646926,1
0.051666666666666666,0.0025,0.0003287671490256053,1.5619168794065903e-12,0.010109590153015496,1
0.05499999999999999,0.0025,0.00032876714788761534,1.7089452467859683e-12,0.009616439362210561,1
0.05833333333333333,0.0025,0.000328767145914468,8.785482678965556e-13,0.009123288607620086,1
0.06166666666666666,0.0025,0.0003287671448260783,3.5294403096996757e-13,0.008630137866742271,1
0.065,0.0025,0.00032876714437288836,1.208659663799595e-13,0.008136987130336696,1
0.06833333333333333,0.0025,0.00032876714421334015,3.5710261869387533e-14,0.007643836395181447,1
0.07166666666666666,0.0025,0.00032876714416481105,8.743256793567379e-15,0.007150685660306084,1
0.075,0.0025,0.00032876714415240447,1.4836755281209362e-15,0.006657534925466168,1
0.07833333333333332,0.0025,0.00032876714415003077,-6.636679005286318e-18,0.006164384190617499,1
0.08166666666666667,0.0025,0.00032876714414979837,-7.422616609896876e-17,0.005671233455759763,1
0.08499999999999999,0.0025,0.0003287671441496524,1.3471335108101827e-16,0.005178082720898138,1
0.08833333333333333,0.0025,0.0003287671441491976,3.3857390933592977e-16,0.0046849319860370895,1
0.09166666666666666,0.0025,0.00032876714414871347,2.69654143762218e-16,0.004191781251181087,1
0.09499999999999999,0.0025,0.0003287671441495246,-7.854648808282123e-16,0.0036986305163348773,1
0.09833333333333333,0.0025,0.0003287671441552625,-4.398863231142424e-15,0.0032054797815007233,1
0.10166666666666666,0.0025,0.00032876714417389655,-1.339433521019497e-14,0.0027123290466619736,1
0.105,0.0025,0.0003287671442199422,-3.1769484735145856e-14,0.00221917831175206,1
0.10833333333333332,0.0025,0.00032876714431519553,-6.314900800466716e-14,0.0017260275765609962,1
0.11166666666666666,0.0025,0.0003287671444819305,-1.0716453044546794e-13,0.0012328768406931858,1
0.11499999999999999,0.0025,0.00032876714473335545,-1.5263318113526993e-13,0.0007397261042590795,1
0.11833333333333333,0.0025,0.0003287671450397183,-9.529588622562664e-14,0.0002465753548543105,1
0.0016666666666666666,0.004166666666666667,0.0005210168031137652,0.0001389636555876919,0.018170896535478064,1
0.004999999999999999,0.004166666666666667,0.0005330096486554873,8.608284758158412e-05,0.01731733073470669,1
0.008333333333333333,0.004166666666666667,0.0005148783180499231,3.4780462864649294e-05,0.01661136621719082,1
0.011666666666666665,0.004166666666666667,0.000501502792515146,1.1641617782425404e-05,0.016047436331734527,1
0.015,0.004166666666666667,0.0004957284675811267,3.347676510908546e-06,0.015536512578546016,1
0.018333333333333333,0.004166666666666667,0.000493787978411499,7.924916858762738e-07,0.015040329024467225,1
0.021666666666666664,0.004166666666666667,0.0004932553843073176,1.2357234474594144e-07,0.014547239434086435,1
0.024999999999999998,0.004166666666666667,0.0004931447035307075,-1.017943405390479e-08,0.014054448705365449,1
0.028333333333333332,0.004166666666666667,0.0004931355188810644,-1.9631796809660472e-08,0.013561509500365167,1
0.03166666666666666,0.004166666666666667,0.0004931420631160924,-1.0892257458009379e-08,0.013068449402823257,1
0.034999999999999996,0.004166666666666667,0.0004931470722223278,-4.5232900869712205e-09,0.012575330972918871,1
0.03833333333333333,0.004166666666666667,0.000493149423378178,-1.5800242449696647e-09,0.01208219011173225,1
0.041666666666666664,0.004166666666666667,0.0004931503157579683,-4.735603312306755e-10,0.011589041894502706,1
0.045,0.004166666666666667,0.0004931506054044595,-1.174595310857335e-10,0.011095891623190062,1
0.04833333333333333,0.004166666666666667,0.000493150685318214,-2.022495705042246e-11,0.01060274089733086,1
0.051666666666666666,0.004166666666666667,0.0004931507026232091,4.31112959327012e-13,0.0101095901173947,1
0.05499999999999999,0.004166666666666667,0.000493150704498822,2.4709376845041427e-12,0.00961643935381162,1
0.05833333333333333,0.004166666666666667,0.0004931507037639474,1.470566939080796e-12,0.00912328860634933,1
0.06166666666666666,0.004166666666666667,0.0004931507031072772,6.334553872471056e-13,0.008630137866878116,1
0.065,0.004166666666666667,0.0004931507027841132,2.2853154077554537e-13,0.008136987130558628,1
0.06833333333333333,0.004166666666666667,0.0004931507026573177,7.121655331182015e-14,0.0076438363953028705,1
0.07166666666666666,0.004166666666666667,0.000493150702614718,1.8801239309353745e-14,0.007150685660356447,1
0.075,0.004166666666666667,0.0004931507026023807,3.797570786680375e-15,0.00665753492548392,1
0.07833333333333332,0.004166666666666667,0.0004931507025994096,3.520159121206747e-16,0.006164384190623051,1
0.08166666666666667,0.004166666666666667,0.0004931507025988256,-2.468004231837002e-17,0.005671233455761407,1
0.08499999999999999,0.004166666666666667,0.000493150702598591,2.7531290247815703e-16,0.005178082720898366,1
0.08833333333333333,0.004166666666666667,0.0004931507025982493,5.959897648373735e-16,0.004684931986035279,1
0.09166666666666666,0.004166666666666667,0.0004931507025980387,3.596054128795093e-16,0.004191781251173426,1
0.09499999999999999,0.004166666666666667,0.0004931507025991383,-1.8307108913266388e-15,0.003698630516313358,1
0.09833333333333333,0.004166666666666667,0.0004931507026046527,-8.979823843260836e-15,0.00320547978145307,1
0.10166666666666666,0.004166666666666667,0.0004931507026211852,-2.639670204075088e-14,0.0027123290465897515,1
0.105,0.004166666666666667,0.0004931507026604812,-6.14378927972811e-14,0.00221917831171734,1
0.10833333333333332,0.004166666666666667,0.0004931507027395869,-1.2066020734530586e-13,0.0017260275768746646,1
0.11166666666666666,0.004166666666666667,0.0004931507028790169,-2.0273583486221458e-13,0.0012328768419812533,1
0.11499999999999999,0.004166666666666667,0.0004931507030830761,-2.848038902158532e-13,0.0007397261076994161,1
0.11833333333333333,0.004166666666666667,0.0004931507033715035,-2.6051999712451944e-13,0.00024657538071687894,1
0.0016666666666666666,0.005833333333333334,0.0005380915299539272,0.00010940948905384576,0.01759710334633968,1
0.004999999999999999,0.005833333333333334,0.0005924106299992496,8.248104132190797e-05,0.017155523770101676,1
0.008333333333333333,0.005833333333333334,0.0006123635431711874,3.7471477841138735e-05,0.016587121786525806,1
0.011666666666666665,0.005833333333333334,0.0006165086223756496,1.3565825971093455e-05,0.016050252741646776,1
0.015,0.005833333333333334,0.0006168287072953169,4.150588329416566e-06,0.015540638957049688,1
0.018333333333333333,0.005833333333333334,0.0006166408647360231,1.0537457318289333e-06,0.01504249169206659,1
0.021666666666666664,0.005833333333333334,0.0006165137723382291,1.9216154978104577e-07,0.01454810576443707,1
0.024999999999999998,0.005833333333333334,0.0006164613931624676,2.761337096729832e-09,0.014054743303804608,1
0.028333333333333332,0.005833333333333334,0.000616444042008137,-1.930466597356108e-08,0.013561595763330759,1
0.03166666666666666,0.005833333333333334,0.0006164392925161,-1.211675978966567e-08,0.013068469960244699,1
0.034999999999999996,0.005833333333333334,0.0006164383055157264,-5.3098406861855905e-09,0.012575334135549284,1
0.03833333333333333,0.005833333333333334,0.0006164382233784516,-1.9279829334454155e-09,0.012082189803924101,1
0.041666666666666664,0.005833333333333334,0.000616438281254568,-6.007295962149658e-10,0.011589041360966197,1
0.045,0.005833333333333334,0.0006164383256911435,-1.573317994390706e-10,0.011095891330190465,1
0.04833333333333333,0.005833333333333334,0.0006164383465787271,-3.075335769878192e-11,0.010602740776200548,1
0.051666666666666666,0.005833333333333334,0.0006164383545111069,-1.6591737535374004e-12,0.01010959007523096,1
0.05499999999999999,0.005833333333333334,0.0006164383570860211,2.3359607108247037e-12,0.009616439341258163,1
0.05833333333333333,0.005833333333333334,0.0006164383578007661,1.615608825557753e-12,0.009123288603226594,1
0.06166666666666666,0.005833333333333334,0.0006164383579598603,7.372014961997616e-13,0.008630137866329077,1
0.065,0.005833333333333334,0.0006164383579798054,2.763947062137491e-13,0.008136987130562002,1
0.06833333333333333,0.005833333333333334,0.0006164383579747423,8.928270500408775e-14,0.007643836395364803,1
0.07166666666666666,0.005833333333333334,0.0006164383579694659,2.4673177726720482e-14,0.007150685660394115,1
0.075,0.005833333333333334,0.0006164383579667774,5.438609298807996e-15,0.006657534925500341,1
0.07833333333333332,0.005833333333333334,0.0006164383579656969,7.370286900713951e-16,0.0061643841906291455,1
0.08166666666666667,0.005833333333333334,0.0006164383579653189,7.101109599297979e-17,0.005671233455763592,1
0.08499999999999999,0.005833333333333334,0.0006164383579652035,3.543762429324329e-16,0.0051780827208994205,1
0.08833333333333333,0.005833333333333334,0.0006164383579652076,6.8589190856328e-16,0.0046849319860361015,1
0.09166666666666666,0.005833333333333334,0.000616438357965361,2.984866346130902e-16,0.0041917812511737765,1
0.09499999999999999,0.005833333333333334,0.0006164383579658349,-2.5564525975884896e-15,0.003698630516311244,1
0.09833333333333333,0.005833333333333334,0.0006164383579669779,-1.1582843308221763e-14,0.003205479781442276,1
0.10166666666666666,0.005833333333333334,0.0006164383579693459,-3.324396215357518e-14,0.0027123290465454228,1
0.105,0.005833333333333334,0.0006164383579736457,-7.638846300581038e-14,0.002219178311567506,1
0.10833333333333332,0.005833333333333334,0.0006164383579807724,-1.4882584701917475e-13,0.001726027576392592,1
0.11166666666666666,0.005833333333333334,0.0006164383579905625,-2.49180223827697e-13,0.0012328768407977345,1
0.11499999999999999,0.005833333333333334,0.000616438358009875,-3.5004537381244406e-13,0.0007397261038647632,1
0.11833333333333333,0.005833333333333334,0.0006164383580640717,-3.6659055017710295e-13,0.0002465753640091282,1
0.0016666666666666666,0.007500000000000001,0.0005442529784525695,6.823723485059744e-05,0.01724662314083262,1
0.004999999999999999,0.007500000000000001,0.000621599806768785,5.782033134438724e-05,0.01702618131639236,1
0.008333333333333333,0.007500000000000001,0.0006694413308088187,2.823496921267368e-05,0.016558126984677183,1
0.011666666666666665,0.007500000000000001,0.0006894121991851492,1.0744360809162147e-05,0.016048317359728847,1
0.015,0.007500000000000001,0.000696197567132029,3.4193270580743967e-06,0.015542749069325956,1
0.018333333333333333,0.007500000000000001,0.0006981455141742883,9.049547616883056e-07,0.015043991893414694,1
0.021666666666666664,0.007500000000000001,0.0006985977049975445,1.7840330719057893e-07,0.014548791381747417,1
0.024999999999999998,0.007500000000000001,0.0006986628913833358,1.011597467222571e-08,0.014054999133603571,1
0.028333333333333332,0.007500000000000001,0.0006986536741991641,-1.3375134297893e-08,0.013561678110366151,1
0.03166666666666666,0.007500000000000001,0.0006986409452512542,-9.307071491738826e-09,0.013068492388904084,1
0.034999999999999996,0.007500000000000001,0.0006986341726444405,-4.2397253902953735e-09,0.012575338870990249,1
0.03833333333333333,0.007500000000000001,0.0006986314183777784,-1.5798962607382928e-09,0.012082190254105044,1
0.041666666666666664,0.007500000000000001,0.0006986304718133333,-5.044721045340589e-10,0.011589041119656212,1
0.045,0.007500000000000001,0.0006986301929953579,-1.363985911686466e-10,0.011095891133335645,1
0.04833333333333333,0.007500000000000001,0.0006986301256210893,-2.8443223442013874e-11,0.010602740682028685,1
0.051666666666666666,0.007500000000000001,0.0006986301148044734,-2.5271899321864024e-12,0.010109590039049005,1
0.05499999999999999,0.007500000000000001,0.0006986301155316478,1.5529324679447873e-12,0.00961643932943782,1
0.05833333333333333,0.007500000000000001,0.0006986301171569657,1.2286057699933192e-12,0.009123288599917704,1
0.06166666666666666,0.007500000000000001,0.0006986301180766561,5.848122262381078e-13,0.008630137865586671,1
0.065,0.007500000000000001,0.0006986301184642532,2.2501282547005546e-13,0.008136987130467078,1
0.06833333333333333,0.007500000000000001,0.0006986301186019398,7.43529072128738e-14,0.007643836395387494,1
0.07166666666666666,0.007500000000000001,0.0006986301186442023,2.1109929893847356e-14,0.007150685660418408,1
0.075,0.007500000000000001,0.0006986301186551446,4.8750155108806844e-15,0.0066575349255128145,1
0.07833333333333332,0.007500000000000001,0.0006986301186572964,7.64917046523923e-16,0.006164384190634214,1
0.08166666666666667,0.007500000000000001,0.0006986301186575363,1.1202869786830208e-16,0.005671233455765412,1
0.08499999999999999,0.007500000000000001,0.0006986301186576763,3.0107304387898125e-16,0.005178082720899919,1
0.08833333333333333,0.007500000000000001,0.0006986301186580706,5.403069258905554e-16,0.0046849319860355655,1
0.09166666666666666,0.007500000000000001,0.0006986301186584717,1.6689124079725474e-16,0.004191781251171044,1
0.09499999999999999,0.007500000000000001,0.0006986301186577088,-2.2804542767959296e-15,0.0036986305163032754,1
0.09833333333333333,0.007500000000000001,0.0006986301186525852,-9.86847641151409e-15,0.003205479781423579,1
0.10166666666666666,0.007500000000000001,0.0006986301186361094,-2.7904445444221827e-14,0.002712329046511584,1
0.105,0.007500000000000001,0.0006986301185955451,-6.35957483671637e-14,0.0022191783115285144,1
0.10833333333333332,0.007500000000000001,0.0006986301185117917,-1.2330518801940917e-13,0.0017260275764096633,1
0.11166666666666666,0.007500000000000001,0.0006986301183640321,-2.057159651738551e-13,0.0012328768411145972,1
0.11499999999999999,0.007500000000000001,0.0006986301181401012,-2.912005634959944e-13,0.0007397261058366233,1
0.11833333333333333,0.007500000000000001,0.0006986301178825056,-3.2373619180178313e-13,0.00024657536976248107,1
0.0016666666666666666,0.009166666666666667,0.0005461107456243128,2.3055372812156375e-05,0.017081380921277145,1
0.004999999999999999,0.009166666666666667,0.0006334948976611897,2.063670320628206e-05,0.016957082512019817,1
0.008333333333333333,0.009166666666666667,0.0006956294361982339,1.0430566062239949e-05,0.016540172696375966,1
0.011666666666666665,0.009166666666666667,0.0007246233320319043,4.066381854595301e-06,0.016046223912823156,1
0.015,0.009166666666666667,0.0007353943359257009,1.3191200923030572e-06,0.015543611241737993,1
0.018333333333333333,0.009166666666666667,0.0007387446442243339,3.56034057013425e-07,0.015044764810280968,1
0.021666666666666664,0.009166666666666667,0.0007396019068815848,7.259727161192814e-08,0.01454917113299236,1
0.024999999999999998,0.009166666666666667,0.0007397578329705521,5.365772871672141e-09,0.014055147232541863,1
0.028333333333333332,0.009166666666666667,0.0007397591824030122,-4.691056641523816e-09,0.013561727559186618,1
0.03166666666666666,0.009166666666666667,0.0007397428646711776,-3.4678092757349384e-09,0.01306850656137176,1
0.034999999999999996,0.009166666666666667,0.0007397327041777026,-1.6124374618087995e-09,0.01257534215233534,1
0.03833333333333333,0.009166666666666667,0.0007397282616893828,-6.088066981738806e-10,0.012082190715914255,1
0.041666666666666664,0.009166666666666667,0.0007397266506032401,-1.9673637314390803e-10,0.011589041044189929,1
0.045,0.009166666666666667,0.0007397261491415324,-5.399448086644179e-11,0.011095891036730688,1
0.04833333333333333,0.009166666666666667,0.0007397260179868523,-1.1582859346826785e-11,0.010602740631125268,1
0.051666666666666666,0.009166666666666667,0.0007397259924247468,-1.1981933846954412e-12,0.010109590018424562,1
0.05499999999999999,0.009166666666666667,0.0007397259910869021,5.292710513538764e-13,0.009616439322374732,1
0.05833333333333333,0.009166666666666667,0.0007397259930557814,4.551686683862306e-13,0.0091232885978505,1
0.06166666666666666,0.009166666666666667,0.0007397259944093542,2.2161775566085246e-13,0.008630137865089144,1
0.065,0.009166666666666667,0.0007397259950253807,8.639547271910068e-14,0.008136987130387208,1
0.06833333333333333,0.009166666666666667,0.0007397259952559031,2.88657469918166e-14,0.007643836395392733,1
0.07166666666666666,0.009166666666666667,0.0007397259953302347,8.299993338935217e-15,0.007150685660430344,1
0.075,0.009166666666666667,0.0007397259953507483,1.9568831877026838e-15,0.006657534925519584,1
0.07833333333333332,0.009166666666666667,0.0007397259953553124,3.250896094911445e-16,0.006164384190637097,1
0.08166666666666667,0.009166666666666667,0.0007397259953560698,5.344873849717941e-17,0.0056712334557664675,1
0.08499999999999999,0.009166666666666667,0.0007397259953564131,1.1811925497405754e-16,0.0051780827209002185,1
0.08833333333333333,0.009166666666666667,0.0007397259953570575,2.0405079077768737e-16,0.004684931986035373,1
0.09166666666666666,0.009166666666666667,0.0007397259953575643,4.9243012143795614e-17,0.004191781251169997,1
0.09499999999999999,0.009166666666666667,0.000739725995355832,-9.152902728231822e-16,0.00369863051630029,1
0.09833333333333333,0.009166666666666667,0.000739725995346245,-3.8782345218868116e-15,0.0032054797814160315,1
0.10166666666666666,0.009166666666666667,0.00073972599531671,-1.0889231853929229e-14,0.0027123290464948643,1
0.105,0.009166666666666667,0.0007397259952454919,-2.4719760985768034e-14,0.002219178311493503,1
0.10833333333333332,0.009166666666666667,0.0007397259951004678,-4.7792363795529735e-14,0.0017260275763300113,1
0.11166666666666666,0.009166666666666667,0.0007397259948453267,-7.977826313288977e-14,0.0012328768409204166,1
0.11499999999999999,0.009166666666666667,0.0007397259944603753,-1.1269736527307878e-13,0.0007397261049814766,1
0.11833333333333333,0.009166666666666667,0.0007397259939742356,-1.3037219154969291e-13,0.00024657536954253163,1
0.0016666666666666666,0.010833333333333334,0.0005461107456243128,-2.3055372812156355e-05,0.01708138092127714,1
0.004999999999999999,0.010833333333333334,0.0006334948976611897,-2.0636703206282067e-05,0.016957082512019814,1
0.008333333333333333,0.010833333333333334,0.0006956294361982339,-1.0430566062240006e-05,0.016540172696375966,1
0.011666666666666665,0.010833333333333334,0.0007246233320319043,-4.066381854595255e-06,0.016046223912823156,1
0.015,0.010833333333333334,0.000735394335925701,-1.3191200923030638e-06,0.015543611241737995,1
0.018333333333333333,0.010833333333333334,0.000738744644224334,-3.560340570135201e-07,0.015044764810280968,1
0.021666666666666664,0.010833333333333334,0.0007396019068815849,-7.259727161197028e-08,0.01454917113299236,1
0.024999999999999998,0.010833333333333334,0.0007397578329705521,-5.365772871615957e-09,0.014055147232541863,1
0.028333333333333332,0.010833333333333334,0.0007397591824030123,4.691056641549155e-09,0.013561727559186618,1
0.03166666666666666,0.010833333333333334,0.0007397428646711777,3.467809275775224e-09,0.01306850656137176,1
0.034999999999999996,0.010833333333333334,0.0007397327041777026,1.6124374617608635e-09,0.01257534215233534,1
0.03833333333333333,0.010833333333333334,0.0007397282616893827,6.088066982071321e-10,0.012082190715914255,1
0.041666666666666664,0.010833333333333334,0.0007397266506032401,1.9673637316150766e-10,0.011589041044189927,1
0.045,0.010833333333333334,0.0007397261491415323,5.399448086238033e-11,0.011095891036730688,1
0.04833333333333333,0.010833333333333334,0.000739726017986852,1.1582859313893434e-11,0.010602740631125268,1
0.051666666666666666,0.010833333333333334,0.0007397259924247467,1.198193416030104e-12,0.010109590018424564,1
0.05499999999999999,0.010833333333333334,0.0007397259910869021,-5.292710255769593e-13,0.009616439322374732,1
0.05833333333333333,0.010833333333333334,0.0007397259930557814,-4.551685756480917e-13,0.009123288597850499,1
0.06166666666666666,0.010833333333333334,0.0007397259944093542,-2.21617745420085e-13,0.008630137865089144,1
0.065,0.010833333333333334,0.0007397259950253807,-8.639549136814474e-14,0.008136987130387208,1
0.06833333333333333,0.010833333333333334,0.000739725995255903,-2.886578362182456e-14,0.007643836395392733,1
0.07166666666666666,0.010833333333333334,0.0007397259953302346,-8.300023855097097e-15,0.007150685660430343,1
0.075,0.010833333333333334,0.0007397259953507483,-1.956953525206037e-15,0.006657534925519585,1
0.07833333333333332,0.010833333333333334,0.0007397259953553124,-3.2510495652126717e-16,0.006164384190637095,1
0.08166666666666667,0.010833333333333334,0.0007397259953560698,-5.35255427425188e-17,0.005671233455766468,1
0.08499999999999999,0.010833333333333334,0.0007397259953564131,-1.1813460819573104e-16,0.005178082720900217,1
0.08833333333333333,0.010833333333333334,0.0007397259953570575,-2.0400520352394447e-16,0.004684931986035374,1
0.09166666666666666,0.010833333333333334,0.0007397259953575643,-4.920727577508915e-17,0.004191781251169997,1
0.09499999999999999,0.010833333333333334,0.000739725995355832,9.153196623594472e-16,0.0036986305163002903,1
0.09833333333333333,0.010833333333333334,0.000739725995346245,3.878211210564426e-15,0.0032054797814160324,1
0.10166666666666666,0.010833333333333334,0.0007397259953167101,1.0889269486847857e-14,0.0027123290464948634,1
0.105,0.010833333333333334,0.000739725995245492,2.471981527955444e-14,0.0022191783114935033,1
0.10833333333333332,0.010833333333333334,0.0007397259951004678,4.779236879157824e-14,0.0017260275763300108,1
0.11166666666666666,0.010833333333333334,0.0007397259948453267,7.977827783921382e-14,0.0012328768409204174,1
0.11499999999999999,0.010833333333333334,0.0007397259944603753,1.1269733447667033e-13,0.0007397261049814762,1
0.11833333333333333,0.010833333333333334,0.0007397259939742356,1.3037220908684044e-13,0.00024657536954253195,1
0.0016666666666666666,0.0125,0.0005442529784525695,-6.823723485059744e-05,0.01724662314083262,1
0.004999999999999999,0.0125,0.000621599806768785,-5.782033134438723e-05,0.017026181316392365,1
0.008333333333333333,0.0125,0.0006694413308088186,-2.8234969212673715e-05,0.016558126984677183,1
0.011666666666666665,0.0125,0.0006894121991851492,-1.0744360809162156e-05,0.016048317359728847,1
0.015,0.0125,0.000696197567132029,-3.419327058074433e-06,0.015542749069325955,1
0.018333333333333333,0.0125,0.0006981455141742884,-9.049547616883393e-07,0.015043991893414696,1
0.021666666666666664,0.0125,0.0006985977049975445,-1.7840330719059807e-07,0.014548791381747419,1
0.024999999999999998,0.0125,0.0006986628913833357,-1.0115974672195931e-08,0.01405499913360357,1
0.028333333333333332,0.0125,0.000698653674199164,1.337513429791897e-08,0.013561678110366151,1
0.03166666666666666,0.0125,0.000698640945251254,9.307071491743207e-09,0.013068492388904084,1
0.034999999999999996,0.0125,0.0006986341726444404,4.239725390306001e-09,0.01257533887099025,1
0.03833333333333333,0.0125,0.0006986314183777784,1.5798962607715508e-09,0.012082190254105042,1
0.041666666666666664,0.0125,0.0006986304718133333,5.044721045421314e-10,0.011589041119656213,1
0.045,0.0125,0.0006986301929953579,1.3639859119478564e-10,0.011095891133335645,1
0.04833333333333333,0.0125,0.0006986301256210893,2.844322341715732e-11,0.010602740682028685,1
0.051666666666666666,0.0125,0.0006986301148044733,2.527189913392171e-12,0.010109590039049004,1
0.05499999999999999,0.0125,0.0006986301155316478,-1.5529324593453671e-12,0.00961643932943782,1
0.05833333333333333,0.0125,0.0006986301171569657,-1.2286057059624018e-12,0.009123288599917704,1
0.06166666666666666,0.0125,0.0006986301180766561,-5.84812195081759e-13,0.008630137865586671,1
0.065,0.0125,0.0006986301184642532,-2.2501283408615497e-13,0.008136987130467078,1
0.06833333333333333,0.0125,0.0006986301186019399,-7.435293452944835e-14,0.007643836395387494,1
0.07166666666666666,0.0125,0.0006986301186442024,-2.1109981678445453e-14,0.00715068566041841,1
0.075,0.0125,0.0006986301186551446,-4.875050672601739e-15,0.006657534925512814,1
0.07833333333333332,0.0125,0.0006986301186572964,-7.649419345771031e-16,0.006164384190634215,1
0.08166666666666667,0.0125,0.0006986301186575362,-1.1207443466539699e-16,0.005671233455765413,1
0.08499999999999999,0.0125,0.0006986301186576763,-3.010735818389703e-16,0.00517808272089992,1
0.08833333333333333,0.0125,0.0006986301186580706,-5.403038291365005e-16,0.004684931986035565,1
0.09166666666666666,0.0125,0.0006986301186584717,-1.668549393337074e-16,0.004191781251171044,1
0.09499999999999999,0.0125,0.0006986301186577088,2.2804631089781098e-15,0.003698630516303275,1
0.09833333333333333,0.0125,0.0006986301186525852,9.868479012488101e-15,0.0032054797814235793,1
0.10166666666666666,0.0125,0.0006986301186361094,2.7904447631221746e-14,0.0027123290465115844,1
0.105,0.0125,0.0006986301185955451,6.359577964455349e-14,0.0022191783115285135,1
0.10833333333333332,0.0125,0.0006986301185117917,1.2330521233969826e-13,0.0017260275764096641,1
0.11166666666666666,0.0125,0.0006986301183640321,2.0571600272404795e-13,0.0012328768411145963,1
0.11499999999999999,0.0125,0.0006986301181401012,2.9120054721895075e-13,0.0007397261058366242,1
0.11833333333333333,0.0125,0.0006986301178825056,3.237362015738921e-13,0.00024657536976248063,1
0.0016666666666666666,0.014166666666666668,0.0005380915299539272,-0.00010940948905384577,0.01759710334633968,1
0.004999999999999999,0.014166666666666668,0.0005924106299992496,-8.248104132190794e-05,0.017155523770101672,1
0.008333333333333333,0.014166666666666668,0.0006123635431711875,-3.747147784113872e-05,0.016587121786525806,1
0.011666666666666665,0.014166666666666668,0.0006165086223756496,-1.3565825971093499e-05,0.016050252741646776,1
0.015,0.014166666666666668,0.0006168287072953169,-4.150588329416605e-06,0.015540638957049688,1
0.018333333333333333,0.014166666666666668,0.0006166408647360231,-1.053745731828928e-06,0.01504249169206659,1
0.021666666666666664,0.014166666666666668,0.000616513772338229,-1.9216154978103722e-07,0.01454810576443707,1
0.024999999999999998,0.014166666666666668,0.0006164613931624676,-2.76133709672031e-09,0.014054743303804606,1
0.028333333333333332,0.014166666666666668,0.000616444042008137,1.930466597356944e-08,0.013561595763330759,1
0.03166666666666666,0.014166666666666668,0.0006164392925161,1.2116759789667857e-08,0.013068469960244697,1
0.034999999999999996,0.014166666666666668,0.0006164383055157264,5.309840686190491e-09,0.012575334135549284,1
0.03833333333333333,0.014166666666666668,0.0006164382233784516,1.9279829334826924e-09,0.012082189803924101,1
0.041666666666666664,0.014166666666666668,0.000616438281254568,6.00729596214761e-10,0.011589041360966197,1
0.045,0.014166666666666668,0.0006164383256911436,1.5733179943008845e-10,0.011095891330190467,1
0.04833333333333333,0.014166666666666668,0.0006164383465787272,3.075335769852669e-11,0.010602740776200548,1
0.051666666666666666,0.014166666666666668,0.0006164383545111069,1.6591737572443232e-12,0.01010959007523096,1
0.05499999999999999,0.014166666666666668,0.0006164383570860211,-2.3359607151735973e-12,0.009616439341258162,1
0.05833333333333333,0.014166666666666668,0.0006164383578007662,-1.6156088143837899e-12,0.009123288603226592,1
0.06166666666666666,0.014166666666666668,0.0006164383579598604,-7.37201450311779e-13,0.008630137866329077,1
0.065,0.014166666666666668,0.0006164383579798054,-2.763946891834641e-13,0.008136987130562002,1
0.06833333333333333,0.014166666666666668,0.0006164383579747423,-8.92827565126233e-14,0.007643836395364802,1
0.07166666666666666,0.014166666666666668,0.0006164383579694659,-2.4673228208008866e-14,0.007150685660394114,1
0.075,0.014166666666666668,0.0006164383579667775,-5.4386032960185305e-15,0.006657534925500342,1
0.07833333333333332,0.014166666666666668,0.0006164383579656969,-7.370414789959524e-16,0.006164384190629145,1
0.08166666666666667,0.014166666666666668,0.0006164383579653188,-7.102125581462419e-17,0.005671233455763593,1
0.08499999999999999,0.014166666666666668,0.0006164383579652032,-3.543787069832175e-16,0.0051780827208994205,1
0.08833333333333333,0.014166666666666668,0.0006164383579652075,-6.859236688679594e-16,0.0046849319860361015,1
0.09166666666666666,0.014166666666666668,0.000616438357965361,-2.984677420095946e-16,0.004191781251173776,1
0.09499999999999999,0.014166666666666668,0.000616438357965835,2.5564531743430045e-15,0.003698630516311244,1
0.09833333333333333,0.014166666666666668,0.0006164383579669779,1.1582861887183014e-14,0.003205479781442277,1
0.10166666666666666,0.014166666666666668,0.0006164383579693459,3.324397850974395e-14,0.0027123290465454223,1
0.105,0.014166666666666668,0.0006164383579736457,7.638845733918051e-14,0.002219178311567507,1
0.10833333333333332,0.014166666666666668,0.0006164383579807724,1.4882586275344482e-13,0.0017260275763925916,1
0.11166666666666666,0.014166666666666668,0.0006164383579905625,2.4918023319901533e-13,0.0012328768407977348,1
0.11499999999999999,0.014166666666666668,0.000616438358009875,3.5004539069670134e-13,0.0007397261038647632,1
0.11833333333333333,0.014166666666666668,0.0006164383580640719,3.665905527360724e-13,0.00024657536400912825,1
0.0016666666666666666,0.015833333333333335,0.0005210168031137652,-0.00013896365558769194,0.018170896535478064,1
0.004999999999999999,0.015833333333333335,0.0005330096486554874,-8.608284758158412e-05,0.01731733073470669,1
0.008333333333333333,0.015833333333333335,0.0005148783180499231,-3.478046286464927e-05,0.01661136621719082,1
0.011666666666666665,0.015833333333333335,0.000501502792515146,-1.1641617782425421e-05,0.016047436331734527,1
0.015,0.015833333333333335,0.0004957284675811266,-3.3476765109085816e-06,0.015536512578546016,1
0.018333333333333333,0.015833333333333335,0.000493787978411499,-7.924916858762694e-07,0.015040329024467227,1
0.021666666666666664,0.015833333333333335,0.0004932553843073176,-1.235723447459183e-07,0.014547239434086435,1
0.024999999999999998,0.015833333333333335,0.0004931447035307075,1.0179434053892687e-08,0.014054448705365449,1
0.028333333333333332,0.015833333333333335,0.0004931355188810644,1.9631796809661226e-08,0.013561509500365165,1
0.03166666666666666,0.015833333333333335,0.0004931420631160924,1.0892257458016203e-08,0.013068449402823257,1
0.034999999999999996,0.015833333333333335,0.0004931470722223277,4.523290086964429e-09,0.012575330972918871,1
0.03833333333333333,0.015833333333333335,0.000493149423378178,1.5800242450048232e-09,0.01208219011173225,1
0.041666666666666664,0.015833333333333335,0.0004931503157579685,4.735603312294012e-10,0.011589041894502706,1
0.045,0.015833333333333335,0.0004931506054044596,1.1745953106644157e-10,0.011095891623190062,1
0.04833333333333333,0.015833333333333335,0.000493150685318214,2.0224957062637946e-11,0.010602740897330862,1
0.051666666666666666,0.015833333333333335,0.0004931507026232091,-4.311129423212068e-13,0.0101095901173947,1
0.05499999999999999,0.015833333333333335,0.000493150704498822,-2.4709376817805698e-12,0.00961643935381162,1
0.05833333333333333,0.015833333333333335,0.0004931507037639474,-1.4705669638851246e-12,0.00912328860634933,1
0.06166666666666666,0.015833333333333335,0.0004931507031072772,-6.334553449598883e-13,0.008630137866878116,1
0.065,0.015833333333333335,0.0004931507027841133,-2.2853150902168786e-13,0.00813698713055863,1
0.06833333333333333,0.015833333333333335,0.0004931507026573177,-7.121661440173081e-14,0.0076438363953028705,1
0.07166666666666666,0.015833333333333335,0.0004931507026147179,-1.880126408659457e-14,0.007150685660356447,1
0.075,0.015833333333333335,0.0004931507026023807,-3.7975734865711814e-15,0.006657534925483919,1
0.07833333333333332,0.015833333333333335,0.0004931507025994096,-3.520184916140477e-16,0.006164384190623053,1
0.08166666666666667,0.015833333333333335,0.0004931507025988256,2.471291579229998e-17,0.005671233455761406,1
0.08499999999999999,0.015833333333333335,0.000493150702598591,-2.753277020589652e-16,0.005178082720898366,1
0.08833333333333333,0.015833333333333335,0.0004931507025982493,-5.960242779296349e-16,0.004684931986035279,1
0.09166666666666666,0.015833333333333335,0.0004931507025980387,-3.5961738785070053e-16,0.004191781251173425,1
0.09499999999999999,0.015833333333333335,0.0004931507025991383,1.8307294968404777e-15,0.003698630516313358,1
0.09833333333333333,0.015833333333333335,0.0004931507026046527,8.979833850927757e-15,0.00320547978145307,1
0.10166666666666666,0.015833333333333335,0.0004931507026211852,2.6396714991442438e-14,0.002712329046589752,1
0.105,0.015833333333333335,0.0004931507026604812,6.143789166280585e-14,0.0022191783117173395,1
0.10833333333333332,0.015833333333333335,0.0004931507027395869,1.206602155573288e-13,0.0017260275768746654,1
0.11166666666666666,0.015833333333333335,0.0004931507028790167,2.027358188016741e-13,0.001232876841981253,1
0.11499999999999999,0.015833333333333335,0.0004931507030830761,2.848039172649022e-13,0.0007397261076994168,1
0.11833333333333333,0.015833333333333335,0.0004931507033715035,2.6051998761090095e-13,0.0002465753807168786,1
0.0016666666666666666,0.0175,0.00047763454725455125,-0.0001382893307718501,0.01902192536987131,1
0.004999999999999999,0.0175,0.00041817183912606427,-6.302224110404363e-05,0.01744633683591574,1
0.008333333333333333,0.0175,0.0003634309904376012,-2.140497969517608e-05,0.01660540767584055,1
0.011666666666666665,0.0175,0.0003395894185579146,-6.408552244666802e-06,0.016033934454423474,1
0.015,0.0175,0.0003315707086241495,-1.684224614774979e-06,0.015529626906155988,1
0.018333333333333333,0.0175,0.00032930948220697765,-3.5508578861014717e-07,0.015037672756192144,1
0.021666666666666664,0.0175,0.0003287961035395542,-3.799185620953184e-08,0.014546368986270578,1
0.024999999999999998,0.0175,0.00032872627007428916,1.4856066455126534e-08,0.014054203566202916,1
0.028333333333333332,0.0175,0.0003287390702745879,1.3147389080532885e-08,0.01356145432606017,1
0.03166666666666666,0.0175,0.0003287544402967488,6.41953659258352e-09,0.013068442310853166,1
0.034999999999999996,0.0175,0.000328762434169838,2.4945212900078743e-09,0.012575332640911846,1
0.03833333333333333,0.0175,0.0003287656476675309,8.264662702327077e-10,0.012082191904969045,1
0.041666666666666664,0.0175,0.000328766742118081,2.337031356551153e-10,0.01158904280995412,1
0.045,0.0175,0.00032876706136225164,5.287139570033012e-11,0.01109589198785105,1
0.04833333333333333,0.0175,0.00032876713734688017,6.863900841030062e-12,0.010602741020646926,1
0.051666666666666666,0.0175,0.0003287671490256053,-1.5619168822541398e-12,0.010109590153015494,1
0.05499999999999999,0.0175,0.00032876714788761534,-1.708945234626944e-12,0.009616439362210561,1
0.05833333333333333,0.0175,0.000328767145914468,-8.785482780787104e-13,0.009123288607620086,1
0.06166666666666666,0.0175,0.0003287671448260783,-3.529440170896031e-13,0.00863013786674227,1
0.065,0.0175,0.0003287671443728884,-1.20865961385126e-13,0.008136987130336695,1
0.06833333333333333,0.0175,0.00032876714421334015,-3.571029183994823e-14,0.007643836395181448,1
0.07166666666666666,0.0175,0.00032876714416481105,-8.743260379723715e-15,0.007150685660306084,1
0.075,0.0175,0.0003287671441524044,-1.4836891520771183e-15,0.006657534925466169,1
0.07833333333333332,0.0175,0.0003287671441500307,6.64039710522106e-18,0.0061643841906174985,1
0.08166666666666667,0.0175,0.00032876714414979837,7.425942255332426e-17,0.005671233455759764,1
0.08499999999999999,0.0175,0.0003287671441496524,-1.347285864170203e-16,0.005178082720898138,1
0.08833333333333333,0.0175,0.00032876714414919756,-3.3859212497623365e-16,0.004684931986037089,1
0.09166666666666666,0.0175,0.00032876714414871347,-2.696577801086177e-16,0.004191781251181087,1
0.09499999999999999,0.0175,0.00032876714414952456,7.854698845111749e-16,0.003698630516334877,1
0.09833333333333333,0.0175,0.0003287671441552624,4.398874338767855e-15,0.0032054797815007237,1
0.10166666666666666,0.0175,0.00032876714417389655,1.3394325214165614e-14,0.0027123290466619736,1
0.105,0.0175,0.0003287671442199422,3.1769493301644945e-14,0.0022191783117520604,1
0.10833333333333332,0.0175,0.00032876714431519553,6.31490154910774e-14,0.001726027576560996,1
0.11166666666666666,0.0175,0.0003287671444819305,1.071645311393276e-13,0.001232876840693186,1
0.11499999999999999,0.0175,0.00032876714473335545,1.526331845066244e-13,0.0007397261042590795,1
0.11833333333333333,0.0175,0.0003287671450397183,9.529587556584854e-14,0.0002465753548543106,1
0.0016666666666666666,0.01916666666666667,0.00037289339560087433,-6.355330219956285e-05,0.020195491453485835,1
0.004999999999999999,0.01916666666666667,0.00020131317778922405,-2.2236806706262275e-05,0.017400992507957982,1
0.008333333333333333,0.01916666666666667,0.00014425638133423586,-6.29159152123182e-06,0.016536909551181235,1
0.011666666666666665,0.01916666666666667,0.00012836363533423627,-1.65478147876799e-06,0.016005395861851904,1
0.015,0.01916666666666667,0.00012428021344167703,-3.8692946751163994e-07,0.015520210360743277,1
0.018333333333333333,0.01916666666666667,0.00012337151624687782,-6.741912988795411e-08,0.015035007833274671,1
0.021666666666666664,0.01916666666666667,0.0001232351279357699,-7.750256660109794e-10,0.014545748315579506,1
0.024999999999999998,0.01916666666666667,0.00012324690887864805,6.665497105075025e-09,0.014054110292868186,1
0.028333333333333332,0.01916666666666667,0.00012326851223403427,4.136180588068103e-09,0.01356146435811056,1
0.03166666666666666,0.01916666666666667,0.0001232803941486268,1.8047767082462525e-09,0.013068458441423347,1
0.034999999999999996,0.01916666666666667,0.0001232853112699647,6.537839607186195e-10,0.012575341400525878,1
0.03833333333333333,0.01916666666666667,0.00012328702550867837,2.0333539613809206e-10,0.012082195504894451,1
0.041666666666666664,0.01916666666666667,0.0001232875384528092,5.3136669251162484e-11,0.011589044057533577,1
0.045,0.01916666666666667,0.00012328766540525517,1.0339553744116779e-11,0.011095892358681858,1
0.04833333333333333,0.01916666666666667,0.00012328768714823748,5.319373785151308e-13,0.01060274111148845,1
0.051666666666666666,0.01916666666666667,0.00012328768661085877,-8.006266944718016e-13,0.01010959016814004,1
0.05499999999999999,0.01916666666666667,0.0001232876839089916,-5.503068450454417e-13,0.00961643936160637,1
0.05833333333333333,0.01916666666666667,0.00012328768230807164,-2.501530245539234e-13,0.00912328860558507,1
0.06166666666666666,0.01916666666666667,0.000123287681620774,-9.349567305943577e-14,0.008630137865558012,1
0.065,0.01916666666666667,0.0001232876813735591,-3.011179146787494e-14,0.008136987129831604,1
0.06833333333333333,0.01916666666666667,0.000123287681296757,-8.289269180215139e-15,0.007643836395000533,1
0.07166666666666666,0.01916666666666667,0.00012328768127656817,-1.805263446497724e-15,0.0071506856602501,1
0.075,0.01916666666666667,0.00012328768127254462,-2.0660324617063766e-16,0.006657534925451464,1
0.07833333333333332,0.01916666666666667,0.00012328768127225413,6.145407064352934e-17,0.006164384190614316,1
0.08166666666666667,0.01916666666666667,0.0001232876812724511,3.709977742539929e-17,0.0056712334557586595,1
0.08499999999999999,0.01916666666666667,0.0001232876812724637,-3.0833828221574264e-17,0.005178082720896,1
0.08833333333333333,0.01916666666666667,0.00012328768127221757,-9.22075841760205e-17,0.0046849319860323944,1
0.09166666666666666,0.01916666666666667,0.0001232876812718512,-9.087690107277476e-17,0.0041917812511734365,1
0.09499999999999999,0.01916666666666667,0.00012328768127196148,1.4604987861220434e-16,0.0036986305163284566,1
0.09833333333333333,0.01916666666666667,0.00012328768127427685,1.0116349288707434e-15,0.003205479781513997,1
0.10166666666666666,0.01916666666666667,0.00012328768128275295,3.2263968227660085e-15,0.002712329046756144,1
0.105,0.01916666666666667,0.00012328768130489399,7.844080396248127e-15,0.002219178312080663,1
0.10833333333333332,0.01916666666666667,0.00012328768135218572,1.5801825633348295e-14,0.0017260275775060389,1
0.11166666666666666,0.01916666666666667,0.00012328768143913163,2.7671216445584913e-14,0.0012328768431256506,1
0.11499999999999999,0.01916666666666667,0.0001232876815732171,3.937145784382583e-14,0.0007397261071309664,1
0.11833333333333333,0.01916666666666667,0.0001232876816679652,8.002440514438871e-15,0.00024657537928879147,1
