x_m,local_cf,y_plus
3.906250000000000000e-03,6.627061596521706399e-02,1.234855140212926417e+00
1.171875000000000000e-02,2.804434046940928668e-02,8.033006636195310080e-01
1.953125000000000000e-02,1.870399926843985955e-02,6.560285630279367730e-01
2.734375000000000000e-02,1.553090867120818404e-02,5.977972917417000431e-01
3.515625000000000000e-02,1.358866546211854286e-02,5.591700652281973438e-01
4.296875000000000000e-02,1.225937758250842356e-02,5.311164109759433094e-01
5.078125000000000000e-02,1.129053920574965911e-02,5.096979088822219950e-01
5.859375000000000000e-02,1.054532191901613562e-02,4.925898187992677202e-01
6.640625000000000000e-02,9.951609602812697478e-03,4.785222934050007426e-01
7.421875000000000000e-02,9.466685281152038139e-03,4.667179238834467947e-01
8.203125000000000000e-02,9.063077930950449654e-03,4.566604154697465057e-01
8.984375000000000000e-02,8.721900149642752495e-03,4.479825169617578373e-01
9.765625000000000000e-02,8.429501104359611932e-03,4.404092644322984418e-01
1.054687500000000000e-01,8.175876075884398048e-03,4.337331939320226981e-01
1.132812500000000000e-01,7.953685441777673740e-03,4.277989515298502021e-01
1.210937500000000000e-01,7.757481266374789512e-03,4.224894590977672504e-01
1.289062500000000000e-01,7.583191456226391278e-03,4.177163944736340118e-01
1.367187500000000000e-01,7.427692965335884641e-03,4.134114319391128944e-01
1.445312500000000000e-01,7.288485558346452335e-03,4.095190971278699354e-01
1.523437500000000000e-01,7.163561292606839513e-03,4.059943603187642358e-01
1.601562500000000000e-01,7.051146220188032193e-03,4.027962054648850376e-01
1.679687500000000000e-01,6.949538889892420065e-03,3.998835187949420500e-01
1.757812500000000000e-01,6.857188547522605551e-03,3.972176665472776369e-01
1.835937500000000000e-01,6.772798537867185699e-03,3.947658616514416741e-01
1.914062500000000000e-01,6.695391228666051561e-03,3.925034602394110173e-01
1.992187500000000000e-01,6.624194687032650304e-03,3.904110077777247501e-01
2.070312500000000000e-01,6.558609743735692790e-03,3.884735060482661928e-01
2.148437500000000000e-01,6.498061213901236421e-03,3.866761709606698627e-01
2.226562500000000000e-01,6.442105936771198860e-03,3.850077231154372948e-01
2.304687500000000000e-01,6.390389674956451632e-03,3.834592168840951221e-01
2.382812500000000000e-01,6.342526195871120778e-03,3.820204792364554902e-01
2.460937500000000000e-01,6.298144754013345128e-03,3.806815503049277294e-01
2.539062500000000000e-01,6.256857929343317797e-03,3.794317397802839942e-01
2.617187500000000000e-01,6.218337704007714968e-03,3.782619544613585183e-01
2.695312500000000000e-01,6.182307568643951104e-03,3.771645045134091045e-01
2.773437500000000000e-01,6.148538565282803472e-03,3.761330199723041390e-01
2.851562500000000000e-01,6.116853749067368250e-03,3.751626187270974411e-01
2.929687500000000000e-01,6.087103220714502189e-03,3.742491678773160468e-01
3.007812500000000000e-01,6.059125319417556915e-03,3.733881043182072923e-01
3.085937500000000000e-01,6.032755365336047761e-03,3.725747060984287984e-01
3.164062500000000000e-01,6.007845228301264551e-03,3.718047024441412662e-01
3.242187500000000000e-01,5.984266069678522738e-03,3.710743689792003197e-01
3.320312500000000000e-01,5.961924353082284286e-03,3.703810349370588173e-01
3.398437500000000000e-01,5.940718442706998011e-03,3.697217458211572993e-01
3.476562500000000000e-01,5.920550174114190198e-03,3.690936242400946754e-01
3.554687500000000000e-01,5.901332288841809430e-03,3.684941052644517545e-01
3.632812500000000000e-01,5.882992929663800018e-03,3.679210817545905399e-01
3.710937500000000000e-01,5.865467130099282986e-03,3.673726431699692041e-01
3.789062500000000000e-01,5.848677302308006795e-03,3.668464665117027179e-01
3.867187500000000000e-01,5.832576361588297405e-03,3.663411690238279617e-01
3.945312500000000000e-01,5.817119057522613344e-03,3.658554142552399857e-01
4.023437500000000000e-01,5.802279562402628404e-03,3.653884669206161062e-01
4.101562500000000000e-01,5.787995500280698584e-03,3.649384327881410872e-01
4.179687500000000000e-01,5.774199421264059051e-03,3.645032455817749928e-01
4.257812500000000000e-01,5.760865540627304639e-03,3.640821437547611672e-01
4.335937500000000000e-01,5.747973792454627931e-03,3.636745414506455942e-01
4.414062500000000000e-01,5.735515376982521646e-03,3.632802054262319613e-01
4.492187500000000000e-01,5.723471445636433945e-03,3.628985813784815773e-01
4.570312500000000000e-01,5.711813541052570414e-03,3.625288063586217246e-01
4.648437500000000000e-01,5.700517783281658715e-03,3.621701580802210163e-01
4.726562500000000000e-01,5.689578167570964740e-03,3.618224786978687657e-01
4.804687500000000000e-01,5.678986021647756954e-03,3.614855238526650250e-01
4.882812500000000000e-01,5.668711292704721461e-03,3.611583662184374988e-01
4.960937500000000000e-01,5.658728494616248154e-03,3.608402198570437314e-01
5.039062500000000000e-01,5.649023086092523280e-03,3.605306445990422715e-01
5.117187500000000000e-01,5.639573871510069128e-03,3.602289856051583139e-01
5.195312500000000000e-01,5.630370056295186387e-03,3.599349177447289660e-01
5.273437500000000000e-01,5.621391853725254441e-03,3.596478266773339150e-01
5.351562500000000000e-01,5.612635858110882198e-03,3.593676200935423393e-01
5.429687500000000000e-01,5.604101762569467862e-03,3.590943042774759619e-01
5.507812500000000000e-01,5.595772178759569372e-03,3.588273374641864355e-01
5.585937500000000000e-01,5.587630234288107692e-03,3.585661924725632166e-01
5.664062500000000000e-01,5.579656609744470738e-03,3.583102617125588640e-01
5.742187500000000000e-01,5.571843568350345888e-03,3.580593077737440622e-01
5.820312500000000000e-01,5.564190626650312478e-03,3.578133255830189263e-01
5.898437500000000000e-01,5.556695291158347816e-03,3.575722451732598062e-01
5.976562500000000000e-01,5.549333004928164691e-03,3.573352858251824804e-01
6.054687500000000000e-01,5.542083653494827428e-03,3.571018077095955978e-01
6.132812500000000000e-01,5.534952509399639758e-03,3.568719876355506138e-01
6.210937500000000000e-01,5.527940573250378006e-03,3.566458649527748381e-01
6.289062500000000000e-01,5.521042458029614547e-03,3.564232728129360095e-01
6.367187500000000000e-01,5.514258658253994028e-03,3.562042338068713287e-01
6.445312500000000000e-01,5.507585882962334062e-03,3.559886481359256227e-01
6.523437500000000000e-01,5.501026846863622637e-03,3.557766098641686470e-01
6.601562500000000000e-01,5.494570829560116616e-03,3.555677784658773932e-01
6.679687500000000000e-01,5.488204493031610329e-03,3.553617277759539284e-01
6.757812500000000000e-01,5.481926613835384245e-03,3.551584230025291999e-01
6.835937500000000000e-01,5.475738102682385124e-03,3.549578983816849553e-01
6.914062500000000000e-01,5.469644404939248868e-03,3.547603352206670779e-01
6.992187500000000000e-01,5.463644745805216335e-03,3.545657133293097507e-01
7.070312500000000000e-01,5.457735293135761341e-03,3.543739131419768040e-01
7.148437500000000000e-01,5.451910716054458698e-03,3.541847660819184007e-01
7.226562500000000000e-01,5.446176135359526160e-03,3.539984428265254834e-01
7.304687500000000000e-01,5.440535465075240287e-03,3.538150751076084566e-01
7.382812500000000000e-01,5.434980528708984425e-03,3.536344015154969656e-01
7.460937500000000000e-01,5.429506025664328911e-03,3.534562536494725848e-01
7.539062500000000000e-01,5.424109620405218393e-03,3.532805592719414078e-01
7.617187500000000000e-01,5.418787463633900799e-03,3.531071966283824692e-01
7.695312500000000000e-01,5.413538034493248392e-03,3.529361195786330230e-01
7.773437500000000000e-01,5.408356332122572947e-03,3.527671683541178105e-01
7.851562500000000000e-01,5.403247731415161854e-03,3.526005213857871801e-01
7.929687500000000000e-01,5.398218613652715214e-03,3.524363902514427993e-01
8.007812500000000000e-01,5.393263872310466618e-03,3.522746116948697326e-01
8.085937500000000000e-01,5.388377741855538555e-03,3.521150005782807679e-01
8.164062500000000000e-01,5.383553295637224893e-03,3.519573334307783408e-01
8.242187500000000000e-01,5.378786893805140995e-03,3.518014938332068575e-01
8.320312500000000000e-01,5.374079123736317555e-03,3.516475034325309834e-01
8.398437500000000000e-01,5.369428986099983661e-03,3.514953319498841378e-01
8.476562500000000000e-01,5.364832171083425139e-03,3.513448406230845755e-01
8.554687500000000000e-01,5.360285842465656488e-03,3.511959387000620492e-01
8.632812500000000000e-01,5.355792030500498672e-03,3.510486947404541924e-01
8.710937500000000000e-01,5.351352255936699977e-03,3.509031606912546564e-01
8.789062500000000000e-01,5.346966470703957454e-03,3.507593371041515806e-01
8.867187500000000000e-01,5.342636572924925817e-03,3.506172883674019691e-01
8.945312500000000000e-01,5.338367122537415223e-03,3.504771663247405189e-01
9.023437500000000000e-01,5.334156605220362161e-03,3.503389235588977302e-01
9.101562500000000000e-01,5.329999129624708731e-03,3.502023687527965334e-01
9.179687500000000000e-01,5.325879975452859488e-03,3.500670201037642815e-01
9.257812500000000000e-01,5.321847972169221203e-03,3.499344843891182277e-01
9.335937500000000000e-01,5.317824506451767318e-03,3.498021792554882325e-01
9.414062500000000000e-01,5.314038864036894211e-03,3.496776488464119481e-01
9.492187500000000000e-01,5.309930219745837877e-03,3.495424429397016586e-01
9.570312500000000000e-01,5.306930344519250435e-03,3.494436909962179705e-01
9.648437500000000000e-01,5.301412586344403724e-03,3.492619807508964280e-01
9.726562500000000000e-01,5.302250151261436208e-03,3.492895694382457394e-01
9.804687500000000000e-01,5.287322863542088212e-03,3.487975499561473680e-01
9.882812500000000000e-01,5.306904447868077135e-03,3.494428383910561653e-01
9.960937500000000000e-01,5.251333153714774805e-03,3.476084266914871712e-01
