pressure_x_m,pressure_curve_pa,reference_pressure_curve_pa
0.06083333333333333,0.00884446852263264,0.008854359058486716
0.06249999999999999,0.008595328569115221,0.008604359058486716
0.06416666666666666,0.008346188615676887,0.008354359058486716
0.06583333333333333,0.008097048662271336,0.008104359058486717
0.06749999999999999,0.00784790870887706,0.007854359058486717
0.06916666666666667,0.007598768755484965,0.007604359058486715
0.07083333333333333,0.0073496288020917745,0.007354359058486716
0.0725,0.0071004888486967095,0.0071043590584867165
0.07416666666666666,0.0068513488952998925,0.006854359058486717
0.07583333333333332,0.006602208941901645,0.006604359058486718
0.0775,0.0063530689885022374,0.006354359058486716
0.07916666666666666,0.006103929035101795,0.0061043590584867165
0.08083333333333333,0.005854789081700344,0.005854359058486717
0.08249999999999999,0.005605649128297918,0.005604359058486717
0.08416666666666667,0.005356509174894761,0.005354359058486716
0.08583333333333333,0.005107369221491701,0.0051043590584867165
0.0875,0.004858229268090737,0.004854359058486716
0.08916666666666666,0.004609089314695935,0.004604359058486717
0.09083333333333332,0.004359949361314661,0.0043543590584867176
0.0925,0.004110809407959096,0.004104359058486716
0.09416666666666666,0.0038616694546477356,0.0038543590584867167
0.09583333333333333,0.0036125295014062813,0.003604359058486717
0.09749999999999999,0.0033633895482667654,0.0033543590584867175
0.09916666666666667,0.003114249595263079,0.003104359058486716
