x_m,y_m,pressure_pa
7.812500000000000000e-03,2.486132165910390907e-02,3.472531612604089907e-02
2.343750000000001388e-02,2.486132165910391600e-02,2.980186626653681323e-02
3.906249999999992367e-02,2.486132165910387090e-02,2.455398222082735837e-02
5.468750000000010408e-02,2.486132165910396805e-02,2.153445100131681431e-02
7.031250000000011102e-02,2.486132165910396458e-02,1.993169762580444468e-02
8.593749999999952816e-02,2.486132165910378417e-02,1.875245961179941925e-02
1.015625000000002498e-01,2.486132165910396458e-02,1.779033155449882483e-02
1.171875000000001804e-01,2.486132165910397498e-02,1.702132678216836809e-02
1.328125000000002498e-01,2.486132165910396458e-02,1.639107553908220397e-02
1.484375000000001665e-01,2.486132165910396458e-02,1.585116287588943240e-02
1.640625000000001665e-01,2.486132165910396458e-02,1.537359796280524105e-02
1.796874999999978628e-01,2.486132165910362457e-02,1.494169300426221453e-02
1.953125000000011380e-01,2.486132165910408948e-02,1.454389172851105159e-02
2.109374999999995004e-01,2.486132165910383968e-02,1.417178982051530735e-02
2.265625000000012768e-01,2.486132165910408948e-02,1.381922747645432728e-02
2.421874999999992228e-01,2.486132165910385702e-02,1.348161729244766634e-02
2.578124999999990563e-01,2.486132165910383968e-02,1.315552710578363552e-02
2.734375000000018319e-01,2.486132165910407213e-02,1.283840793036212721e-02
2.890624999999987788e-01,2.486132165910382233e-02,1.252831273149398322e-02
3.046875000000021094e-01,2.486132165910407213e-02,1.222371119895961263e-02
3.203124999999987788e-01,2.486132165910385702e-02,1.192346294147384606e-02
3.359375000000018319e-01,2.486132165910407213e-02,1.162676143109069200e-02
3.515624999999960587e-01,2.486132165910364192e-02,1.133293571048539679e-02
3.671874999999954481e-01,2.486132165910360722e-02,1.104140519886298577e-02
3.828125000000026645e-01,2.486132165910407213e-02,1.075179560540230096e-02
3.984375000000023870e-01,2.486132165910410682e-02,1.046389586582201041e-02
4.140625000000026645e-01,2.486132165910407213e-02,1.017747256014385308e-02
4.296874999999948930e-01,2.486132165910360722e-02,9.892297910308446227e-03
4.453125000000026645e-01,2.486132165910407213e-02,9.608275398059262090e-03
4.609375000000029976e-01,2.486132165910410682e-02,9.325361911812839535e-03
4.765625000000021094e-01,2.486132165910410682e-02,9.043451573650097136e-03
4.921874999999943379e-01,2.486132165910360722e-02,8.762448526863581347e-03
5.078124999999943379e-01,2.486132165910356906e-02,8.482340759331271143e-03
5.234375000000035527e-01,2.486132165910407213e-02,8.203103387924015610e-03
5.390625000000044409e-01,2.486132165910407213e-02,7.924689227550593337e-03
5.546875000000029976e-01,2.486132165910407213e-02,7.647084355416000623e-03
5.703124999999932276e-01,2.486132165910356906e-02,7.370268086423644414e-03
5.859375000000024425e-01,2.486132165910407213e-02,7.094140571691292044e-03
6.015625000000044409e-01,2.486132165910407213e-02,6.818681057275041528e-03
6.171875000000041078e-01,2.486132165910407213e-02,6.543960564310666479e-03
6.328124999999814593e-01,2.486132165910320824e-02,6.269933502295231553e-03
6.484375000000149880e-01,2.486132165910450234e-02,5.996429892243240398e-03
6.640624999999921174e-01,2.486132165910356906e-02,5.723424597463222518e-03
6.796875000000149880e-01,2.486132165910457520e-02,5.451029668897687704e-03
6.953124999999662492e-01,2.486132165910270864e-02,5.179213287580792732e-03
7.109375000000173195e-01,2.486132165910457520e-02,4.907829459311015274e-03
7.265625000000167644e-01,2.486132165910450234e-02,4.636845654819529879e-03
7.421874999999634737e-01,2.486132165910270864e-02,4.366337751012637144e-03
7.578125000000178746e-01,2.486132165910457520e-02,4.096272692075267514e-03
7.734374999999897859e-01,2.486132165910356906e-02,3.826505903771221066e-03
7.890625000000167644e-01,2.486132165910457520e-02,3.556993903112402183e-03
8.046874999999921174e-01,2.486132165910364192e-02,3.287775470214767022e-03
8.203124999999921174e-01,2.486132165910356906e-02,3.018759748759649100e-03
8.359375000000195399e-01,2.486132165910457520e-02,2.749730998343232011e-03
8.515625000000212053e-01,2.486132165910450234e-02,2.480568770671343418e-03
8.671874999999567013e-01,2.486132165910270864e-02,2.211200917620961826e-03
8.828125000000224265e-01,2.486132165910457520e-02,1.941371736224139707e-03
8.984374999999875655e-01,2.486132165910356906e-02,1.670683062630191245e-03
9.140624999999921174e-01,2.486132165910371131e-02,1.398960148019033319e-03
9.296875000000229816e-01,2.486132165910450234e-02,1.125826415953160714e-03
9.453124999999897859e-01,2.486132165910356906e-02,8.511480751939087472e-04
9.609375000000240918e-01,2.486132165910457520e-02,5.685891642145528583e-04
9.765624999999515943e-01,2.486132165910270864e-02,2.877258276608855880e-04
9.921875000000229816e-01,2.486132165910457520e-02,-9.778739372397284881e-05
