x_m,y_m,u_m_s,v_m_s
5.078124999999998890e-01,1.381417654723339202e-04,3.855603652476788379e-02,-1.547503287364033816e-08
5.078125000000006661e-01,4.246535103742491986e-04,1.183042958429709468e-01,3.619152098569482795e-06
5.078125000000002220e-01,7.323789947857226555e-04,2.030876415398443491e-01,1.177858335589831746e-05
5.078125000000004441e-01,1.062888914330890411e-03,2.910296026660438296e-01,2.520234115045650721e-05
5.078124999999983347e-01,1.417870261185100785e-03,3.777840239151654678e-01,4.447723746897985867e-05
5.078125000000023315e-01,1.799134934838015135e-03,4.578971345073902799e-01,7.050533564559666047e-05
5.078124999999976685e-01,2.208628990409742740e-03,5.280414713657199943e-01,1.052603210032612360e-04
5.078125000000009992e-01,2.648442571725853276e-03,5.881644728454822335e-01,1.518460844384395534e-04
5.078124999999992228e-01,3.120820579851032919e-03,6.400136921268023693e-01,2.138303130380350594e-04
5.078124999999973355e-01,3.628174131536730795e-03,6.856305668162714362e-01,2.947596838898215786e-04
5.078125000000049960e-01,4.173092866068290642e-03,7.267226826028243547e-01,3.980720837244924740e-04
5.078124999999944489e-01,4.758358163328525042e-03,7.645611238874354676e-01,5.271716295855594656e-04
5.078125000000056621e-01,5.386957340546713602e-03,8.000436611850629820e-01,6.854316582727183619e-04
5.078124999999981126e-01,6.062098900193022694e-03,8.337758369049698137e-01,8.760845431327893501e-04
5.078124999999998890e-01,6.787228906851690280e-03,8.661299774012496400e-01,1.101960380916925959e-03
5.078125000000039968e-01,7.566048576658711798e-03,8.972753249657681174e-01,1.364952192687326170e-03
5.078124999999976685e-01,8.402533169088096179e-03,9.271743054369837589e-01,1.665005865881301773e-03
5.078125000000012212e-01,9.300952277513218486e-03,9.555396005052535502e-01,1.998357910163092981e-03
5.078124999999994449e-01,1.026589162210891394e-02,9.817477582382029277e-01,2.354541823771517071e-03
5.078125000000008882e-01,1.130227645633302691e-02,1.004721722003240059e+00,2.711594283800057570e-03
5.078125000000001110e-01,1.241539670645568950e-02,1.022907531904670986e+00,3.030635122603100688e-03
5.078124999999964473e-01,1.361093397245658095e-02,1.034771529195491535e+00,3.260882330576933986e-03
5.078125000000056621e-01,1.489499052810730299e-02,1.040134493314326614e+00,3.374473622815970034e-03
5.078125000000041078e-01,1.627412046825862241e-02,1.040864288766173651e+00,3.397772345623639376e-03
5.078124999999960032e-01,1.775536316232221787e-02,1.039416102094960159e+00,3.378859784573053776e-03
5.078125000000031086e-01,1.934627918469295979e-02,1.037291693496853906e+00,3.345658296868497718e-03
5.078124999999978906e-01,2.105498890550890762e-02,1.035082141403479650e+00,3.307615903248666261e-03
5.078124999999995559e-01,2.289021393873334753e-02,1.032969151769164595e+00,3.267249015347765007e-03
5.078124999999943379e-01,2.486132165910356906e-02,1.030999771957041622e+00,3.225051636399798357e-03
5.078125000000055511e-01,2.697837301518695580e-02,1.029181573315427700e+00,3.180950164826940388e-03
5.078125000000038858e-01,2.925217388257388140e-02,1.027510982003314366e+00,3.134734007787229760e-03
5.078124999999932276e-01,3.169433021934550676e-02,1.025980733012425539e+00,3.086153582188345176e-03
5.078124999999948930e-01,3.431730730532547846e-02,1.024581751894890091e+00,3.034933138924474430e-03
5.078125000000091038e-01,3.713449336748820412e-02,1.023303933712005120e+00,2.980777197091478547e-03
5.078125000000013323e-01,4.016026791628584530e-02,1.022136661006502134e+00,2.923366791487897950e-03
5.078124999999968914e-01,4.341007514170173998e-02,1.021069247245509182e+00,2.862359454005831711e-03
5.078125000000024425e-01,4.690050274364042371e-02,1.020091332795810546e+00,2.797389554701631368e-03
5.078125000000007772e-01,5.064936659903756383e-02,1.019193256805881687e+00,2.728073878614502464e-03
5.078124999999953371e-01,5.467580169784847649e-02,1.018366302871624773e+00,2.654001395772830757e-03
5.078125000000002220e-01,5.900035981206298158e-02,1.017602785002398535e+00,2.574742404008045858e-03
5.078125000000054401e-01,6.364511439626976963e-02,1.016896065619238954e+00,2.489833671647595503e-03
5.078124999999898970e-01,6.863377325521428929e-02,1.016240552454331425e+00,2.398815452553445995e-03
5.078125000000099920e-01,7.399179955343582193e-02,1.015631637126351627e+00,2.301082371327364991e-03
5.078125000000021094e-01,7.974654178458898124e-02,1.015065594811733307e+00,2.196340268516473130e-03
5.078124999999944489e-01,8.592737336394035141e-02,1.014539568896660082e+00,2.083377091118822529e-03
5.078124999999993339e-01,9.256584255644545456e-02,1.014051298025456127e+00,1.962969720808990359e-03
5.078125000000029976e-01,9.969583350572915059e-02,1.013599318794145221e+00,1.831492678640244363e-03
5.078124999999986677e-01,1.073537391858910145e-01,1.013182379731965232e+00,1.693932033920045798e-03
5.078125000000009992e-01,1.155786471589036052e-01,1.012800868085546702e+00,1.539230676994442215e-03
5.078124999999917843e-01,1.244125390857451358e-01,1.012454367663578436e+00,1.383800695268297062e-03
5.078125000000014433e-01,1.339005050096479243e-01,1.012145555335741243e+00,1.200168975677409029e-03
5.078125000000094369e-01,1.440909735051438267e-01,1.011875314542719506e+00,1.025121815000945786e-03
5.078124999999938938e-01,1.550359588677082401e-01,1.011646918169923470e+00,8.086989911157779374e-04
5.078125000000069944e-01,1.667913266056954558e-01,1.011464906657305374e+00,6.070503290120449679e-04
5.078124999999963363e-01,1.794170785895908560e-01,1.011327094624640877e+00,3.593148965538564468e-04
5.078124999999976685e-01,1.929776593142480956e-01,1.010903558133133817e+00,1.200370086285992621e-04
