x_m,y_m,u_m_s,v_m_s,reference_u_m_s,reference_v_m_s
1.007812500000000000e+00,2.076920818936608126e-01,4.698258857872392169e-02,-7.209086935071031205e-04,4.615329151479087566e-02,-7.115631373869229278e-04
1.007812500000000000e+00,2.233170818936602020e-01,1.379548034428403069e-01,-2.128496932365553807e-03,1.369848889612415577e-01,-2.111948989220470505e-03
1.007812500000000000e+00,2.389420818936602020e-01,2.259670731548235889e-01,-3.486211107495303368e-03,2.248867989076958340e-01,-3.467166716297571862e-03
1.007812499999980682e+00,2.545670818936563995e-01,3.110232068335495592e-01,-4.800591282993384688e-03,3.098590213541278504e-01,-4.777216318606079815e-03
1.007812500000000000e+00,2.701920818936613955e-01,3.931261539669601568e-01,-6.070893504440502339e-03,3.919015563006105207e-01,-6.042097796182365442e-03
1.007812500000000000e+00,2.858170818936602298e-01,4.722796975500603844e-01,-7.296553553899436627e-03,4.710144037470588851e-01,-7.261811148989871616e-03
1.007812500000000000e+00,3.014420818936613955e-01,5.484867498563673616e-01,-8.477525811600159986e-03,5.471975636935185738e-01,-8.436356377041051915e-03
1.007812500000000000e+00,3.170670818936613955e-01,6.217494912081354963e-01,-9.613750331316570433e-03,6.204510361399726559e-01,-9.565733480335642663e-03
1.007812500000000000e+00,3.326920818936613955e-01,6.920696629200829841e-01,-1.070513524505224343e-02,6.907748210864267380e-01,-1.064994245887373320e-02
1.007812500000000000e+00,3.483170818936613955e-01,7.594486821610281213e-01,-1.175159423922546298e-02,7.581689185328808200e-01,-1.168898331265532178e-02
1.007812500000000000e+00,3.639420818936613955e-01,8.238877152809609417e-01,-1.275304687669799597e-02,8.226333284793347911e-01,-1.268285604168040842e-02
1.007812500000000000e+00,3.795670818936613955e-01,8.853877404586665278e-01,-1.370941555669632356e-02,8.841680509257888732e-01,-1.363156064594899484e-02
1.007812500000000000e+00,3.951920818936613955e-01,9.439495959448527262e-01,-1.462062525944860143e-02,9.427730858722429552e-01,-1.453509712546107932e-02
1.007812500000000000e+00,4.108170818936613955e-01,9.995740163689311730e-01,-1.548660361722332089e-02,9.984484333186970373e-01,-1.539346548021666358e-02
1.007812500000000000e+00,4.264420818936602298e-01,1.052261660492857409e+00,-1.630728090005541600e-02,1.051194093265147345e+00,-1.620666571021568692e-02
1.007812500000000000e+00,4.420670818936625612e-01,1.102013132689866115e+00,-1.708259007975623453e-02,1.101010065711608865e+00,-1.697469781545838177e-02
1.007812500000000000e+00,4.576920818936625612e-01,1.148828999313755261e+00,-1.781246698380861693e-02,1.147896350658062614e+00,-1.769756179594445672e-02
1.007812500000000000e+00,4.733170818936625612e-01,1.192709801023350558e+00,-1.849685051017759332e-02,1.191852948104516363e+00,-1.837525765167402972e-02
1.007812500000038858e+00,4.889420818936802693e-01,1.233656062140663145e+00,-1.913568289062401312e-02,1.232879858051016742e+00,-1.900778538274235097e-02
1.007812499999961142e+00,5.045670818936419666e-01,1.271668297503019796e+00,-1.972891001032144737e-02,1.270977080497374345e+00,-1.959514498876545677e-02
1.007812500000000000e+00,5.201920818936613955e-01,1.306747017526667998e+00,-2.027648176020224041e-02,1.306144615443875612e+00,-2.013733647032370927e-02
1.007812500000000000e+00,5.358170818936613955e-01,1.338892731780020773e+00,-2.077835219479529788e-02,1.338382462890329583e+00,-2.063435982702727794e-02
1.007812500000000000e+00,5.514420818936613955e-01,1.368105952026524408e+00,-2.123447990123854962e-02,1.367690622836783776e+00,-2.108621505897435161e-02
1.007812500000000000e+00,5.670670818936613955e-01,1.394387193661858815e+00,-2.164482845654566723e-02,1.394069095283237747e+00,-2.149290216616491986e-02
1.007812500000000000e+00,5.826920818936613955e-01,1.417736976635244561e+00,-2.200936666124848895e-02,1.417517880229691718e+00,-2.185442114859898616e-02
1.007812500000000000e+00,5.983170818936613955e-01,1.438155825779258157e+00,-2.232806877731945833e-02,1.438036977676145911e+00,-2.217077200627655398e-02
1.007812500000000000e+00,6.139420818936613955e-01,1.455644270725429568e+00,-2.260091475274527556e-02,1.455626387622599882e+00,-2.244195473919761985e-02
1.007812500000000000e+00,6.295670818936613955e-01,1.470202845436645589e+00,-2.282789040506284090e-02,1.470286110069053853e+00,-2.266796934736218030e-02
1.007812500000000000e+00,6.451920818936590640e-01,1.481832087479883597e+00,-2.300898755690988090e-02,1.482016145015506270e+00,-2.284881583077021799e-02
1.007812500000000000e+00,6.608170818936613955e-01,1.490532537091745491e+00,-2.314420412033496577e-02,1.490816492461962017e+00,-2.298449418942180578e-02
1.007812500000000000e+00,6.764420818936613955e-01,1.496304736058140294e+00,-2.323354412687808276e-02,1.496687152408416210e+00,-2.307500442331686732e-02
1.007812500000000000e+00,6.920670818936613955e-01,1.499149226463747153e+00,-2.327701770160762323e-02,1.499628124854870181e+00,-2.312034653245542346e-02
1.007812500000000000e+00,7.076920818936613955e-01,1.499066549325932307e+00,-2.327464098019398769e-02,1.499639409801324152e+00,-2.312052051683748111e-02
1.007812500000000000e+00,7.233170818936613955e-01,1.496057243134878423e+00,-2.322643596911995803e-02,1.496721007247778346e+00,-2.307552637646303681e-02
1.007812500000000000e+00,7.389420818936613955e-01,1.490121842315158096e+00,-2.313243035009202725e-02,1.490872917194232317e+00,-2.298536411133209056e-02
1.007812500000000000e+00,7.545670818936613955e-01,1.481260875611892347e+00,-2.299265723061111669e-02,1.482095139640686288e+00,-2.285003372144464237e-02
1.007812500000000000e+00,7.701920818936613955e-01,1.469474864399534342e+00,-2.280715484352227596e-02,1.470387674587140481e+00,-2.266953520680069570e-02
1.007812500000000000e+00,7.858170818936613955e-01,1.454764320903215724e+00,-2.257596619926440992e-02,1.455750522033594452e+00,-2.244386856740024361e-02
1.007812500000000000e+00,8.014420818936613955e-01,1.437129746327011404e+00,-2.229913869536830073e-02,1.438183681980048645e+00,-2.217303380324329304e-02
1.007812500000000000e+00,8.170670818936613955e-01,1.416571628856002185e+00,-2.197672368838719109e-02,1.417687154426502616e+00,-2.185703091432984052e-02
1.007812500000000000e+00,8.326920818936613955e-01,1.393090441524961642e+00,-2.160877603451622983e-02,1.394260939372956587e+00,-2.149585990065988605e-02
1.007812500000000000e+00,8.483170818936613955e-01,1.366686639925610125e+00,-2.119535360480776648e-02,1.367905036819410780e+00,-2.108952076223343311e-02
1.007812500000000000e+00,8.639420818936613955e-01,1.337360659681227526e+00,-2.073651677547744612e-02,1.338619446765864751e+00,-2.063801349905047475e-02
1.007812500000000000e+00,8.795670818936613955e-01,1.305112913704176814e+00,-2.023232789809247326e-02,1.306404169212318722e+00,-2.014133811111101444e-02
1.007812500000000000e+00,8.951920818936590640e-01,1.269943789150528746e+00,-1.968285082044424206e-02,1.271259204158778244e+00,-1.959949459841513891e-02
1.007812500000000000e+00,9.108170818936613955e-01,1.231853643864069481e+00,-1.908815046520671507e-02,1.233184551605226886e+00,-1.901248296096259491e-02
1.007812500000000000e+00,9.264420818936613955e-01,1.190842802322956473e+00,-1.844829230453471150e-02,1.192180211551681079e+00,-1.838030319875363222e-02
1.007812500000000000e+00,9.420670818936613955e-01,1.146911551238158022e+00,-1.776334183930725064e-02,1.148246183998135050e+00,-1.770295531178816759e-02
1.007812500000000000e+00,9.576920818936637270e-01,1.100060134579735172e+00,-1.703336420244663807e-02,1.101382468944581916e+00,-1.698043930006609345e-02
1.007812500000000000e+00,9.733170818936637270e-01,1.050288747951126478e+00,-1.625842380117683075e-02,1.051589066391035443e+00,-1.621275516358761798e-02
1.007812500000000000e+00,9.889420818936637270e-01,9.975975320340706443e-01,-1.543858399871554654e-02,9.988659763374891920e-01,-1.539990290235264576e-02
1.007812500000000000e+00,1.004567081893658953e+00,9.419865652011166768e-01,-1.457390687882301542e-02,9.432131987839600384e-01,-1.454188251636143528e-02
1.007812500000000000e+00,1.020192081893663838e+00,8.834558549442727005e-01,-1.366445315064565742e-02,8.846307337303960239e-01,-1.363869400561318508e-02
1.007812500000000000e+00,1.035817081893658953e+00,8.220053278595345070e-01,-1.271028203409861092e-02,8.231185811768690908e-01,-1.269033737010900713e-02
1.007812500000000000e+00,1.051442081893658953e+00,7.576348187842314452e-01,-1.171145121491068766e-02,7.586767411233236169e-01,-1.169681260984804100e-02
1.007812500000000000e+00,1.067067081893663838e+00,6.903440583007758313e-01,-1.066801711424683954e-02,6.913052135697567158e-01,-1.065811972483024159e-02
1.007812500000000000e+00,1.082692081893658953e+00,6.201326581694310836e-01,-9.580034831973794837e-03,6.210039985162326692e-01,-9.574258715056602892e-03
1.007812500000000000e+00,1.098317081893663838e+00,5.470000964780998842e-01,-8.447556408423841784e-03,5.477730959626639917e-01,-8.445229580525775298e-03
1.007812500000000000e+00,1.113942081893658953e+00,4.709457069955095276e-01,-7.270634929545572236e-03,4.716125059091417215e-01,-7.271032321239161329e-03
1.007812500000000000e+00,1.129567081893663838e+00,3.919686442446584929e-01,-6.049354723514536319e-03,3.925222283555711011e-01,-6.051666937195301216e-03
1.007812500000000000e+00,1.145192081893658953e+00,3.100677493700605414e-01,-4.783786361154173349e-03,3.105022633020507739e-01,-4.787133428395713708e-03
1.007812500000000000e+00,1.160817081893663838e+00,2.252416972748236823e-01,-3.473562063608378464e-03,2.255526107484782938e-01,-3.477431794838821942e-03
1.007812500000000000e+00,1.176442081893658953e+00,1.374905420238480280e-01,-2.118438916629391145e-03,1.376732706949597984e-01,-2.122562036526260461e-03
1.007812500000000000e+00,1.192067081893663838e+00,4.681352270830861639e-02,-7.243948509578154466e-04,4.686424314138547959e-02,-7.225241534563373686e-04
