step,time_s,relative_mass_drift,max_divergence_s_inv,kinetic_J,maximum_density_variation,maximum_mach
1,0.0056179775280898875,1.3703071464244147e-08,0.00032824621192639736,9.618369561598033,0.0012047995963148446,0.04845721245480329
2,0.011235955056179775,2.7406142928488294e-08,0.0011668813443345138,9.786255116724343,0.0012035812502474296,0.04888155948724233
3,0.016853932584269662,4.1109214614777046e-08,0.0006366228500441773,9.609367743582057,0.0012033162248013228,0.048439521883015785
4,0.02247191011235955,5.48122863010658e-08,0.0014785264849981328,9.712534328430692,0.0012016927771390854,0.04870421238770308
5,0.028089887640449437,6.851535843144375e-08,0.0012537447767243526,9.591717655735584,0.001200242579405607,0.048403888765309995
6,0.033707865168539325,8.221843078386631e-08,0.0017782549944818093,9.647437296853884,0.0011974132626831034,0.04854798512992864
7,0.03932584269662921,9.592150335833348e-08,0.0017701653084166713,9.566697326608505,0.0011937808804437535,0.048346860621862456
8,0.0449438202247191,1.0962457615484525e-07,0.0021108054918782537,9.58940797196668,0.0011893780962223127,0.04840596700709088
9,0.05056179775280899,1.2332764895135702e-07,0.0020002429177160552,9.535881776396014,0.0011835975424310814,0.04826986914748686
10,0.056179775280898875,1.370307219699134e-07,0.0020400953592987214,9.536820419469375,0.0011773157578272428,0.04827165105920652
11,0.06179775280898876,1.5073379521051437e-07,0.001827141361060769,9.50078758991257,0.0011700544229847412,0.048176756151532885
12,0.06741573033707865,1.6443686867315993e-07,0.001591738629281192,9.488222280236382,0.0011623983713559376,0.048141931160254184
13,0.07303370786516854,1.7813994235785012e-07,0.0012941425404112694,9.462712301243974,0.0011545981370086962,0.048072614805888904
14,0.07865168539325842,1.918430160425403e-07,0.0013543082418590782,9.44242378669822,0.0011468893770313446,0.04801706638212826
15,0.08426966292134831,2.0554608994927508e-07,0.0010659427716228232,9.422688823733395,0.001139770637468738,0.047963169789540475
16,0.0898876404494382,2.1924916407805448e-07,0.001051800037135871,9.39850807550906,0.0011335645020465889,0.04789866637300053
17,0.09550561797752809,2.3295223842887845e-07,0.0006733386356661073,9.381493259699544,0.0011284959803740486,0.04785370291164417
18,0.10112359550561797,2.4665531300174706e-07,0.0005111162540815065,9.355807932582573,0.0011249992165862151,0.047787727137316084
19,0.10674157303370786,2.603583875746156e-07,0.00017691303509638143,9.339677733465896,0.001124329929351242,0.04774763431311796
20,0.11235955056179775,2.7406146259157344e-07,0.0002988978762804573,9.313866018684886,0.0011238314772489798,0.047683572787736446
21,0.11797752808988764,2.8776453783057586e-07,0.0006321881103347193,9.297615231441329,0.0011238665621114742,0.04764572607865952
22,0.12359550561797752,3.0146761306957823e-07,0.0009195719332314445,9.272387479860832,0.0011263236891049398,0.047584292195231734
23,0.1292134831460674,3.1517068853062526e-07,0.001235699832938808,9.255545453005906,0.0011297159652736116,0.04754492119575301
24,0.1348314606741573,3.2887376399167224e-07,0.0014419672541086115,9.231194459380227,0.0011335887097099107,0.04748518935529618
25,0.1404494382022472,3.425768401188531e-07,0.0016031145513417666,9.213613899032076,0.0011374717369730873,0.04744219088626299
26,0.14606741573033707,3.5627991624603387e-07,0.0016255834413476666,9.190189050131917,0.0011408925208632253,0.04738273827833691
27,0.15168539325842695,3.699829923732147e-07,0.0015723373269292407,9.171901970949557,0.001143381020364229,0.04733528823456117
28,0.15730337078651685,3.836860685003955e-07,0.001394648165203849,9.149325675257614,0.0011446216810198568,0.04727561100538294
29,0.16292134831460675,3.9738914529371017e-07,0.0012898595241835897,9.130449000648218,0.0011443411146900891,0.04722466104337221
30,0.16853932584269662,4.1109222208702477e-07,0.0011295764982913736,9.108590376694732,0.0011424589292726556,0.047165072639396614
31,0.1741573033707865,4.2479529910238403e-07,0.0009612327515861052,9.089267595569087,0.0011390046973484857,0.047111777906651726
32,0.1797752808988764,4.3849837611774325e-07,0.0009303697774434485,9.067985085772571,0.001134138128616111,0.04705331404295638
33,0.1853932584269663,4.5220145357719167e-07,0.0011027150650821643,9.048353786112436,0.0011281356443221479,0.0469996878430017
34,0.19101123595505617,4.659045310366401e-07,0.00121261017595649,9.02751697440916,0.001121323746667931,0.04694362196504478
35,0.19662921348314605,4.796076091622224e-07,0.0012612403130070303,9.00769386388959,0.0011140710172726563,0.046891303986802246
36,0.20224719101123595,4.933106868437153e-07,0.0012517218413514528,8.987192990868287,0.0011067340012250045,0.046838268582997056
37,0.20786516853932585,5.070137649692976e-07,0.0011946822703989782,8.9672694569408,0.0010996239212897618,0.0467878578270901
38,0.21348314606741572,5.207168433169245e-07,0.001165890614748255,8.94701807190104,0.0010929961389878722,0.04673739757863548
39,0.2191011235955056,5.344199216645513e-07,0.001234050957276689,8.927061261337585,0.0010870243902757857,0.046688277727071015
40,0.2247191011235955,5.481230002342228e-07,0.0012920601697632428,8.906994950073749,0.001081809138577343,0.046638967484039354
41,0.2303370786516854,5.618260792479834e-07,0.0014267843742485908,8.887051412942224,0.0010773873415701712,0.04658970690617273
42,0.23595505617977527,5.755291582617441e-07,0.0015148787952700138,8.867124604248117,0.001073739547298929,0.04653976804725809
43,0.24157303370786515,5.892322377195939e-07,0.0015644682257018871,8.84722501654508,0.0010708205490199748,0.04648889801845897
44,0.24719101123595505,6.029353171774439e-07,0.0015468981345084787,8.827407431435025,0.001068564259830634,0.046437004822633174
45,0.25280898876404495,6.166383966352937e-07,0.0014480646218038018,8.807571427729266,0.0010669051462616989,0.04638379413317725
46,0.2584269662921348,6.303414765372328e-07,0.0012738466899528955,8.787844855725742,0.0010657811092486815,0.04632967639852039
47,0.2640449438202247,6.440445564391718e-07,0.0010457529451701197,8.76808504965624,0.001065134989881231,0.04627452892011363
48,0.2696629213483146,6.577476363411109e-07,0.0008110517138189,8.74844034293352,0.0010649113084171527,0.04621930605488854
49,0.2752808988764045,6.714507171312284e-07,0.0005953902471858008,8.728765010956362,0.001065048383015452,0.04616455714534456
50,0.2808988764044944,6.851537974772567e-07,0.0004185550170917596,8.70919921245287,0.0010654700934670251,0.046110221520857045
51,0.28651685393258425,6.988568782673742e-07,0.0004371072783133645,8.689613870996459,0.0010660823892588212,0.04605628383416437
52,0.29213483146067415,7.125599590574917e-07,0.00044340762912709053,8.670127797312205,0.0010667688905264493,0.04600332362567747
53,0.29775280898876405,7.262630402916984e-07,0.0004009263660631479,8.650636214608188,0.00106739696031028,0.04595121648850313
54,0.3033707865168539,7.39966121525905e-07,0.00031424990578154954,8.631232702911039,0.0010678235495923118,0.04590025375654932
55,0.3089887640449438,7.53669203204201e-07,0.0003328344201711242,8.61183749422371,0.0010679074986854199,0.04585013001205316
56,0.3146067415730337,7.673722844384076e-07,0.0004866820809797945,8.592520030532404,0.0010675218861641968,0.04580083010378067
57,0.3202247191011236,7.810753665607927e-07,0.000702425286485675,8.573222675913112,0.0010665653844895648,0.04575190649803872
58,0.3258426966292135,7.947784486831779e-07,0.0009806963615133224,8.553994119360834,0.0010649712405649994,0.045703606901641596
59,0.33146067415730335,8.084815308055629e-07,0.0012407231565915167,8.5347945924831,0.0010627114373515916,0.04565564881090908
60,0.33707865168539325,8.221846133720372e-07,0.001454456241895108,8.515656238416112,0.0010597960505728389,0.04560712169709289
61,0.34269662921348315,8.358876959385116e-07,0.001599479456476538,8.496552851393577,0.0010562688845686759,0.04555764771605981
62,0.348314606741573,8.495907787270305e-07,0.0016614803783693288,8.477504236704661,0.001052199491777535,0.04550709501696009
63,0.3539325842696629,8.63293861737594e-07,0.001635984338604457,8.458494021124519,0.0010476748928040572,0.04545537525282667
64,0.3595505617977528,8.769969449702021e-07,0.001564909961631944,8.439533354171092,0.0010427917308806222,0.04540261971666779
65,0.3651685393258427,8.907000284248549e-07,0.0014258098475892211,8.420612669548456,0.0010376508284033427,0.045349032442290105
66,0.3707865168539326,9.044031118795076e-07,0.001236896703507795,8.401737366164246,0.001032354946785534,0.04529495748059504
67,0.37640449438202245,9.181061955562049e-07,0.0010601890852136586,8.38290235275091,0.001027009045502793,0.045240766709504186
68,0.38202247191011235,9.318092794549468e-07,0.000931022173364715,8.364109453756646,0.0010217226021918902,0.04518686005724741
69,0.38764044943820225,9.455123635757333e-07,0.0008566164453637296,8.345356407077329,0.0010166119269020436,0.045133586624479693
70,0.3932584269662921,9.592154479185645e-07,0.0007927812827510476,8.326643079513152,0.0010118009321099782,0.04508122058633145
71,0.398876404494382,9.729185327054848e-07,0.0007065361313576633,8.307968982810722,0.0010074188853795199,0.045029922459334175
72,0.4044943820224719,9.86621617048316e-07,0.0005991109181091268,8.289333167242363,0.0010035942467590416,0.04497972330156093
73,0.4101123595505618,1.0003247022793254e-06,0.00047356349405579604,8.270736236693285,0.0010004448217101787,0.04493052911256738
74,0.4157303370786517,1.0140277870662459e-06,0.00046790439527882866,8.252177105789162,0.000998065290670629,0.04488270923929325
75,0.42134831460674155,1.0277308722972555e-06,0.0006471188573200504,8.233656976440713,0.0009965138877725687,0.04483548470023964
76,0.42696629213483145,1.0414339579723542e-06,0.0008289169835191124,8.215174944149936,0.0009958006687875868,0.04478828199934339
77,0.43258426966292135,1.0551370434254084e-06,0.0010351887483291966,8.196732461814236,0.000995879456396447,0.04474073508432179
78,0.4382022471910112,1.0688401293225517e-06,0.001208665086044669,8.178328932478877,0.0009966453966211205,0.04469252024695183
79,0.4438202247191011,1.0825432149976505e-06,0.0013063610857150243,8.15996586737814,0.0009979389925967208,0.04464340610315544
80,0.449438202247191,1.0962463015609276e-06,0.001318654946693587,8.141643011497955,0.0009995565608764154,0.044593270666160104
81,0.4550561797752809,1.1099493879021602e-06,0.0012456032083321134,8.123361816594908,0.0010012659897143978,0.04454212462869271
82,0.4606741573033708,1.1236524742433927e-06,0.0010967139829310968,8.105122286730586,0.0010028258105206661,0.044490100910741334
83,0.46629213483146065,1.1373555612507592e-06,0.0008975295791673887,8.086925661004415,0.0010040051239516093,0.044437444739476355
84,0.47191011235955055,1.1510586480360809e-06,0.0006914836808708524,8.068771998171291,0.001004601865737292,0.044384618424697604
85,0.47752808988764045,1.164761735265492e-06,0.0005080394157778167,8.050662142687813,0.0010044572376619542,0.04433241232192212
86,0.4831460674157303,1.1784648224949028e-06,0.0004296607428075916,8.03259599422524,0.0010034649081604131,0.04428057470484583
87,0.4887640449438202,1.1921679101684031e-06,0.00046356501509348114,8.014573900431845,0.0010015744515741026,0.04422937114501162
88,0.4943820224719101,1.2058709976198586e-06,0.0005915320025386972,7.996595501136663,0.0009987894715286628,0.044178990504718955
89,0.5,1.2195740855154035e-06,0.0007096481166105617,7.978660676866407,0.0009951616035033793,0.04412952441097571
