x_m,y_m,pressure_pa,reference_pressure_pa
3.906250000000000000e-03,5.039062522677539846e-01,2.395544702352653132e+01,2.395312500000000000e+01
1.171875000000000000e-02,5.039062885408975845e-01,2.386166870195002687e+01,2.385937500000000000e+01
1.953125000000000000e-02,5.039064698137692977e-01,2.376789234439659282e+01,2.376562500000000000e+01
2.734375000000000000e-02,5.039070132120543333e-01,2.367411789551625745e+01,2.367187500000000000e+01
3.515625000000000000e-02,5.039082436064257209e-01,2.358034517521531015e+01,2.357812500000000000e+01
4.296875000000000000e-02,5.039105926334107588e-01,2.348657415130591986e+01,2.348437500000000000e+01
5.078125000000000000e-02,5.039145973937557699e-01,2.339280480304380561e+01,2.339062500000000000e+01
5.859375000000000000e-02,5.039208988315692084e-01,2.329903710127017646e+01,2.329687500000000000e+01
6.640625000000000000e-02,5.039302397983457249e-01,2.320527101832202987e+01,2.320312500000000000e+01
7.421875000000000000e-02,5.039434628067436250e-01,2.311150652950836459e+01,2.310937500000000000e+01
8.203125000000000000e-02,5.039615074798605709e-01,2.301774361239932531e+01,2.301562500000000000e+01
8.984375000000000000e-02,5.039854077024044088e-01,2.292398224669359408e+01,2.292187500000000000e+01
9.765625000000000000e-02,5.040162884810263089e-01,2.283022241419642739e+01,2.282812500000000000e+01
1.054687500000000000e-01,5.040553625217411016e-01,2.273646409870033835e+01,2.273437500000000000e+01
1.132812500000000000e-01,5.041039265330832242e-01,2.264270728584337178e+01,2.264062500000000000e+01
1.210937500000000000e-01,5.041633572644693695e-01,2.254895196290898340e+01,2.254687500000000000e+01
1.289062500000000000e-01,5.042351072896776865e-01,2.245519811857254311e+01,2.245312500000000000e+01
1.367187500000000000e-01,5.043207005462851944e-01,2.236144574263182960e+01,2.235937500000000000e+01
1.445312500000000000e-01,5.044217276422546803e-01,2.226769482568034775e+01,2.226562500000000000e+01
1.523437500000000000e-01,5.045398409417062302e-01,2.217394535872135108e+01,2.217187500000000000e+01
1.601562500000000000e-01,5.046767494423084477e-01,2.208019733276218943e+01,2.207812500000000000e+01
1.679687500000000000e-01,5.048342134572904039e-01,2.198645073838287800e+01,2.198437500000000000e+01
1.757812500000000000e-01,5.050140391157048603e-01,2.189270556522808775e+01,2.189062500000000000e+01
1.835937500000000000e-01,5.052180726948307665e-01,2.179896180150458918e+01,2.179687500000000000e+01
1.914062500000000000e-01,5.054481947992611746e-01,2.170521943345091387e+01,2.170312500000000000e+01
1.992187500000000000e-01,5.057063144014725120e-01,2.161147844475861746e+01,2.160937500000000000e+01
2.070312500000000000e-01,5.059943627591080295e-01,2.151773881599483573e+01,2.151562500000000000e+01
2.148437500000000000e-01,5.063142872245253168e-01,2.142400052403182187e+01,2.142187500000000000e+01
2.226562500000000000e-01,5.066680449624326732e-01,2.133026354144447012e+01,2.132812500000000000e+01
2.304687500000000000e-01,5.070575965917379913e-01,2.123652783591726845e+01,2.123437500000000000e+01
2.382812500000000000e-01,5.074848997678902407e-01,2.114279336968827749e+01,2.114062500000000000e+01
2.460937500000000000e-01,5.079519027221923722e-01,2.104906009897788977e+01,2.104687500000000000e+01
2.539062500000000000e-01,5.084605377747261068e-01,2.095532797344672460e+01,2.095312500000000000e+01
2.617187500000000000e-01,5.090127148375837018e-01,2.086159693572004414e+01,2.085937500000000000e+01
2.695312500000000000e-01,5.096103149251476339e-01,2.076786692092238695e+01,2.076562500000000000e+01
2.773437500000000000e-01,5.102551836882346370e-01,2.067413785625454636e+01,2.067187500000000000e+01
2.851562500000000000e-01,5.109491249887933018e-01,2.058040966066053201e+01,2.057812500000000000e+01
2.929687500000000000e-01,5.116938945318759702e-01,2.048668224452315556e+01,2.048437500000000000e+01
3.007812500000000000e-01,5.124911935714031586e-01,2.039295550944921231e+01,2.039062500000000000e+01
3.085937500000000000e-01,5.133426627061616898e-01,2.029922934812044844e+01,2.029687500000000000e+01
3.164062500000000000e-01,5.142498757822231426e-01,2.020550364423882428e+01,2.020312500000000000e+01
3.242187500000000000e-01,5.152143339177802650e-01,2.011177827254318018e+01,2.010937500000000000e+01
3.320312500000000000e-01,5.162374596661104542e-01,2.001805309892323237e+01,2.001562500000000000e+01
3.398437500000000000e-01,5.173205913320515492e-01,1.992432798064483634e+01,1.992187500000000000e+01
3.476562500000000000e-01,5.184649774570679881e-01,1.983060276665292321e+01,1.982812500000000000e+01
3.554687500000000000e-01,5.196717714875553895e-01,1.973687729798780310e+01,1.973437500000000000e+01
3.632812500000000000e-01,5.209420266406018518e-01,1.964315140831238082e+01,1.964062500000000000e+01
3.710937500000000000e-01,5.222766909810765412e-01,1.954942492452915204e+01,1.954687500000000000e+01
3.789062500000000000e-01,5.236766027232278020e-01,1.945569766750994134e+01,1.945312500000000000e+01
3.867187500000000000e-01,5.251424857696681547e-01,1.936196945293389859e+01,1.935937500000000000e+01
3.945312500000000000e-01,5.266749454999010149e-01,1.926824009222103840e+01,1.926562500000000000e+01
4.023437500000000000e-01,5.282744648200411453e-01,1.917450939356612238e+01,1.917187500000000000e+01
4.101562500000000000e-01,5.299414004847449178e-01,1.908077716307213834e+01,1.907812500000000000e+01
4.179687500000000000e-01,5.316759797017335254e-01,1.898704320593377659e+01,1.898437500000000000e+01
4.257812500000000000e-01,5.334782970285955050e-01,1.889330732768787513e+01,1.889062500000000000e+01
4.335937500000000000e-01,5.353483115709162243e-01,1.879956933606883496e+01,1.879687500000000000e+01
4.414062500000000000e-01,5.372858444900003860e-01,1.870582904291819304e+01,1.870312500000000000e+01
4.492187500000000000e-01,5.392905768277742595e-01,1.861208625907305958e+01,1.860937500000000000e+01
4.570312499999647504e-01,5.413620476556448846e-01,1.851834079269823974e+01,1.851562500000042277e+01
4.648437499999653610e-01,5.434996525535491507e-01,1.842459246527619854e+01,1.842187500000041567e+01
4.726562500000000000e-01,5.457026424239354023e-01,1.833084111586698839e+01,1.832812500000000000e+01
4.804687500000000000e-01,5.479701226456820118e-01,1.823708659389414777e+01,1.823437500000000000e+01
4.882812500000000000e-01,5.503010525715149592e-01,1.814332876066580624e+01,1.814062500000000000e+01
4.960937500000000000e-01,5.526942453712871961e-01,1.804956749158473528e+01,1.804687500000000000e+01
5.039062500000000000e-01,5.551483682235817119e-01,1.795580267763624249e+01,1.795312500000000000e+01
5.117187500000000000e-01,5.576619428565455783e-01,1.786203422677361985e+01,1.785937500000000000e+01
5.195312500000000000e-01,5.602333464383922879e-01,1.776826206527853103e+01,1.776562500000000000e+01
5.273437500000000000e-01,5.628608128168579583e-01,1.767448613902817200e+01,1.767187500000000000e+01
5.351562500000000000e-01,5.655424341064687610e-01,1.758070641464725625e+01,1.757812500000000000e+01
5.429687500000000000e-01,5.682761626211411121e-01,1.748692288053281629e+01,1.748437500000000000e+01
5.507812500000000000e-01,5.710598131493446195e-01,1.739313554773724491e+01,1.739062500000000000e+01
5.585937500000000000e-01,5.738910655676434658e-01,1.729934445069336491e+01,1.729687500000000000e+01
5.664062500000000000e-01,5.767674677882131951e-01,1.720554964777139872e+01,1.720312500000000000e+01
5.742187500000000000e-01,5.796864390346078144e-01,1.711175122165373352e+01,1.710937500000000000e+01
5.820312500000000000e-01,5.826452734395530797e-01,1.701794927951774028e+01,1.701562500000000000e+01
5.898437500000000000e-01,5.856411439576826305e-01,1.692414395302020935e+01,1.692187500000000000e+01
5.976562500000000000e-01,5.886711065853779123e-01,1.683033539807444257e+01,1.682812500000000000e+01
6.054687500000000000e-01,5.917321048790119553e-01,1.673652379441837468e+01,1.673437500000000000e+01
6.132812500000000000e-01,5.948209747623897092e-01,1.664270934497069732e+01,1.664062500000000000e+01
6.210937500000000000e-01,5.979344496132364961e-01,1.654889227497447024e+01,1.654687500000000000e+01
6.289062500000000000e-01,6.010691656180853215e-01,1.645507283093357742e+01,1.645312500000000000e+01
6.367187500000000000e-01,6.042216673841309671e-01,1.636125127934576184e+01,1.635937500000000000e+01
6.445312500000000000e-01,6.073884137960448015e-01,1.626742790523947235e+01,1.626562500000000000e+01
6.523437500000000000e-01,6.105657841051291834e-01,1.617360301052672966e+01,1.617187500000000000e+01
6.601562500000000000e-01,6.137500842376274468e-01,1.607977691218162875e+01,1.607812500000000000e+01
6.679687500000000000e-01,6.169375533084107133e-01,1.598594994026120730e+01,1.598437500000000000e+01
6.757812500000000000e-01,6.201243703258114692e-01,1.589212243578454675e+01,1.589062500000000000e+01
6.835937500000000000e-01,6.233066610728931201e-01,1.579829474848702020e+01,1.579687500000000000e+01
6.914062500000000000e-01,6.264805051499043875e-01,1.570446723447071236e+01,1.570312500000000000e+01
6.992187500000000000e-01,6.296419431624306062e-01,1.561064025377211806e+01,1.560937500000000000e+01
7.070312500000000000e-01,6.327869840391807665e-01,1.551681416786821899e+01,1.551562500000000000e+01
7.148437500000000000e-01,6.359116124632203659e-01,1.542298933714436160e+01,1.542187500000000000e+01
7.226562500000000000e-01,6.390117963999770723e-01,1.532916611834660436e+01,1.532812500000000000e+01
7.304687500000000000e-01,6.420834947052279640e-01,1.523534486204225757e+01,1.523437500000000000e+01
7.382812500000000000e-01,6.451226647959890093e-01,1.514152591011175808e+01,1.514062500000000000e+01
7.460937500000000000e-01,6.481252703670890014e-01,1.504770959329283642e+01,1.504687500000000000e+01
7.539062500000000000e-01,6.510872891359914538e-01,1.495389622880144209e+01,1.495312500000000000e+01
7.617187500001142419e-01,6.540047205986296852e-01,1.486008611806425783e+01,1.485937499999863043e+01
7.695312500000000000e-01,6.568735937778834577e-01,1.476627954450967373e+01,1.476562500000000000e+01
7.773437500000000000e-01,6.596899749493587706e-01,1.467247677160931296e+01,1.467187500000000000e+01
7.851562500000000000e-01,6.624499753234592836e-01,1.457867804089696229e+01,1.457812500000000000e+01
7.929687500000000000e-01,6.651497586698317255e-01,1.448488357034510976e+01,1.448437500000000000e+01
8.007812500000000000e-01,6.677855488646949889e-01,1.439109355277665614e+01,1.439062500000000000e+01
8.085937500000000000e-01,6.703536373446704610e-01,1.429730815452225734e+01,1.429687500000000000e+01
8.164062500000000000e-01,6.728503904500513499e-01,1.420352751426944415e+01,1.420312500000000000e+01
8.242187500000000000e-01,6.752722566407053373e-01,1.410975174210718741e+01,1.410937500000000000e+01
8.320312500000000000e-01,6.776157735681872518e-01,1.401598091878084951e+01,1.401562500000000000e+01
8.398437500000000000e-01,6.798775749880121566e-01,1.392221509515409750e+01,1.392187500000000000e+01
8.476562500000000000e-01,6.820543974960978639e-01,1.382845429187971931e+01,1.382812500000000000e+01
8.554687500000000000e-01,6.841430870741523895e-01,1.373469849927678865e+01,1.373437500000000000e+01
8.632812500000000000e-01,6.861406054289792555e-01,1.364094767741068281e+01,1.364062500000000000e+01
8.710937500000000000e-01,6.880440361111652692e-01,1.354720175637095814e+01,1.354687500000000000e+01
8.789062500000000000e-01,6.898505903990704846e-01,1.345346063673991566e+01,1.345312500000000000e+01
8.867187500000000000e-01,6.915576129348531831e-01,1.335972419024546376e+01,1.335937500000000000e+01
8.945312500000000000e-01,6.931625870993466387e-01,1.326599226058797676e+01,1.326562500000000000e+01
9.023437500000000000e-01,6.946631401135524575e-01,1.317226466443315225e+01,1.317187500000000000e+01
9.101562500000000000e-01,6.960570478551630913e-01,1.307854119256024106e+01,1.307812500000000000e+01
9.179687500000000000e-01,6.973422393788553109e-01,1.298482161115425448e+01,1.298437500000000000e+01
9.257812500000000000e-01,6.985168011300544322e-01,1.289110566323331497e+01,1.289062500000000000e+01
9.335937500000000000e-01,6.995789808425266765e-01,1.279739307019923977e+01,1.279687500000000000e+01
9.414062500000000000e-01,7.005271911107797678e-01,1.270368353350052715e+01,1.270312500000000000e+01
9.492187500000000000e-01,7.013600126291237302e-01,1.260997673639728056e+01,1.260937500000000000e+01
9.570312500000000000e-01,7.020761970897572146e-01,1.251627234581806292e+01,1.251562500000000000e+01
9.648437500000000000e-01,7.026746697335161107e-01,1.242257001429746666e+01,1.242187500000000000e+01
9.726562500000000000e-01,7.031545315471419144e-01,1.232886938198571691e+01,1.232812500000000000e+01
9.804687500000000000e-01,7.035150611021521172e-01,1.223517007872218443e+01,1.223437500000000000e+01
9.882812500000000000e-01,7.037557160310399240e-01,1.214147172615898462e+01,1.214062500000000000e+01
9.960937500000000000e-01,7.038761341373790392e-01,1.204777393988500656e+01,1.204687500000000000e+01
1.003906250000000000e+00,7.038761341373742653e-01,1.195407633162170136e+01,1.195312500000000000e+01
1.011718750000000000e+00,7.037557160310351501e-01,1.186037851203950666e+01,1.185937500000000000e+01
1.019531250000000000e+00,7.035150611021568912e-01,1.176668009304108686e+01,1.176562500000000000e+01
1.027343750000000000e+00,7.031545315471466884e-01,1.167298068169556124e+01,1.167187500000000000e+01
1.035156250000000000e+00,7.026746697335161107e-01,1.157927988202147240e+01,1.157812500000000000e+01
1.042968750000000000e+00,7.020761970897572146e-01,1.148557731297550966e+01,1.148437500000000000e+01
1.050781250000000000e+00,7.013600126291237302e-01,1.139187261106222238e+01,1.139062500000000000e+01
1.058593750000000000e+00,7.005271911107845417e-01,1.129816542386602407e+01,1.129687500000000000e+01
1.066406250000000000e+00,6.995789808425220135e-01,1.120445541214209051e+01,1.120312500000000000e+01
1.074218750000000000e+00,6.985168011300544322e-01,1.111074225250958492e+01,1.110937500000000000e+01
1.082031250000000000e+00,6.973422393788553109e-01,1.101702563944796509e+01,1.101562500000000000e+01
1.089843750000000000e+00,6.960570478551630913e-01,1.092330528716292726e+01,1.092187500000000000e+01
1.097656250000000000e+00,6.946631401135524575e-01,1.082958093140031863e+01,1.082812500000000000e+01
1.105468750000000000e+00,6.931625870993466387e-01,1.073585233115425552e+01,1.073437500000000000e+01
1.113281250000000000e+00,6.915576129348531831e-01,1.064211927024819992e+01,1.064062500000000000e+01
1.121093750000000000e+00,6.898505903990658217e-01,1.054838155877612849e+01,1.054687500000000000e+01
1.128906250000000000e+00,6.880440361111652692e-01,1.045463903439458342e+01,1.045312500000000000e+01
1.136718750000000000e+00,6.861406054289792555e-01,1.036089156345010487e+01,1.035937500000000000e+01
1.144531250000000000e+00,6.841430870741476156e-01,1.026713904192869720e+01,1.026562500000000000e+01
1.152343750000000000e+00,6.820543974960978639e-01,1.017338139621747217e+01,1.017187500000000000e+01
1.160156250000000000e+00,6.798775749880121566e-01,1.007961858366638808e+01,1.007812500000000000e+01
1.167968750000000000e+00,6.776157735681872518e-01,9.985850592941956094e+00,9.984375000000000000e+00
1.175781250000000000e+00,6.752722566406959004e-01,9.892077444164513622e+00,9.890625000000000000e+00
1.183593750000000000e+00,6.728503904500607868e-01,9.798299188821646410e+00,9.796875000000000000e+00
1.191406250000000000e+00,6.703536373446752350e-01,9.704515909456953082e+00,9.703125000000000000e+00
1.199218750000000000e+00,6.677855488646903259e-01,9.610727719129087632e+00,9.609375000000000000e+00
1.207031250000000000e+00,6.651497586698411624e-01,9.516934760642456581e+00,9.515625000000000000e+00
1.214843750000000000e+00,6.624499753234592836e-01,9.423137205553741680e+00,9.421875000000000000e+00
1.222656250000000000e+00,6.596899749493587706e-01,9.329335252956537872e+00,9.328125000000000000e+00
1.230468750000000000e+00,6.568735937778834577e-01,9.235529128054578152e+00,9.234375000000000000e+00
1.238281250000000000e+00,6.540047205985265455e-01,9.141719080531720110e+00,9.140625000000000000e+00
1.246093750000000000e+00,6.510872891359914538e-01,9.047905382731224577e+00,9.046875000000000000e+00
1.253906250000000000e+00,6.481252703670890014e-01,8.954088327661212432e+00,8.953125000000000000e+00
1.261718750000000000e+00,6.451226647959913407e-01,8.860268226840686268e+00,8.859375000000000000e+00
1.269531250000000000e+00,6.420834947052327379e-01,8.766445408006457995e+00,8.765625000000000000e+00
1.277343750000000000e+00,6.390117963999841777e-01,8.672620212701046327e+00,8.671875000000000000e+00
1.285156250000000000e+00,6.359116124632228084e-01,8.578792993764219332e+00,8.578125000000000000e+00
1.292968750000000000e+00,6.327869840391807665e-01,8.484964112751345766e+00,8.484375000000000000e+00
1.300781250000000000e+00,6.296419431624258323e-01,8.391133937302846846e+00,8.390625000000000000e+00
1.308593750000000000e+00,6.264805051499090505e-01,8.297302838488750609e+00,8.296875000000000000e+00
1.316406250000000000e+00,6.233066610728931201e-01,8.203471188155571525e+00,8.203125000000000000e+00
1.324218750000000000e+00,6.201243703258114692e-01,8.109639356299027213e+00,8.109375000000000000e+00
1.332031250000000000e+00,6.169375533084083818e-01,8.015807708486418548e+00,8.015625000000000000e+00
1.339843750000000000e+00,6.137500842376321097e-01,7.921976603354973889e+00,7.921875000000000000e+00
1.347656250000000000e+00,6.105657841051339574e-01,7.828146390207488814e+00,7.828125000000000000e+00
1.355468750000000000e+00,6.073884137960353646e-01,7.734317406727146071e+00,7.734375000000000000e+00
1.363281250000000000e+00,6.042216673841332986e-01,7.640489976830687979e+00,7.640625000000000000e+00
1.371093750000000000e+00,6.010691656180900955e-01,7.546664408679149894e+00,7.546875000000000000e+00
1.378906250000000000e+00,5.979344496132293907e-01,7.452840992862173941e+00,7.453125000000000000e+00
1.386718750000000000e+00,5.948209747623897092e-01,7.359020000767747760e+00,7.359375000000000000e+00
1.394531250000000000e+00,5.917321048790142868e-01,7.265201683151535583e+00,7.265625000000000000e+00
1.402343750000000000e+00,5.886711065853754699e-01,7.171386268912923079e+00,7.171875000000000000e+00
1.410156250000000000e+00,5.856411439576779676e-01,7.077573964083817337e+00,7.078125000000000000e+00
1.417968750000000000e+00,5.826452734395483057e-01,6.983764951035774438e+00,6.984375000000000000e+00
1.425781250000000000e+00,5.796864390346078144e-01,6.889959387905570942e+00,6.890625000000000000e+00
1.433593750000000000e+00,5.767674677882203005e-01,6.796157408238646447e+00,6.796875000000000000e+00
1.441406250000000000e+00,5.738910655676457973e-01,6.702359120846421270e+00,6.703125000000000000e+00
1.449218750000000000e+00,5.710598131493421770e-01,6.608564609872250806e+00,6.609375000000000000e+00
1.457031250000000000e+00,5.682761626211458861e-01,6.514773935058657983e+00,6.515625000000000000e+00
1.464843750000000000e+00,5.655424341064664295e-01,6.420987132205566716e+00,6.421875000000000000e+00
1.472656250000000000e+00,5.628608128168602898e-01,6.327204213808942157e+00,6.328125000000000000e+00
1.480468750000000000e+00,5.602333464383898454e-01,6.233425169866887217e+00,6.234375000000000000e+00
1.488281250000000000e+00,5.576619428565455783e-01,6.139649968838759797e+00,6.140625000000000000e+00
1.496093750000000000e+00,5.551483682235792694e-01,6.045878558743437381e+00,6.046875000000000000e+00
1.503906250000000000e+00,5.526942453712848646e-01,5.952110868380319886e+00,5.953125000000000000e+00
1.511718750000000000e+00,5.503010525715174017e-01,5.858346808656499149e+00,5.859375000000000000e+00
1.519531250000000000e+00,5.479701226456796803e-01,5.764586274005095490e+00,5.765625000000000000e+00
1.527343750000000000e+00,5.457026424239425078e-01,5.670829143875923961e+00,5.671875000000000000e+00
1.535156250000000000e+00,5.434996525535874534e-01,5.577075284283572465e+00,5.578125000000000000e+00
1.542968750000000000e+00,5.413620476556815220e-01,5.483324549395580227e+00,5.484375000000000000e+00
1.550781250000000000e+00,5.392905768277813650e-01,5.389576783149752970e+00,5.390625000000000000e+00
1.558593750000000000e+00,5.372858444899956121e-01,5.295831820879423724e+00,5.296875000000000000e+00
1.566406250000000000e+00,5.353483115709138929e-01,5.202089490876991462e+00,5.203125000000000000e+00
1.574218750000000000e+00,5.334782970285942838e-01,5.108349615984513648e+00,5.109375000000000000e+00
1.582031250000000000e+00,5.316759797017311939e-01,5.014612015860334893e+00,5.015625000000000000e+00
1.589843750000000000e+00,5.299414004847449178e-01,4.920876508461474508e+00,4.921875000000000000e+00
1.597656250000000000e+00,5.282744648200434767e-01,4.827142902110267642e+00,4.828125000000000000e+00
1.605468750000000000e+00,5.266749454999010149e-01,4.733410999596734392e+00,4.734375000000000000e+00
1.613281250000000000e+00,5.251424857696681547e-01,4.639680614858744612e+00,4.640625000000000000e+00
1.621093750000000000e+00,5.236766027232325760e-01,4.545951571151600312e+00,4.546875000000000000e+00
1.628906250000000000e+00,5.222766909810729885e-01,4.452223695068338039e+00,4.453125000000000000e+00
1.636718750000000000e+00,5.209420266406065148e-01,4.358496818033422038e+00,4.359375000000000000e+00
1.644531250000000000e+00,5.196717714875518368e-01,4.264770777797900259e+00,4.265625000000000000e+00
1.652343750000000000e+00,5.184649774570715408e-01,4.171045419258474496e+00,4.171875000000000000e+00
1.660156250000000000e+00,5.173205913320515492e-01,4.077320595170127682e+00,4.078125000000000000e+00
1.667968750000000000e+00,5.162374596661104542e-01,3.983596166833123675e+00,3.984375000000000000e+00
1.675781250000000000e+00,5.152143339177825965e-01,3.889872004571742981e+00,3.890625000000000000e+00
1.683593750000000000e+00,5.142498757822266953e-01,3.796147988228621095e+00,3.796875000000000000e+00
1.691406250000000000e+00,5.133426627061604686e-01,3.702424007467851386e+00,3.703125000000000000e+00
1.699218750000000000e+00,5.124911935714019373e-01,3.608699962001648665e+00,3.609375000000000000e+00
1.707031250000000000e+00,5.116938945318784127e-01,3.514975761718374336e+00,3.515625000000000000e+00
1.714843750000000000e+00,5.109491249887980757e-01,3.421251326703690143e+00,3.421875000000000000e+00
1.722656250000000000e+00,5.102551836882392999e-01,3.327526587164927108e+00,3.328125000000000000e+00
1.730468750000000000e+00,5.096103149251499653e-01,3.233801483421339551e+00,3.234375000000000000e+00
1.738281250000000000e+00,5.090127148375861443e-01,3.140075965351602605e+00,3.140625000000000000e+00
1.746093750000000000e+00,5.084605377747332122e-01,3.046349992403015072e+00,3.046875000000000000e+00
1.753906250000000000e+00,5.079519027221929273e-01,2.952623533077446627e+00,2.953125000000000000e+00
1.761718750000000000e+00,5.074848997678884643e-01,2.858896564497730886e+00,2.859375000000000000e+00
1.769531250000000000e+00,5.070575965917404337e-01,2.765169071912949139e+00,2.765625000000000000e+00
1.777343750000000000e+00,5.066680449624385574e-01,2.671441048275340790e+00,2.671875000000000000e+00
1.785156250000000000e+00,5.063142872245265380e-01,2.577712493401831395e+00,2.578125000000000000e+00
1.792968750000000000e+00,5.059943627591110271e-01,2.483983413631298376e+00,2.484375000000000000e+00
1.800781250000000000e+00,5.057063144014790623e-01,2.390253821077636953e+00,2.390625000000000000e+00
1.808593750000000000e+00,5.054481947992522928e-01,2.296523733003853707e+00,2.296875000000000000e+00
1.816406250000000000e+00,5.052180726948259926e-01,2.202793171186725019e+00,2.203125000000000000e+00
1.824218750000000000e+00,5.050140391157024178e-01,2.109062161189624529e+00,2.109375000000000000e+00
1.832031250000000000e+00,5.048342134572957329e-01,2.015330731907821082e+00,2.015625000000000000e+00
1.839843750000000000e+00,5.046767494423107792e-01,1.921598914773530398e+00,1.921875000000000000e+00
1.847656250000000000e+00,5.045398409417032326e-01,1.827866743235443403e+00,1.828125000000000000e+00
1.855468750000000000e+00,5.044217276422576779e-01,1.734134252185887126e+00,1.734375000000000000e+00
1.863281250000000000e+00,5.043207005462875259e-01,1.640401477433733879e+00,1.640625000000000000e+00
1.871093750000000000e+00,5.042351072896877895e-01,1.546668455209935678e+00,1.546875000000000000e+00
1.878906250000000000e+00,5.041633572644693695e-01,1.452935221725512260e+00,1.453125000000000000e+00
1.886718750000000000e+00,5.041039265330814478e-01,1.359201812777041996e+00,1.359375000000000000e+00
1.894531250000000000e+00,5.040553625217446543e-01,1.265468263400769899e+00,1.265625000000000000e+00
1.902343750000000000e+00,5.040162884810351906e-01,1.171734607570772413e+00,1.171875000000000000e+00
1.910156250000000000e+00,5.039854077024017442e-01,1.078000877957287162e+00,1.078125000000000000e+00
1.917968750000000000e+00,5.039615074798623473e-01,9.842671058342535861e-01,9.843750000000000000e-01
1.925781250000000000e+00,5.039434628067454014e-01,8.905333210739996286e-01,8.906250000000000000e-01
1.933593750000000000e+00,5.039302397983410620e-01,7.967995506705826125e-01,7.968750000000000000e-01
1.941406250000000000e+00,5.039208988315664328e-01,7.030658170980320643e-01,7.031250000000000000e-01
1.949218750000000000e+00,5.039145973937545486e-01,6.093321577822291557e-01,6.093750000000000000e-01
1.957031250000000000e+00,5.039105926334125352e-01,5.155986476813266828e-01,5.156250000000000000e-01
1.964843750000000000e+00,5.039082436064225012e-01,4.218651267454164300e-01,4.218750000000000000e-01
1.972656250000000000e+00,5.039070132120523349e-01,3.281308865339850334e-01,3.281250000000000000e-01
1.980468750000000000e+00,5.039064698137755149e-01,2.343984855673705014e-01,2.343750000000000000e-01
1.988281250000595746e+00,5.039062885410446890e-01,1.406781307293958339e-01,1.406249999928510519e-01
1.996093750000000000e+00,5.039062522677492106e-01,4.693426727138526322e-02,4.687500000000000000e-02
