iteration,continuity,momentum,mass_imbalance,velocity_change,u_residual,v_residual,turbulence,turbulence_change,rhie_chow_flux_defect
1,5.593886898830336e-14,0.05467370398047673,1.6583956430338276e-14,0.30582875533383047,0.05467370398047672,0.0006665086642694,0.0010908930423240066,2.2852993163534383,3.66649908397899e-06
2,8.049984290270373e-14,0.04528319275501997,7.979727989493313e-15,0.18259855789960738,0.04528319275501997,0.0014515251292924853,0.0008357078039408964,0.836391934826043,6.86861926961706e-05
3,5.4799914606107336e-14,0.0315970524745276,6.036837696399289e-15,0.1050340948812114,0.03159705247452759,0.0011109894046581839,0.0010788567936775816,1.0951718600286104,4.8049974578109464e-05
4,1.1462185367516753e-13,0.022406871109482064,2.157996004115148e-14,0.06206634142886358,0.022406871109482068,0.0008131087059934567,0.0013290416407695537,1.3184760833639173,3.569829907253226e-05
5,2.8345381597461028e-14,0.017200411652380752,1.3877787807814457e-15,0.040131304601635165,0.017200411652380752,0.0005755367871378227,0.0015197053708604353,1.6045917681261228,3.165019823299258e-05
6,5.765353472408918e-14,0.014759204404156895,1.8318679906315083e-14,0.03166631525678226,0.014759204404156897,0.0005713418601099678,0.0014737647203962561,1.501995568756996,3.258263156787e-05
7,7.936359902593892e-14,0.011743218104220184,2.3037127760971998e-14,0.026391961412091047,0.011743218104220184,0.0005917487659465857,0.0012400541572243893,1.4409478921485392,3.504158820026271e-05
8,4.773091644150185e-14,0.00990721305525051,5.412337245047638e-15,0.020912823590166885,0.00990721305525051,0.0005840535212424227,0.0008852884444253291,1.0088064890854795,2.8819492922934854e-05
9,6.945832797811136e-14,0.007221446957042722,2.706168622523819e-15,0.01601758971741829,0.007221446957042722,0.0005354664117069667,0.0004800935485861766,0.5946933210755064,2.4504062723921327e-05
10,4.327267710824145e-14,0.0051227820068545865,3.816391647148976e-15,0.012075621838482431,0.005122782006854586,0.0004307617146425679,0.0003164010437675169,0.39965667865089277,1.7787102398533027e-05
11,1.0332013022917863e-13,0.003744353774206807,4.232725281383409e-15,0.009638791795842594,0.0037443537742068065,0.00032560112933292866,0.0002662202387980021,0.2501676606632289,1.1496139086313708e-05
12,7.927686285214008e-14,0.0027412786497357467,9.645062526431047e-15,0.007651738131290886,0.0027412786497357467,0.000245502743273391,0.0002677473561283082,0.2121003436768938,8.367748111062678e-06
13,5.61790197695089e-14,0.002108985608621843,4.3021142204224816e-15,0.0060644550873636405,0.002108985608621843,0.00019389805957195478,0.00024303110340646598,0.18727529538343918,6.017495155028184e-06
14,5.31345800691696e-14,0.0016944483800124324,3.816391647148976e-15,0.004812364288356297,0.0016944483800124324,0.00016305291593235265,0.00022022903062021945,0.1872524295606318,4.330317485359281e-06
15,3.943893822633271e-14,0.0013971308338175286,2.7755575615628914e-16,0.003830379663773864,0.0013971308338175284,0.00013802702621349452,0.00020189872903972664,0.17115908348644293,3.314640134384334e-06
16,3.3324037973514464e-14,0.001175422555353639,2.4980018054066022e-15,0.003060544341958127,0.001175422555353639,0.00011814075972386757,0.00018659797278981145,0.16954912054756033,2.7348161599574724e-06
17,3.045307062077285e-14,0.001010404249344093,5.204170427930421e-15,0.002454895749606778,0.001010404249344093,0.00010408069319340648,0.00017523620672909576,0.15100290278099043,2.3736978915867744e-06
18,2.662800535624399e-14,0.0008837580506539889,6.869504964868156e-15,0.00197552371303511,0.0008837580506539889,9.41871953196594e-05,0.00016617936028032494,0.14532924726158833,2.124717283302098e-06
19,2.321060010856968e-14,0.0007843728876421601,6.522560269672795e-15,0.0015933219701157464,0.00078437288764216,8.596823070840616e-05,0.0001588364080237292,0.14056008644526258,1.9411917102310167e-06
20,2.3054474995731766e-14,0.0007072731563755672,4.7878367936959876e-15,0.0012863314783524427,0.0007072731563755672,7.939935885509645e-05,0.00015152787174631304,0.12429362134772796,1.800837707349725e-06
21,2.1614654510671016e-14,0.0006457838990515214,2.0122792321330962e-15,0.0010381287904170922,0.0006457838990515214,7.31265315581724e-05,0.00014448919392723726,0.12147146355172789,1.6907646236559115e-06
22,1.4195242203918212e-13,0.000591202708781163,8.257283745649602e-15,0.0008739898908318722,0.000591202708781163,6.640567092126967e-05,0.00013778129406619058,0.10523171391189375,1.557182157340532e-06
23,1.145264438839888e-13,0.0005502689689104918,7.424616477180734e-15,0.0007388379209955498,0.0005502689689104918,5.982801720338284e-05,0.0001313626421288366,0.09663170674545235,1.4885988505400325e-06
24,9.056123906336921e-14,0.0005149850806660866,6.106226635438361e-15,0.0006241772684908997,0.0005149850806660867,5.3867192169348364e-05,0.00012503682939825526,0.0916828215248271,1.4319726463753354e-06
25,7.245939959155123e-14,0.0004834431112424132,7.147060721024445e-15,0.0005266580664372578,0.0004834431112424132,4.868866699108685e-05,0.00011880975674223709,0.08412689087688291,1.3816555609415919e-06
26,5.89459037136919e-14,0.0004550946769970736,9.228728892196614e-15,0.00044351372059936445,0.0004550946769970737,4.429562823675264e-05,0.00011273807824869176,0.07963157354243341,1.3367156698800831e-06
27,4.8286027953814425e-14,0.0004293085011714181,1.033895191682177e-14,0.00037254707372719187,0.00042930850117141816,4.0493382639488217e-05,0.0001068697688251068,0.07526920975330878,1.2966568483474666e-06
28,3.9239445026595376e-14,0.000405296807717986,1.033895191682177e-14,0.00031201283270315683,0.000405296807717986,3.714933860917954e-05,0.0001012319149902119,0.07107187985764309,1.260802727501124e-06
29,1.1639127162066387e-13,0.0003826848009098873,1.734723475976807e-14,0.00028285145787454447,0.0003826848009098873,3.4204067316199334e-05,9.583369403709882e-05,0.06708733815140072,1.2283601753554815e-06
30,1.061650767297806e-13,0.0003613741885993946,1.582067810090848e-14,0.00026456915736639,0.0003613741885993946,3.166668777258669e-05,9.067178542312659e-05,0.06325829481338464,1.1985474951156211e-06
31,9.59995971605565e-14,0.00034119763696699684,1.3739009929736312e-14,0.0002433494341034237,0.00034119763696699684,2.9540164293502067e-05,8.57352132563598e-05,0.059574827838843325,1.1706835437140596e-06
32,8.743006318923108e-14,0.0003219896787968401,1.1587952819525071e-14,0.00022832814439666116,0.0003219896787968401,2.7713143617403594e-05,8.100993781659735e-05,0.05602921295764644,1.1441699960317406e-06
33,7.946768243449753e-14,0.00030373804342165756,9.43689570931383e-15,0.0002267160684579217,0.0003037380434216576,2.610896184079036e-05,7.64814422413961e-05,0.05266014788328737,1.1185148105888794e-06
34,7.165275317522202e-14,0.0002863826397325398,7.008282842946301e-15,0.00022508035705137708,0.0002863826397325398,2.4655833751603097e-05,7.213632050832766e-05,0.04943424683641589,1.0933299825600397e-06
35,6.352557369027068e-14,0.0002698425591500865,4.3021142204224816e-15,0.00022341213677790073,0.0002698425591500865,2.3340717999108804e-05,6.79629280510672e-05,0.0463405315461314,1.0682948872307686e-06
36,5.515553291868258e-14,0.00025396228699229434,2.0816681711721685e-15,0.00022167023356134408,0.00025396228699229434,2.2174456082838225e-05,6.395160163886133e-05,0.04337341096859778,1.0431349569452862e-06
37,4.784367346744034e-14,0.00023868863734436362,2.7755575615628914e-16,0.00021992171492102308,0.00023868863734436368,2.113508788143086e-05,6.009476148069892e-05,0.04052867519407758,1.0176349392042014e-06
38,4.577935253102794e-14,0.0002240141335072455,4.85722573273506e-16,0.0002181229256132955,0.0002240141335072455,2.0187363430530162e-05,5.638652990509113e-05,0.03780325075715201,9.916348029143807e-07
39,4.2630829422130034e-14,0.0002098489841185595,6.938893903907228e-16,0.00021605274882352532,0.0002098489841185595,1.931946404483216e-05,5.282222196793128e-05,0.03519406983946657,9.650147394176769e-07
40,4.067059189427624e-14,0.00019617578342025237,4.163336342344337e-16,0.0002138060077594428,0.00019617578342025243,1.853854943843487e-05,4.939789957113151e-05,0.032698178197850626,9.376946353570823e-07
41,4.002007059078494e-14,0.0001829896488971279,1.3877787807814457e-16,0.0002107886301487838,0.0001829896488971279,1.7808625579753306e-05,4.6110318844427746e-05,0.030313075685330253,9.096297509363382e-07
42,3.8632291810003494e-14,0.0001703936251112075,8.326672684688674e-16,0.00020748653169611053,0.0001703936251112075,1.713184525690582e-05,4.297362737146865e-05,0.0281481987906048,8.819982699252833e-07
43,3.714042962066344e-14,0.0001581968022343533,1.3877787807814457e-15,0.00020344269831817918,0.00015819680223435326,1.646733587479718e-05,3.996252300413146e-05,0.0270086517358086,8.525480443869568e-07
44,3.544907423158605e-14,0.00014642153006440625,1.457167719820518e-15,0.00019850586423686423,0.00014642153006440628,1.58343210341998e-05,3.7075914140864385e-05,0.024859554095398265,8.221256934587605e-07
45,1.237638463935653e-13,0.00013513038568441481,1.5334955527634975e-14,0.00019264629742110628,0.00013513038568441481,1.5238961032203306e-05,3.4402093162929764e-05,0.023107733976727912,7.910140955187279e-07
46,1.1062331606304099e-13,0.0001243673781666995,1.1379786002407855e-14,0.0001858596930575107,0.0001243673781666995,1.4665238890204147e-05,3.185152304000674e-05,0.021730176622662564,7.593744422786482e-07
47,9.808126533172867e-14,0.0001141291100103949,7.494005416219807e-15,0.00017816720840069245,0.0001141291100103949,1.4082353772029132e-05,2.942080763349468e-05,0.020476775527432024,7.273229764107014e-07
48,8.578207588705311e-14,0.0001043932107921447,3.608224830031759e-15,0.00016961502581058774,0.0001043932107921447,1.349004186206622e-05,2.710928264093948e-05,0.019441148347480137,6.949628452571019e-07
49,9.532305500492555e-14,9.521109467020805e-05,6.938893903907228e-17,0.00016086627740952153,9.521109467020805e-05,1.2881220344647306e-05,2.4915146465509827e-05,0.018531183171155423,6.62397358437968e-07
50,1.0319869958586025e-13,8.658589226759562e-05,2.6367796834847468e-15,0.0001516322881316423,8.658589226759562e-05,1.226016720765352e-05,2.2835865192829344e-05,0.017545213290417278,6.297331727146949e-07
51,1.0882787726540499e-13,7.856037804828168e-05,4.85722573273506e-15,0.00014177129318904136,7.856037804828169e-05,1.1629417914255597e-05,2.0868220945429227e-05,0.01664659857728885,5.970793898145708e-07
52,1.1206313654810174e-13,7.113316106841957e-05,6.175615574477433e-15,0.00013139161213038264,7.113316106841959e-05,1.0995200852790175e-05,1.9008738936177334e-05,0.0157662623408927,5.645458964470971e-07
53,1.1315601233796713e-13,6.427974461075946e-05,7.28583859910259e-15,0.00012061502642679578,6.427974461075946e-05,1.0362641998071409e-05,1.7313324311378715e-05,0.014890002148292517,5.322422966487548e-07
54,1.1259222720827466e-13,5.799676275805515e-05,8.049116928532385e-15,0.00010957284286905455,5.799676275805515e-05,9.735857209552368e-06,1.5726623605816923e-05,0.014209443196683696,5.002773729412526e-07
55,1.1077076755849902e-13,5.2266738772129854e-05,8.396061623727746e-15,9.840154687346114e-05,5.2266738772129854e-05,9.113312920210416e-06,1.423164527862277e-05,0.013465072900362281,4.6875941470910725e-07
56,1.0790847382313729e-13,4.706190451734019e-05,8.465450562766819e-15,8.723879944083635e-05,4.706190451734018e-05,8.491221359591743e-06,1.2825458794898232e-05,0.01279482902247133,4.3779654744876974e-07
57,1.041007557933682e-13,4.2373465227984015e-05,8.396061623727746e-15,7.621918676292694e-05,4.2373465227984015e-05,7.88070740461047e-06,1.1505314992394993e-05,0.012087338263290405,4.0749726438464157e-07
58,9.930424538229232e-14,3.8178683938532944e-05,8.257283745649602e-15,6.547050133787202e-05,3.8178683938532944e-05,7.287843724712432e-06,1.07259499124379e-05,0.011418213025547685,3.779709124030653e-07
59,9.347557450301025e-14,3.4476434175109466e-05,7.840950111415168e-15,5.5110463169638635e-05,3.447643417510946e-05,6.711547670184239e-06,1.0178377157506984e-05,0.010753735327131279,3.493271088496275e-07
60,8.658004868600244e-14,3.1273907517949234e-05,7.355227538141662e-15,4.5243997591759566e-05,3.1273907517949234e-05,6.15889649987454e-06,9.662756228730471e-06,0.010137343867162595,3.216754177718917e-07
61,7.864368878340855e-14,2.848220770373989e-05,6.938893903907228e-15,3.596111917425482e-05,2.848220770373989e-05,5.637071123707837e-06,9.165349167265538e-06,0.009556313475654343,2.9512408217012757e-07
62,6.969251564736823e-14,2.6064853201826243e-05,6.453171330633722e-15,2.733467420701352e-05,2.606485320182624e-05,5.1383740213997855e-06,8.71503091957455e-06,0.009056860678601213,2.6982769076961166e-07
63,6.011684205997625e-14,2.4020816722037687e-05,6.036837696399289e-15,2.5914738472909704e-05,2.4020816722037687e-05,4.675558744260634e-06,8.27496749024223e-06,0.008594895464999086,2.4578664121413477e-07
64,5.031565442070729e-14,2.23179363846435e-05,5.412337245047638e-15,2.5354792849707763e-05,2.23179363846435e-05,4.241447324789136e-06,7.866495346613507e-06,0.008153384548947644,2.2313737506403644e-07
65,4.23792945181134e-14,2.0915215376867774e-05,4.9960036108132044e-15,2.4778801726688116e-05,2.0915215376867774e-05,3.846461608501769e-06,7.48024604547843e-06,0.007748055934847866,2.0197136113928357e-07
66,3.8588923723104074e-14,1.9775439975563733e-05,4.5102810375396984e-15,2.4229609472570246e-05,1.9775439975563733e-05,3.4856562642577975e-06,7.110400238932725e-06,0.007352519108778714,1.8236182117434377e-07
67,2.1103778446995847e-13,1.9020971212083603e-05,1.1518563880485999e-14,2.3728575232917493e-05,1.90209712120836e-05,3.1490923205278287e-06,6.772195105446549e-06,0.006990357836992471,1.6436471755462747e-07
68,1.9145275642618031e-13,1.8261946911042988e-05,1.1379786002407855e-14,2.3235144689381926e-05,1.8261946911042988e-05,2.8429729576758965e-06,6.446968221583664e-06,0.006640942334246038,1.4801661999935545e-07
69,1.7416623698807143e-13,1.743879101691062e-05,1.1310397063368782e-14,2.2792095288659553e-05,1.743879101691062e-05,2.5666031698877406e-06,6.153911280424789e-06,0.00631065170453223,1.3333171642398607e-07
70,1.5943843467702834e-13,1.6563323642669502e-05,1.1449174941446927e-14,2.2327760005325104e-05,1.6563323642669502e-05,2.31825514019523e-06,5.874823129069685e-06,0.005999591341172339,1.2029757403186061e-07
71,1.4675760606763788e-13,1.564998770866514e-05,1.1726730697603216e-14,2.1827332376433972e-05,1.564998770866514e-05,2.0927528050390384e-06,5.612572875388476e-06,0.0057016687021640535,1.0887135675810692e-07
72,1.3362574935449345e-13,1.4707297686703216e-05,1.1657341758564144e-14,2.1413721940088948e-05,1.4707297686703216e-05,1.8913016505829194e-06,5.3651109106323885e-06,0.0054229412421198785,9.897663699085173e-08
73,1.1445705494494973e-13,1.3748972271458495e-05,1.1310397063368782e-14,2.1095443057506102e-05,1.3748972271458495e-05,1.7152742180690418e-06,5.130501831909749e-06,0.005161240774020459,9.050220502148675e-08
74,8.66581112424214e-14,1.279145436825866e-05,1.0824674490095276e-14,2.0783851987671298e-05,1.279145436825866e-05,1.5612919119678037e-06,4.911646137339059e-06,0.004910556688129898,8.3304401992318e-08
75,5.964846672146251e-14,1.1846133296407462e-05,1.061650767297806e-14,2.03269115017779e-05,1.184613329640746e-05,1.4297398850914863e-06,4.697068052079831e-06,0.004676793839771974,7.721375147338811e-08
76,5.2284565565940966e-14,1.0921150345724124e-05,1.0824674490095276e-14,1.9819339341919928e-05,1.0921150345724124e-05,1.3177516147639855e-06,4.484908633407261e-06,0.004449520365854421,7.20457240927741e-08
77,5.053249485520439e-14,1.0024301493073028e-05,1.1032841307212493e-14,1.913694061350668e-05,1.0024301493073028e-05,1.2239134753819345e-06,4.292427642323973e-06,0.004225102160875633,6.761355112886858e-08
78,5.517288015344235e-14,9.165471712459225e-06,1.124100812432971e-14,1.841304528737986e-05,9.165471712459225e-06,1.1444771413736366e-06,4.1092352306463925e-06,0.004004643275771027,6.374113342113817e-08
