y_plus,reference_u_plus,recovered_u_tau_m_s
1.000000000000000021e-02,9.999999998797585304e-03,5.000000000000000278e-02
1.122018454301963557e-02,1.122018454111374519e-02,5.000000000000000278e-02
1.258925411794167490e-02,1.258925411492070254e-02,5.000000000000000278e-02
1.412537544622754007e-02,1.412537544143901980e-02,5.000000000000000278e-02
1.584893192461113431e-02,1.584893191702076848e-02,5.000000000000000278e-02
1.778279410038922925e-02,1.778279408835739539e-02,5.000000000000000278e-02
1.995262314968879874e-02,1.995262313061623577e-02,5.000000000000000278e-02
2.238721138568339902e-02,2.238721135544938234e-02,5.000000000000000278e-02
2.511886431509579437e-02,2.511886426716735538e-02,5.000000000000000278e-02
2.818382931264453578e-02,2.818382923666395978e-02,5.000000000000000278e-02
3.162277660168379134e-02,3.162277648122867324e-02,4.999999999999998890e-02
3.548133892335755130e-02,3.548133873238853986e-02,5.000000000000000278e-02
3.981071705534973415e-02,3.981071675257656650e-02,5.000000000000000278e-02
4.466835921509629964e-02,4.466835873504154675e-02,5.000000000000000278e-02
5.011872336272724798e-02,5.011872260155075809e-02,5.000000000000000278e-02
5.623413251903490451e-02,5.623413131204461901e-02,5.000000000000000278e-02
6.309573444801933051e-02,6.309573253398856330e-02,4.999999999999998890e-02
7.079457843841380216e-02,7.079457540295691631e-02,5.000000000000000278e-02
7.943282347242813790e-02,7.943281865813056619e-02,5.000000000000000278e-02
8.912509381337459236e-02,8.912508617713327252e-02,5.000000000000000278e-02
1.000000000000000056e-01,9.999998788652156301e-02,5.000000000000000278e-02
1.122018454301963591e-01,1.122018262123000154e-01,5.000000000000000278e-02
1.258925411794167559e-01,1.258925106866757848e-01,5.000000000000000278e-02
1.412537544622754770e-01,1.412537060731973160e-01,4.999999999999998890e-02
1.584893192461113987e-01,1.584892424452746806e-01,4.999999999999998890e-02
1.778279410038922925e-01,1.778278190879052367e-01,4.999999999999998890e-02
1.995262314968879735e-01,1.995260379256141303e-01,4.999999999999998890e-02
2.238721138568340041e-01,2.238718064473076419e-01,5.000000000000000278e-02
2.511886431509580686e-01,2.511881548339381931e-01,5.000000000000000278e-02
2.818382931264454827e-01,2.818375172224329983e-01,4.999999999999998890e-02
3.162277660168379412e-01,3.162265327674647075e-01,5.000000000000000278e-02
3.548133892335754713e-01,3.548114283686835124e-01,5.000000000000000278e-02
3.981071705534973137e-01,3.981040515378352351e-01,5.000000000000000278e-02
4.466835921509632601e-01,4.466786287169994818e-01,5.000000000000000278e-02
5.011872336272724660e-01,5.011793310968584159e-01,5.000000000000000278e-02
5.623413251903490728e-01,5.623287360279896063e-01,5.000000000000000278e-02
6.309573444801932496e-01,6.309372764314455928e-01,5.000000000000000278e-02
7.079457843841380216e-01,7.079137714230643308e-01,5.000000000000000278e-02
7.943282347242817121e-01,7.942771256675891234e-01,5.000000000000000278e-02
8.912509381337458958e-01,8.911692677271210172e-01,5.000000000000000278e-02
1.000000000000000000e+00,9.998693604033381810e-01,5.000000000000000278e-02
1.122018454301964230e+00,1.121809244626988278e+00,5.000000000000000278e-02
1.258925411794167504e+00,1.258589949106377670e+00,4.999999999999998890e-02
1.412537544622753938e+00,1.411998871034672476e+00,5.000000000000000278e-02
1.584893192461114042e+00,1.584026842430550364e+00,5.000000000000000278e-02
1.778279410038922759e+00,1.776883632090735965e+00,5.000000000000000278e-02
1.995262314968880846e+00,1.993009313719093623e+00,5.000000000000000278e-02
2.238721138568339875e+00,2.235077065055348200e+00,5.000000000000000278e-02
2.511886431509582351e+00,2.505979898927893856e+00,5.000000000000000278e-02
2.818382931264455049e+00,2.808788916148860615e+00,4.999999999999998890e-02
3.162277660168379523e+00,3.146663127062405252e+00,5.000000000000000278e-02
3.548133892335756823e+00,3.522680195140362791e+00,5.000000000000000278e-02
3.981071705534973137e+00,3.939544687644433552e+00,5.000000000000000278e-02
4.466835921509634488e+00,4.399121565348103502e+00,5.000000000000000278e-02
5.011872336272724660e+00,4.901754840964480664e+00,4.999999999999998890e-02
5.623413251903490284e+00,5.445398859832515370e+00,5.000000000000000278e-02
6.309573444801936049e+00,6.024752333215252165e+00,5.000000000000001665e-02
7.079457843841380438e+00,6.630823385162489814e+00,5.000000000000000278e-02
7.943282347242821118e+00,7.251476020336580675e+00,5.000000000000000278e-02
8.912509381337459402e+00,7.873190024312499702e+00,5.000000000000000278e-02
1.000000000000000000e+01,8.483492708799754922e+00,5.000000000000000278e-02
1.122018454301964141e+01,9.072958810361956949e+00,5.000000000000000278e-02
1.258925411794167459e+01,9.635985543027590694e+00,5.000000000000000278e-02
1.412537544622755448e+01,1.017039862790227644e+01,5.000000000000000278e-02
1.584893192461114175e+01,1.067648002667502993e+01,5.000000000000000278e-02
1.778279410038922848e+01,1.115596822830436352e+01,5.000000000000001665e-02
1.995262314968880801e+01,1.161129536579024801e+01,5.000000000000000278e-02
2.238721138568340052e+01,1.204509873108313656e+01,5.000000000000000278e-02
2.511886431509581996e+01,1.245994726319499435e+01,5.000000000000000278e-02
2.818382931264454783e+01,1.285820885948580283e+01,5.000000000000000278e-02
3.162277660168379256e+01,1.324200025630610966e+01,5.000000000000000278e-02
3.548133892335756912e+01,1.361318121376584145e+01,5.000000000000000278e-02
3.981071705534973404e+01,1.397337022207890911e+01,5.000000000000000278e-02
4.466835921509634488e+01,1.432396904568673790e+01,5.000000000000000278e-02
5.011872336272724482e+01,1.466618945267096663e+01,5.000000000000000278e-02
5.623413251903490817e+01,1.500107888704033954e+01,5.000000000000000278e-02
6.309573444801936404e+01,1.532954369016339058e+01,5.000000000000000278e-02
7.079457843841380793e+01,1.565236943816253756e+01,5.000000000000000278e-02
7.943282347242821118e+01,1.597023843334303450e+01,5.000000000000000278e-02
8.912509381337459047e+01,1.628374459687692166e+01,5.000000000000000278e-02
1.000000000000000000e+02,1.659340608314673204e+01,5.000000000000000278e-02
1.122018454301963004e+02,1.689967594205666046e+01,5.000000000000000278e-02
1.258925411794168809e+02,1.720295113089216699e+01,5.000000000000000278e-02
1.412537544622755377e+02,1.750358014101279736e+01,5.000000000000000278e-02
1.584893192461114211e+02,1.780186946632129263e+01,5.000000000000000278e-02
1.778279410038922776e+02,1.809808910449288533e+01,5.000000000000000278e-02
1.995262314968878741e+02,1.839247725014315904e+01,5.000000000000000278e-02
2.238721138568342326e+02,1.868524431188426149e+01,4.999999999999998890e-02
2.511886431509582280e+02,1.897657636235985734e+01,5.000000000000000278e-02
2.818382931264454783e+02,1.926663811138119797e+01,5.000000000000000278e-02
3.162277660168379043e+02,1.955557547665919316e+01,5.000000000000000278e-02
3.548133892335753217e+02,1.984351781380334501e+01,5.000000000000000278e-02
3.981071705534977241e+02,2.013057985675398953e+01,4.999999999999998890e-02
4.466835921509634773e+02,2.041686341121462789e+01,5.000000000000000278e-02
5.011872336272724624e+02,2.070245883660599162e+01,5.000000000000000278e-02
5.623413251903490391e+02,2.098744634628403816e+01,5.000000000000000278e-02
6.309573444801942514e+02,2.127189715101430068e+01,5.000000000000000278e-02
7.079457843841387330e+02,2.155587446678129737e+01,5.000000000000000278e-02
7.943282347242821970e+02,2.183943440477953857e+01,5.000000000000000278e-02
8.912509381337458763e+02,2.212262675875361850e+01,5.000000000000000278e-02
1.000000000000000000e+03,2.240549570262928825e+01,5.000000000000000278e-02
1.122018454301965221e+03,2.268808040952018246e+01,5.000000000000000278e-02
1.258925411794168667e+03,2.297041560164132079e+01,5.000000000000000278e-02
1.412537544622755377e+03,2.325253203935501745e+01,5.000000000000000278e-02
1.584893192461114040e+03,2.353445695647398850e+01,5.000000000000000278e-02
1.778279410038922833e+03,2.381621444801525200e+01,5.000000000000000278e-02
1.995262314968882947e+03,2.409782581580604699e+01,5.000000000000000278e-02
2.238721138568342212e+03,2.437930987666816662e+01,5.000000000000000278e-02
2.511886431509582053e+03,2.466068323732815770e+01,5.000000000000000278e-02
2.818382931264454783e+03,2.494196053970340898e+01,5.000000000000000278e-02
3.162277660168379498e+03,2.522315467978482673e+01,5.000000000000000278e-02
3.548133892335760265e+03,2.550427700296444300e+01,5.000000000000000278e-02
3.981071705534977355e+03,2.578533747833277801e+01,5.000000000000000278e-02
4.466835921509635227e+03,2.606634485418815217e+01,5.000000000000000278e-02
5.011872336272725079e+03,2.634730679675281806e+01,5.000000000000000278e-02
5.623413251903491073e+03,2.662823001387327082e+01,5.000000000000000278e-02
6.309573444801942969e+03,2.690912036529073958e+01,5.000000000000000278e-02
7.079457843841388240e+03,2.718998296089831257e+01,5.000000000000000278e-02
7.943282347242821743e+03,2.747082224825154384e+01,5.000000000000000278e-02
8.912509381337458763e+03,2.775164209046580766e+01,5.000000000000000278e-02
1.000000000000000000e+04,2.803244583551557412e+01,5.000000000000000278e-02
1.122018454301965176e+04,2.831323637784490899e+01,5.000000000000000278e-02
1.258925411794168758e+04,2.859401621310419728e+01,5.000000000000000278e-02
1.412537544622755377e+04,2.887478748674391937e+01,5.000000000000000278e-02
1.584893192461114086e+04,2.915555203712055032e+01,5.000000000000000278e-02
1.778279410038922651e+04,2.943631143370217274e+01,4.999999999999998890e-02
1.995262314968882856e+04,2.971706701090062097e+01,5.000000000000000278e-02
2.238721138568342212e+04,2.999781989800233362e+01,5.000000000000000278e-02
2.511886431509581962e+04,3.027857104562157531e+01,5.000000000000000278e-02
2.818382931264454965e+04,3.055932124905517355e+01,5.000000000000000278e-02
3.162277660168379225e+04,3.084007116887880784e+01,5.000000000000000278e-02
3.548133892335760174e+04,3.112082134908920494e+01,5.000000000000000278e-02
3.981071705534977082e+04,3.140157223306476197e+01,5.000000000000000278e-02
4.466835921509634500e+04,3.168232417758831332e+01,5.000000000000000278e-02
5.011872336272725079e+04,3.196307746514998627e+01,5.000000000000000278e-02
5.623413251903490891e+04,3.224383231472512534e+01,5.000000000000000278e-02
6.309573444801942969e+04,3.252458889120113383e+01,4.999999999999998890e-02
7.079457843841388240e+04,3.280534731360856426e+01,5.000000000000000278e-02
7.943282347242820833e+04,3.308610766229512024e+01,5.000000000000000278e-02
8.912509381337459490e+04,3.336686998516596248e+01,5.000000000000000278e-02
1.000000000000000000e+05,3.364763430310031822e+01,5.000000000000000278e-02
