radius_m,numerical_w_m_s,analytic_w_m_s
5.038783996953479644e-02,1.139436186966641488e-04,1.116799048518505103e-04
5.116901573382484636e-02,3.316866478079766225e-04,3.294993402933239258e-04
5.195019196154417040e-02,5.400744185006805956e-04,5.379623597451363599e-04
5.273136863209592490e-02,7.392950980477497715e-04,7.372571650288454667e-04
5.351254572608598464e-02,9.295285528371482336e-04,9.275636555572007100e-04
5.429372322523624839e-02,1.110946829539083934e-03,1.109053909589760318e-03
5.507490111230591706e-02,1.283714601908010448e-03,1.281892631116803537e-03
5.585607937101887827e-02,1.447989586122750165e-03,1.446237565275740669e-03
5.663725798599674593e-02,1.603922927286385077e-03,1.602239884921910149e-03
5.741843694269774950e-02,1.751659559456254572e-03,1.750044550724661266e-03
5.819961622736147255e-02,1.891338541350061787e-03,1.889790646935061210e-03
5.898079582695665152e-02,2.023093369673323316e-03,2.021611694770857580e-03
5.976197572913190259e-02,2.147052271834902232e-03,2.145635945185761593e-03
6.054315592217587860e-02,2.263338479657592012e-03,2.261986652630238598e-03
6.132433639497181233e-02,2.372070485543254469e-03,2.370782331263684116e-03
6.210551713696282200e-02,2.473362282427467047e-03,2.472136994953117502e-03
6.288669813811738341e-02,2.567323588737828715e-03,2.566160382272784229e-03
6.366787938889495457e-02,2.654060059466753756e-03,2.652958167615672609e-03
6.444906088021927493e-02,2.733673484375568133e-03,2.732632159434026341e-03
6.523024260344764680e-02,2.806261974258832462e-03,2.805280486537838503e-03
6.601142455034619827e-02,2.871920136122746783e-03,2.870997773305428939e-03
6.679260671306730401e-02,2.930739238059689063e-03,2.929875304588239800e-03
6.757378908412570162e-02,2.982807364537409887e-03,2.982001181028545202e-03
6.835497165637868799e-02,3.028209562764413217e-03,3.027460465451698498e-03
6.913615442300659331e-02,3.067027980739555487e-03,3.066335320941074392e-03
6.991733737749197819e-02,3.099341997546475793e-03,3.098705141156421830e-03
7.069852051360986378e-02,3.125228346410328668e-03,3.124646673413191550e-03
7.147970382540326517e-02,3.144761230992912989e-03,3.144234134999015096e-03
7.226088730717646069e-02,3.158012435368409265e-03,3.157539323169626481e-03
7.304207095347388379e-02,3.165051428086365724e-03,3.164631719230963196e-03
7.382325475907347556e-02,3.165945460700024441e-03,3.165578587085577690e-03
7.460443871897018409e-02,3.160759661109078904e-03,3.160445066592526640e-03
7.538562282836840100e-02,3.149557122041149633e-03,3.149294262065103524e-03
7.616680708266686251e-02,3.132398984972650530e-03,3.132187326207101948e-03
7.694799147745343126e-02,3.109344519768088809e-03,3.109183539766746662e-03
7.772917600849151010e-02,3.080451200297563800e-03,3.080340387168067559e-03
7.851036067171397737e-02,3.045774776273412095e-03,3.045713628360745620e-03
7.929154546321433294e-02,3.005369341530844760e-03,3.005357367113271373e-03
8.007273037923746950e-02,2.959287398961714909e-03,2.959324115958667303e-03
8.085391541617518996e-02,2.907579922296105353e-03,2.907664857987354683e-03
8.163510057055450853e-02,2.850296414914211488e-03,2.850429105669920540e-03
8.241628583903801153e-02,2.787484965857057323e-03,2.787664956878043408e-03
8.319747121840935511e-02,2.719192303196366935e-03,2.719419148264201960e-03
8.397865670557475015e-02,2.645463844909484198e-03,2.645737106145933625e-03
8.475984229755437194e-02,2.566343747399827801e-03,2.566662995035194801e-03
8.554102799147551839e-02,2.481874951791720324e-03,2.482239763941677946e-03
8.632221378457299865e-02,2.392099228120232735e-03,2.392509190570787578e-03
8.710339967417511653e-02,2.297057217532196601e-03,2.297511923532403241e-03
8.788458565770980446e-02,2.196788472601089205e-03,2.197287522663139356e-03
8.866577173269382661e-02,2.091331495860066642e-03,2.091874497566491992e-03
8.944695789673239028e-02,1.980723776643828447e-03,1.981310344461439422e-03
9.022814414751226253e-02,1.865001826329605247e-03,1.865631581429916339e-03
9.100933048279746806e-02,1.744201212058911358e-03,1.744873782144732745e-03
9.179051690043350809e-02,1.618356589016934450e-03,1.619071608154942559e-03
9.257170339833352413e-02,1.487501731347016165e-03,1.488258839805949724e-03
9.335288997448311366e-02,1.351669561763378441e-03,1.352468405857689803e-03
9.413407662693425160e-02,1.210892179931770309e-03,1.211732411870490057e-03
9.491526335380241763e-02,1.065200889676910572e-03,1.066082167417538046e-03
9.569645015326701254e-02,9.146262250743657013e-04,9.155482121814586790e-04
9.647763702356090820e-02,7.591979754838096978e-04,7.601603409922888348e-04
9.725882396298105026e-02,5.989452095689947863e-04,5.999476278517776014e-04
9.804001096987384478e-02,4.338962983617487943e-04,4.349384490016471169e-04
9.882119804263808649e-02,2.640789374075171170e-04,2.651605050731913483e-04
9.960238517972468120e-02,8.952016803953534039e-05,9.064084236537211668e-05
