step,time_s,relative_mass_drift,kinetic_J,maximum_mach
1,0.0023148148148148147,1.3024338177508749e-08,19.510185142795482,0.04975932930909649
2,0.004629629629629629,2.604867591092829e-08,19.525735623414228,0.04978819275278742
3,0.006944444444444444,3.907301431048165e-08,19.506334394819458,0.04975775948296444
4,0.009259259259259259,5.2097352710034996e-08,19.512663070290994,0.049770831412747
5,0.011574074074074073,6.512169133163296e-08,19.50018649419522,0.04975194187913515
6,0.013888888888888888,7.814603017527552e-08,19.501363442831625,0.04975610814581609
7,0.016203703703703703,9.117036924096268e-08,19.492708626239217,0.04974351283933874
8,0.018518518518518517,1.0419470852869445e-07,19.49108238442338,0.04974274899877108
9,0.020833333333333332,1.1721904759438161e-07,19.484482546109327,0.049733457139607
10,0.023148148148148147,1.302433873262026e-07,19.481373315374405,0.04972999933230948
11,0.02546296296296296,1.4326772683597895e-07,19.47584806282654,0.04972235048302551
12,0.027777777777777776,1.5629206656779992e-07,19.4719790173563,0.04971742441489496
13,0.03009259259259259,1.693164067437101e-07,19.466998412066445,0.049710520664146975
14,0.032407407407407406,1.823407466975757e-07,19.462755132877902,0.04970478036231198
15,0.034722222222222224,1.9536508731757507e-07,19.45804066993662,0.04969814968457161
16,0.037037037037037035,2.0838942771552985e-07,19.453622709360445,0.049691933977164156
17,0.039351851851851846,2.2141376833552924e-07,19.44903262437208,0.049685336102798204
18,0.041666666666666664,2.3443810939961783e-07,19.444539717641433,0.04967881459413578
19,0.04398148148148148,2.474624504637064e-07,19.440004589932006,0.04967213194260154
20,0.046296296296296294,2.60486791527795e-07,19.43548444298354,0.04966538597684066
21,0.048611111111111105,2.735111328139282e-07,19.43097196222985,0.04965856394592042
22,0.05092592592592592,2.86535474322106e-07,19.426446052948677,0.04965163034719198
23,0.05324074074074074,2.995598160523284e-07,19.421942256966798,0.0496446454960655
24,0.05555555555555555,3.125841580045954e-07,19.41741937719648,0.04963753954063334
25,0.057870370370370364,3.25608500178907e-07,19.412918955484987,0.049630383135637404
26,0.06018518518518518,3.38632842131174e-07,19.408402093524547,0.04962311023519565
27,0.0625,3.5165718452753023e-07,19.403903549251112,0.04961578003403217
28,0.06481481481481481,3.6468152692388645e-07,19.39939325352142,0.04960834145008809
29,0.06712962962962962,3.777058697643319e-07,19.394896594492444,0.04960083777739041
30,0.06944444444444445,3.907302128268219e-07,19.390392534791513,0.04959323327605837
31,0.07175925925925926,4.037545556672673e-07,19.385898237206323,0.04958555726034541
32,0.07407407407407407,4.1677889917384656e-07,19.381399876442778,0.04957778625596952
33,0.07638888888888888,4.2980324245838115e-07,19.376908462977966,0.04956993911072983
34,0.07870370370370369,4.428275857429158e-07,19.372415310503243,0.04956200109802346
35,0.08101851851851852,4.558519296935842e-07,19.367927208599667,0.049553983879547604
36,0.08333333333333333,4.6887627364425266e-07,19.363438889796395,0.04954587855289659
37,0.08564814814814814,4.819006175949211e-07,19.358954407172927,0.04953769211786256
38,0.08796296296296297,4.949249617676341e-07,19.354470661037986,0.04952941936779752
39,0.09027777777777778,5.079493061623917e-07,19.349990002992477,0.0495210644022521
40,0.09259259259259259,5.209736510012386e-07,19.345510657692646,0.049512624274185076
41,0.0949074074074074,5.339979956180409e-07,19.341033953871264,0.04950410133884851
42,0.09722222222222221,5.470223404568877e-07,19.336558900503068,0.04949549398858331
43,0.09953703703703703,5.600466855177792e-07,19.332086229050862,0.04948680355982963
44,0.10185185185185185,5.730710308007152e-07,19.327615400309607,0.04947802921732572
45,0.10416666666666666,5.860953763056958e-07,19.32314680616619,0.0494691717182747
46,0.10648148148148148,5.991197218106766e-07,19.31868016099879,0.04946023066154343
47,0.1087962962962963,6.121440675377018e-07,19.31421566854713,0.04945120648357693
48,0.1111111111111111,6.251684137088163e-07,19.309753181877277,0.04944209902118522
49,0.11342592592592592,6.381927596578861e-07,19.305292803188344,0.04943290853798307
50,0.11574074074074073,6.512171060510452e-07,19.300834459371004,0.04942363499789599
51,0.11805555555555555,6.642414524442042e-07,19.29637819935127,0.04941427857420426
52,0.12037037037037036,6.772657992814525e-07,19.291923988159073,0.0494048392969373
53,0.12268518518518517,6.902901458966562e-07,19.28747184765562,0.049395317293862206
54,0.125,7.033144925118598e-07,19.28302176189413,0.04938571262840674
55,0.1273148148148148,7.163388400152419e-07,19.278573739513305,0.04937602540651195
56,0.12962962962962962,7.293631872965794e-07,19.274127773643322,0.04936625570797773
57,0.13194444444444445,7.423875345779169e-07,19.269683866787684,0.049356403629053344
58,0.13425925925925924,7.554118823033437e-07,19.26524201614976,0.049346469257338814
59,0.13657407407407407,7.684362302508149e-07,19.260802221594258,0.049336452685381275
60,0.1388888888888889,7.814605779762417e-07,19.256364481983447,0.049326354004441963
61,0.1412037037037037,7.944849265898467e-07,19.25192879618721,0.04931832197126331
62,0.14351851851851852,8.07509274537318e-07,19.247495163625914,0.049313270490255065
63,0.14583333333333331,8.205336229288785e-07,19.243063582896426,0.049308133914903844
64,0.14814814814814814,8.335579717645282e-07,19.238634053516734,0.049302912312850555
65,0.15046296296296297,8.465823206001779e-07,19.234206574093516,0.04929760575061915
66,0.15277777777777776,8.596066696578722e-07,19.229781144078256,0.04929221429658862
67,0.1550925925925926,8.726310187155665e-07,19.225357762173967,0.04928673801829223
68,0.15740740740740738,8.856553679953055e-07,19.220936427728375,0.049281176984781315
69,0.1597222222222222,8.98679717497089e-07,19.21651713954796,0.04927553126461006
70,0.16203703703703703,9.117040672209171e-07,19.21209989688689,0.04926980092751688
71,0.16435185185185183,9.247284167227007e-07,19.20768469863595,0.04926398604304355
72,0.16666666666666666,9.377527668906179e-07,19.20327154397867,0.04925808668165204
73,0.16898148148148148,9.507771172805798e-07,19.19886043186667,0.04925210291383083
74,0.17129629629629628,9.638014674484973e-07,19.194451361434908,0.04924603481080139
75,0.1736111111111111,9.768258180605037e-07,19.19004433167608,0.04923988244396325
76,0.17592592592592593,9.898501688945548e-07,19.185639341693754,0.049233645885325285
77,0.17824074074074073,1.0028745192845168e-06,19.181236390507074,0.04922732520717211
78,0.18055555555555555,1.0158988705626571e-06,19.176835477200413,0.0492209204823194
79,0.18287037037037035,1.028923221618753e-06,19.172436600809462,0.049214431783918794
80,0.18518518518518517,1.0419475731189378e-06,19.168039760407336,0.049207859185603414
81,0.1875,1.0549719243970781e-06,19.163644955039874,0.049201202761378994
82,0.1898148148148148,1.0679962763413524e-06,19.159252183773976,0.04919446258570486
83,0.19212962962962962,1.0810206278415373e-06,19.154861445661762,0.04918763873343281
84,0.19444444444444442,1.094044980007856e-06,19.150472739766933,0.049180731279851446
85,0.19675925925925924,1.1070693321741748e-06,19.146086065145507,0.04917374030065278
86,0.19907407407407407,1.1200936845625381e-06,19.14170142085981,0.04916666587195693
87,0.20138888888888887,1.133118037172946e-06,19.13731880596839,0.049159508070292866
88,0.2037037037037037,1.1461423900053987e-06,19.132938219533234,0.04915226697261104
89,0.20601851851851852,1.1591667428378512e-06,19.12855966061465,0.049144942656274934
90,0.20833333333333331,1.1721910958923483e-06,19.124183128274858,0.0491375351990664
91,0.21064814814814814,1.1852154489468456e-06,19.11980862157547,0.04913004467918074
92,0.21296296296296297,1.1982398026674766e-06,19.11543613957924,0.04912247117522955
93,0.21527777777777776,1.2112641561660629e-06,19.111065681348908,0.049114814766238156
94,0.2175925925925926,1.2242885096646494e-06,19.106697245947913,0.04910707553164744
95,0.21990740740740738,1.237312863607325e-06,19.10233083243998,0.049099253551311214
96,0.2222222222222222,1.250337217772045e-06,19.097966439889337,0.04909134890549808
97,0.22453703703703703,1.2633615721588098e-06,19.09360406736064,0.04908336167488928
98,0.22685185185185183,1.2763859263235301e-06,19.089243713918954,0.049075291940579094
99,0.22916666666666666,1.2894102809323394e-06,19.0848853786298,0.0490671397840751
100,0.23148148148148145,1.3024346357631934e-06,19.08052906055911,0.049058905287296985
101,0.23379629629629628,1.3154589905940473e-06,19.07617475877326,0.04905058853257681
102,0.2361111111111111,1.328483345646946e-06,19.07182247233906,0.04904218960265787
103,0.2384259259259259,1.3415077011439338e-06,19.067472200323763,0.04903370858069552
104,0.24074074074074073,1.354532056418877e-06,19.06312394179501,0.049025145550255396
105,0.24305555555555555,1.3675564121379094e-06,19.05877769582091,0.049016500595314684
106,0.24537037037037035,1.380580767856942e-06,19.054433461470012,0.04900777380026082
107,0.24768518518518517,1.3936051235759743e-06,19.050091237811273,0.04899896524989179
108,0.25,1.4066294797390959e-06,19.04575102391408,0.048990075029415096
109,0.2523148148148148,1.4196538359022174e-06,19.041412818848265,0.04898110322444779
110,0.2546296296296296,1.4326781925094282e-06,19.037076621684104,0.04897204992101624
111,0.2569444444444444,1.4457025491166392e-06,19.03274243149225,0.04896291520555579
112,0.25925925925925924,1.4587269059458946e-06,19.028410247343825,0.04895369916491087
113,0.26157407407407407,1.47175126277515e-06,19.024080068310386,0.048944401886333484
114,0.2638888888888889,1.48477561982645e-06,19.019751893463898,0.04893502345748478
115,0.26620370370370366,1.4977999773218392e-06,19.01542572187677,0.048925563966432495
116,0.2685185185185185,1.5108243348172284e-06,19.011101552621867,0.048916023501652514
117,0.2708333333333333,1.5238486925346624e-06,19.00677938477242,0.04890640215202832
118,0.27314814814814814,1.5368730502520962e-06,19.002459217402148,0.04889670000684974
119,0.27546296296296297,1.5498974084136192e-06,18.99814104958513,0.04888691715581333
120,0.2777777777777778,1.5629217663530976e-06,18.99382488039596,0.04887705368902219
121,0.28009259259259256,1.5759461245146206e-06,18.98951070890957,0.048867109696985316
122,0.2824074074074074,1.5889704831202329e-06,18.985198534201423,0.048861302102449294
123,0.2847222222222222,1.601994841725845e-06,18.980888355347336,0.0488563101847383
124,0.28703703703703703,1.6150192005535021e-06,18.97658017142357,0.048851234788357276
125,0.28935185185185186,1.6280435596032036e-06,18.9722739815068,0.048846075979334685
126,0.29166666666666663,1.641067918652905e-06,18.96796978467415,0.04884083382412045
127,0.29398148148148145,1.6540922781466956e-06,18.963667580003147,0.04883550838958501
128,0.2962962962962963,1.6671166374184417e-06,18.959367366571794,0.04883009974301956
129,0.2986111111111111,1.6801409973563215e-06,18.955069143458488,0.04882460795213483
130,0.30092592592592593,1.6931653570721568e-06,18.950772909742035,0.04881903308506137
131,0.3032407407407407,1.7061897170100366e-06,18.9464786645017,0.04881337521034871
132,0.3055555555555555,1.7192140773920057e-06,18.942186406817157,0.04880763439696486
133,0.30787037037037035,1.7322384375519302e-06,18.937896135768497,0.04880181071429694
134,0.3101851851851852,1.7452627981559438e-06,18.933607850436264,0.0487959042321491
135,0.3125,1.7582871587599575e-06,18.92932154990141,0.0487899150207441
136,0.31481481481481477,1.7713115195860158e-06,18.925037233245313,0.04878384315072136
137,0.3171296296296296,1.7843358808561633e-06,18.92075489954978,0.048777688693137033
138,0.3194444444444444,1.7973602419042661e-06,18.916474547897042,0.04877145171946363
139,0.32175925925925924,1.8103846033964582e-06,18.91219617736974,0.048765132301590144
140,0.32407407407407407,1.8234089648886505e-06,18.90791978705099,0.04875873051182105
141,0.3263888888888889,1.8364333266028872e-06,18.903645376024247,0.04875224642287613
142,0.32870370370370366,1.8494576885391685e-06,18.899372943373468,0.04874568010789011
143,0.3310185185185185,1.8624820504754498e-06,18.895102488182985,0.04873903164041231
144,0.3333333333333333,1.8755064128558203e-06,18.890834009537603,0.04873230109440592
145,0.33564814814814814,1.8885307752361908e-06,18.88656750652251,0.048725488544248734
146,0.33796296296296297,1.9015551378386057e-06,18.88230297822332,0.04871859406473128
147,0.34027777777777773,1.914579500441021e-06,18.87804042372608,0.048711617731057845
148,0.34259259259259256,1.927603863487525e-06,18.87377984211726,0.04870455961884529
149,0.3449074074074074,1.940628226311985e-06,18.86952123248376,0.04869741980412216
150,0.3472222222222222,1.953652589580534e-06,18.865264593912887,0.04869019836333045
151,0.34953703703703703,1.966676953293172e-06,18.86100992549238,0.048682895373323105
152,0.35185185185185186,1.9797013167837655e-06,18.856757226310393,0.048675510911364135
153,0.35416666666666663,1.9927256804964036e-06,18.852506495455504,0.04866804505512925
154,0.35648148148148145,2.0057500442090418e-06,18.848257732016723,0.048660497882704115
155,0.3587962962962963,2.018774408365769e-06,18.844010935083475,0.048652869472585486
156,0.3611111111111111,2.0317987725224965e-06,18.839766103745617,0.0486451599036797
157,0.36342592592592593,2.044823137123313e-06,18.8355232370934,0.04863736925530315
158,0.3657407407407407,2.057847501502085e-06,18.831282334217526,0.04862949760718096
159,0.3680555555555555,2.070871866324946e-06,18.8270433942091,0.04862154503944757
160,0.37037037037037035,2.083896231369852e-06,18.82280641615963,0.048613511632646225
161,0.3726851851851852,2.096920596192713e-06,18.81857139916109,0.048605397467728885
162,0.375,2.109944961681708e-06,18.814338342305852,0.04859720262605458
163,0.37731481481481477,2.122969327170703e-06,18.8101072446867,0.04858892718939088
164,0.3796296296296296,2.135993692659698e-06,18.80587810539684,0.048580571239912156
165,0.3819444444444444,2.149018058592782e-06,18.8016509235299,0.048572134860200455
166,0.38425925925925924,2.162042424525866e-06,18.79742569817992,0.04856361813324428
167,0.38657407407407407,2.17506679045895e-06,18.7932024284414,0.04855502114243848
168,0.38888888888888884,2.1880911568361235e-06,18.788981113409207,0.04854634397158416
169,0.39120370370370366,2.201115523213297e-06,18.78476175217867,0.04853758670488869
170,0.3935185185185185,2.2141398900345596e-06,18.78054434384549,0.04852874942696344
171,0.3958333333333333,2.227164256855822e-06,18.776328887505812,0.048519832222827346
172,0.39814814814814814,2.2401886236770848e-06,18.77211538225621,0.04851083517790234
173,0.40046296296296297,2.2532129909424366e-06,18.767903827193663,0.048501758378015944
174,0.40277777777777773,2.266237357985744e-06,18.763694221415566,0.04849260190939915
175,0.40509259259259256,2.279261725695185e-06,18.759486564019735,0.04848336585868805
176,0.4074074074074074,2.2922860931825812e-06,18.755280854104385,0.04847405031292198
177,0.4097222222222222,2.3053104611140665e-06,18.7510770907682,0.048464655359543425
178,0.41203703703703703,2.318334829045552e-06,18.746875273110216,0.04845518108639801
179,0.4143518518518518,2.331359197421127e-06,18.742675400229963,0.04844562758173511
180,0.41666666666666663,2.344383565574657e-06,18.738477471227313,0.048435994934205355
181,0.41898148148148145,2.357407933950232e-06,18.734281485202587,0.04842628323286323
182,0.4212962962962963,2.3704323025478515e-06,18.730087441256515,0.048417679650580955
183,0.4236111111111111,2.3834566713675155e-06,18.72589533849027,0.04841282923167309
184,0.42592592592592593,2.3964810406312688e-06,18.721705176005397,0.04840789686149082
185,0.4282407407407407,2.4095054096729774e-06,18.717516952903882,0.04840288260483033
186,0.4305555555555555,2.4225297789367303e-06,18.71333066828813,0.04839778652690579
187,0.43287037037037035,2.4355541486445727e-06,18.709146321260967,0.04839260869334811
188,0.4351851851851852,2.448578518352415e-06,18.704963910925596,0.04838734917020533
189,0.4375,2.461602887838213e-06,18.70078343638567,0.048382008023941304
190,0.43981481481481477,2.4746272579901447e-06,18.696604896745274,0.048376585321436204
191,0.4421296296296296,2.4876516281420764e-06,18.692428291108843,0.048371081129984735
192,0.4444444444444444,2.5006759985160527e-06,18.688253618581296,0.04836549551729764
193,0.44675925925925924,2.5137003688900286e-06,18.68408087826791,0.04835982855149968
194,0.44907407407407407,2.5267247399301387e-06,18.67991006927444,0.04835408030113035
195,0.45138888888888884,2.5397491105261596e-06,18.675741190706983,0.048348250835142687
196,0.45370370370370366,2.552773482010359e-06,18.67157424167209,0.048342340222903915
197,0.4560185185185185,2.565797853050469e-06,18.667409221276724,0.04833634853419313
198,0.4583333333333333,2.5788222245346683e-06,18.663246128628245,0.04833027583920334
199,0.46064814814814814,2.591846596018867e-06,18.65908496283445,0.04832412220853918
200,0.4629629629629629,2.604870967725111e-06,18.654925723003537,0.04831788771321752
201,0.46527777777777773,2.617895339431355e-06,18.650768408244137,0.048311572424666584
202,0.46759259259259256,2.630919711581688e-06,18.646613017665235,0.04830517641472642
203,0.4699074074074074,2.6439440837320213e-06,18.642459550376277,0.04829869975564773
204,0.4722222222222222,2.656968456104399e-06,18.63830800548711,0.04829214252009177
205,0.47453703703703703,2.6699928284767763e-06,18.634158382107994,0.04828550478112944
206,0.4768518518518518,2.683017201515288e-06,18.63001067934961,0.048278786612241616
207,0.47916666666666663,2.69604157410971e-06,18.625864896323037,0.04827198808731875
208,0.48148148148148145,2.7090659473702663e-06,18.62172103213976,0.04826510928066033
209,0.4837962962962963,2.7220903206308225e-06,18.617579085911707,0.048258150266974484
210,0.4861111111111111,2.735114693891378e-06,18.613439056751155,0.048251111121378074
211,0.4884259259259259,2.7481390675960236e-06,18.609300943770847,0.04824399191939546
212,0.4907407407407407,2.761163441300669e-06,18.60516474608394,0.04823679273695907
213,0.4930555555555555,2.774187815227359e-06,18.60103046280397,0.048229513650408326
214,0.49537037037037035,2.787212189154049e-06,18.596898093044896,0.0482221547364895
215,0.4976851851851852,2.8002365635248276e-06,18.592767635921096,0.04821471607235544
216,0.5,2.8132609378956068e-06,18.588639090547332,0.04820719773556616
