cell,node0,node1,node2,node3
0,0,65,66,1
1,1,66,67,2
2,2,67,68,3
3,3,68,69,4
4,4,69,70,5
5,5,70,71,6
6,6,71,72,7
7,7,72,73,8
8,8,73,74,9
9,9,74,75,10
10,10,75,76,11
11,11,76,77,12
12,12,77,78,13
13,13,78,79,14
14,14,79,80,15
15,15,80,81,16
16,16,81,82,17
17,17,82,83,18
18,18,83,84,19
19,19,84,85,20
20,20,85,86,21
21,21,86,87,22
22,22,87,88,23
23,23,88,89,24
24,24,89,90,25
25,25,90,91,26
26,26,91,92,27
27,27,92,93,28
28,28,93,94,29
29,29,94,95,30
30,30,95,96,31
31,31,96,97,32
32,32,97,98,33
33,33,98,99,34
34,34,99,100,35
35,35,100,101,36
36,36,101,102,37
37,37,102,103,38
38,38,103,104,39
39,39,104,105,40
40,40,105,106,41
41,41,106,107,42
42,42,107,108,43
43,43,108,109,44
44,44,109,110,45
45,45,110,111,46
46,46,111,112,47
47,47,112,113,48
48,48,113,114,49
49,49,114,115,50
50,50,115,116,51
51,51,116,117,52
52,52,117,118,53
53,53,118,119,54
54,54,119,120,55
55,55,120,121,56
56,56,121,122,57
57,57,122,123,58
58,58,123,124,59
59,59,124,125,60
60,60,125,126,61
61,61,126,127,62
62,62,127,128,63
63,63,128,129,64
64,65,130,131,66
65,66,131,132,67
66,67,132,133,68
67,68,133,134,69
68,69,134,135,70
69,70,135,136,71
70,71,136,137,72
71,72,137,138,73
72,73,138,139,74
73,74,139,140,75
74,75,140,141,76
75,76,141,142,77
76,77,142,143,78
77,78,143,144,79
78,79,144,145,80
79,80,145,146,81
80,81,146,147,82
81,82,147,148,83
82,83,148,149,84
83,84,149,150,85
84,85,150,151,86
85,86,151,152,87
86,87,152,153,88
87,88,153,154,89
88,89,154,155,90
89,90,155,156,91
90,91,156,157,92
91,92,157,158,93
92,93,158,159,94
93,94,159,160,95
94,95,160,161,96
95,96,161,162,97
96,97,162,163,98
97,98,163,164,99
98,99,164,165,100
99,100,165,166,101
100,101,166,167,102
101,102,167,168,103
102,103,168,169,104
103,104,169,170,105
104,105,170,171,106
105,106,171,172,107
106,107,172,173,108
107,108,173,174,109
108,109,174,175,110
109,110,175,176,111
110,111,176,177,112
111,112,177,178,113
112,113,178,179,114
113,114,179,180,115
114,115,180,181,116
115,116,181,182,117
116,117,182,183,118
117,118,183,184,119
118,119,184,185,120
119,120,185,186,121
120,121,186,187,122
121,122,187,188,123
122,123,188,189,124
123,124,189,190,125
124,125,190,191,126
125,126,191,192,127
126,127,192,193,128
127,128,193,194,129
128,130,195,196,131
129,131,196,197,132
130,132,197,198,133
131,133,198,199,134
132,134,199,200,135
133,135,200,201,136
134,136,201,202,137
135,137,202,203,138
136,138,203,204,139
137,139,204,205,140
138,140,205,206,141
139,141,206,207,142
140,142,207,208,143
141,143,208,209,144
142,144,209,210,145
143,145,210,211,146
144,146,211,212,147
145,147,212,213,148
146,148,213,214,149
147,149,214,215,150
148,150,215,216,151
149,151,216,217,152
150,152,217,218,153
151,153,218,219,154
152,154,219,220,155
153,155,220,221,156
154,156,221,222,157
155,157,222,223,158
156,158,223,224,159
157,159,224,225,160
158,160,225,226,161
159,161,226,227,162
160,162,227,228,163
161,163,228,229,164
162,164,229,230,165
163,165,230,231,166
164,166,231,232,167
165,167,232,233,168
166,168,233,234,169
167,169,234,235,170
168,170,235,236,171
169,171,236,237,172
170,172,237,238,173
171,173,238,239,174
172,174,239,240,175
173,175,240,241,176
174,176,241,242,177
175,177,242,243,178
176,178,243,244,179
177,179,244,245,180
178,180,245,246,181
179,181,246,247,182
180,182,247,248,183
181,183,248,249,184
182,184,249,250,185
183,185,250,251,186
184,186,251,252,187
185,187,252,253,188
186,188,253,254,189
187,189,254,255,190
188,190,255,256,191
189,191,256,257,192
190,192,257,258,193
191,193,258,259,194
192,195,260,261,196
193,196,261,262,197
194,197,262,263,198
195,198,263,264,199
196,199,264,265,200
197,200,265,266,201
198,201,266,267,202
199,202,267,268,203
200,203,268,269,204
201,204,269,270,205
202,205,270,271,206
203,206,271,272,207
204,207,272,273,208
205,208,273,274,209
206,209,274,275,210
207,210,275,276,211
208,211,276,277,212
209,212,277,278,213
210,213,278,279,214
211,214,279,280,215
212,215,280,281,216
213,216,281,282,217
214,217,282,283,218
215,218,283,284,219
216,219,284,285,220
217,220,285,286,221
218,221,286,287,222
219,222,287,288,223
220,223,288,289,224
221,224,289,290,225
222,225,290,291,226
223,226,291,292,227
224,227,292,293,228
225,228,293,294,229
226,229,294,295,230
227,230,295,296,231
228,231,296,297,232
229,232,297,298,233
230,233,298,299,234
231,234,299,300,235
232,235,300,301,236
233,236,301,302,237
234,237,302,303,238
235,238,303,304,239
236,239,304,305,240
237,240,305,306,241
238,241,306,307,242
239,242,307,308,243
240,243,308,309,244
241,244,309,310,245
242,245,310,311,246
243,246,311,312,247
244,247,312,313,248
245,248,313,314,249
246,249,314,315,250
247,250,315,316,251
248,251,316,317,252
249,252,317,318,253
250,253,318,319,254
251,254,319,320,255
252,255,320,321,256
253,256,321,322,257
254,257,322,323,258
255,258,323,324,259
256,260,325,326,261
257,261,326,327,262
258,262,327,328,263
259,263,328,329,264
260,264,329,330,265
261,265,330,331,266
262,266,331,332,267
263,267,332,333,268
264,268,333,334,269
265,269,334,335,270
266,270,335,336,271
267,271,336,337,272
268,272,337,338,273
269,273,338,339,274
270,274,339,340,275
271,275,340,341,276
272,276,341,342,277
273,277,342,343,278
274,278,343,344,279
275,279,344,345,280
276,280,345,346,281
277,281,346,347,282
278,282,347,348,283
279,283,348,349,284
280,284,349,350,285
281,285,350,351,286
282,286,351,352,287
283,287,352,353,288
284,288,353,354,289
285,289,354,355,290
286,290,355,356,291
287,291,356,357,292
288,292,357,358,293
289,293,358,359,294
290,294,359,360,295
291,295,360,361,296
292,296,361,362,297
293,297,362,363,298
294,298,363,364,299
295,299,364,365,300
296,300,365,366,301
297,301,366,367,302
298,302,367,368,303
299,303,368,369,304
300,304,369,370,305
301,305,370,371,306
302,306,371,372,307
303,307,372,373,308
304,308,373,374,309
305,309,374,375,310
306,310,375,376,311
307,311,376,377,312
308,312,377,378,313
309,313,378,379,314
310,314,379,380,315
311,315,380,381,316
312,316,381,382,317
313,317,382,383,318
314,318,383,384,319
315,319,384,385,320
316,320,385,386,321
317,321,386,387,322
318,322,387,388,323
319,323,388,389,324
320,325,390,391,326
321,326,391,392,327
322,327,392,393,328
323,328,393,394,329
324,329,394,395,330
325,330,395,396,331
326,331,396,397,332
327,332,397,398,333
328,333,398,399,334
329,334,399,400,335
330,335,400,401,336
331,336,401,402,337
332,337,402,403,338
333,338,403,404,339
334,339,404,405,340
335,340,405,406,341
336,341,406,407,342
337,342,407,408,343
338,343,408,409,344
339,344,409,410,345
340,345,410,411,346
341,346,411,412,347
342,347,412,413,348
343,348,413,414,349
344,349,414,415,350
345,350,415,416,351
346,351,416,417,352
347,352,417,418,353
348,353,418,419,354
349,354,419,420,355
350,355,420,421,356
351,356,421,422,357
352,357,422,423,358
353,358,423,424,359
354,359,424,425,360
355,360,425,426,361
356,361,426,427,362
357,362,427,428,363
358,363,428,429,364
359,364,429,430,365
360,365,430,431,366
361,366,431,432,367
362,367,432,433,368
363,368,433,434,369
364,369,434,435,370
365,370,435,436,371
366,371,436,437,372
367,372,437,438,373
368,373,438,439,374
369,374,439,440,375
370,375,440,441,376
371,376,441,442,377
372,377,442,443,378
373,378,443,444,379
374,379,444,445,380
375,380,445,446,381
376,381,446,447,382
377,382,447,448,383
378,383,448,449,384
379,384,449,450,385
380,385,450,451,386
381,386,451,452,387
382,387,452,453,388
383,388,453,454,389
384,390,455,456,391
385,391,456,457,392
386,392,457,458,393
387,393,458,459,394
388,394,459,460,395
389,395,460,461,396
390,396,461,462,397
391,397,462,463,398
392,398,463,464,399
393,399,464,465,400
394,400,465,466,401
395,401,466,467,402
396,402,467,468,403
397,403,468,469,404
398,404,469,470,405
399,405,470,471,406
400,406,471,472,407
401,407,472,473,408
402,408,473,474,409
403,409,474,475,410
404,410,475,476,411
405,411,476,477,412
406,412,477,478,413
407,413,478,479,414
408,414,479,480,415
409,415,480,481,416
410,416,481,482,417
411,417,482,483,418
412,418,483,484,419
413,419,484,485,420
414,420,485,486,421
415,421,486,487,422
416,422,487,488,423
417,423,488,489,424
418,424,489,490,425
419,425,490,491,426
420,426,491,492,427
421,427,492,493,428
422,428,493,494,429
423,429,494,495,430
424,430,495,496,431
425,431,496,497,432
426,432,497,498,433
427,433,498,499,434
428,434,499,500,435
429,435,500,501,436
430,436,501,502,437
431,437,502,503,438
432,438,503,504,439
433,439,504,505,440
434,440,505,506,441
435,441,506,507,442
436,442,507,508,443
437,443,508,509,444
438,444,509,510,445
439,445,510,511,446
440,446,511,512,447
441,447,512,513,448
442,448,513,514,449
443,449,514,515,450
444,450,515,516,451
445,451,516,517,452
446,452,517,518,453
447,453,518,519,454
448,455,520,521,456
449,456,521,522,457
450,457,522,523,458
451,458,523,524,459
452,459,524,525,460
453,460,525,526,461
454,461,526,527,462
455,462,527,528,463
456,463,528,529,464
457,464,529,530,465
458,465,530,531,466
459,466,531,532,467
460,467,532,533,468
461,468,533,534,469
462,469,534,535,470
463,470,535,536,471
464,471,536,537,472
465,472,537,538,473
466,473,538,539,474
467,474,539,540,475
468,475,540,541,476
469,476,541,542,477
470,477,542,543,478
471,478,543,544,479
472,479,544,545,480
473,480,545,546,481
474,481,546,547,482
475,482,547,548,483
476,483,548,549,484
477,484,549,550,485
478,485,550,551,486
479,486,551,552,487
480,487,552,553,488
481,488,553,554,489
482,489,554,555,490
483,490,555,556,491
484,491,556,557,492
485,492,557,558,493
486,493,558,559,494
487,494,559,560,495
488,495,560,561,496
489,496,561,562,497
490,497,562,563,498
491,498,563,564,499
492,499,564,565,500
493,500,565,566,501
494,501,566,567,502
495,502,567,568,503
496,503,568,569,504
497,504,569,570,505
498,505,570,571,506
499,506,571,572,507
500,507,572,573,508
501,508,573,574,509
502,509,574,575,510
503,510,575,576,511
504,511,576,577,512
505,512,577,578,513
506,513,578,579,514
507,514,579,580,515
508,515,580,581,516
509,516,581,582,517
510,517,582,583,518
511,518,583,584,519
512,520,585,586,521
513,521,586,587,522
514,522,587,588,523
515,523,588,589,524
516,524,589,590,525
517,525,590,591,526
518,526,591,592,527
519,527,592,593,528
520,528,593,594,529
521,529,594,595,530
522,530,595,596,531
523,531,596,597,532
524,532,597,598,533
525,533,598,599,534
526,534,599,600,535
527,535,600,601,536
528,536,601,602,537
529,537,602,603,538
530,538,603,604,539
531,539,604,605,540
532,540,605,606,541
533,541,606,607,542
534,542,607,608,543
535,543,608,609,544
536,544,609,610,545
537,545,610,611,546
538,546,611,612,547
539,547,612,613,548
540,548,613,614,549
541,549,614,615,550
542,550,615,616,551
543,551,616,617,552
544,552,617,618,553
545,553,618,619,554
546,554,619,620,555
547,555,620,621,556
548,556,621,622,557
549,557,622,623,558
550,558,623,624,559
551,559,624,625,560
552,560,625,626,561
553,561,626,627,562
554,562,627,628,563
555,563,628,629,564
556,564,629,630,565
557,565,630,631,566
558,566,631,632,567
559,567,632,633,568
560,568,633,634,569
561,569,634,635,570
562,570,635,636,571
563,571,636,637,572
564,572,637,638,573
565,573,638,639,574
566,574,639,640,575
567,575,640,641,576
568,576,641,642,577
569,577,642,643,578
570,578,643,644,579
571,579,644,645,580
572,580,645,646,581
573,581,646,647,582
574,582,647,648,583
575,583,648,649,584
576,585,650,651,586
577,586,651,652,587
578,587,652,653,588
579,588,653,654,589
580,589,654,655,590
581,590,655,656,591
582,591,656,657,592
583,592,657,658,593
584,593,658,659,594
585,594,659,660,595
586,595,660,661,596
587,596,661,662,597
588,597,662,663,598
589,598,663,664,599
590,599,664,665,600
591,600,665,666,601
592,601,666,667,602
593,602,667,668,603
594,603,668,669,604
595,604,669,670,605
596,605,670,671,606
597,606,671,672,607
598,607,672,673,608
599,608,673,674,609
600,609,674,675,610
601,610,675,676,611
602,611,676,677,612
603,612,677,678,613
604,613,678,679,614
605,614,679,680,615
606,615,680,681,616
607,616,681,682,617
608,617,682,683,618
609,618,683,684,619
610,619,684,685,620
611,620,685,686,621
612,621,686,687,622
613,622,687,688,623
614,623,688,689,624
615,624,689,690,625
616,625,690,691,626
617,626,691,692,627
618,627,692,693,628
619,628,693,694,629
620,629,694,695,630
621,630,695,696,631
622,631,696,697,632
623,632,697,698,633
624,633,698,699,634
625,634,699,700,635
626,635,700,701,636
627,636,701,702,637
628,637,702,703,638
629,638,703,704,639
630,639,704,705,640
631,640,705,706,641
632,641,706,707,642
633,642,707,708,643
634,643,708,709,644
635,644,709,710,645
636,645,710,711,646
637,646,711,712,647
638,647,712,713,648
639,648,713,714,649
640,650,715,716,651
641,651,716,717,652
642,652,717,718,653
643,653,718,719,654
644,654,719,720,655
645,655,720,721,656
646,656,721,722,657
647,657,722,723,658
648,658,723,724,659
649,659,724,725,660
650,660,725,726,661
651,661,726,727,662
652,662,727,728,663
653,663,728,729,664
654,664,729,730,665
655,665,730,731,666
656,666,731,732,667
657,667,732,733,668
658,668,733,734,669
659,669,734,735,670
660,670,735,736,671
661,671,736,737,672
662,672,737,738,673
663,673,738,739,674
664,674,739,740,675
665,675,740,741,676
666,676,741,742,677
667,677,742,743,678
668,678,743,744,679
669,679,744,745,680
670,680,745,746,681
671,681,746,747,682
672,682,747,748,683
673,683,748,749,684
674,684,749,750,685
675,685,750,751,686
676,686,751,752,687
677,687,752,753,688
678,688,753,754,689
679,689,754,755,690
680,690,755,756,691
681,691,756,757,692
682,692,757,758,693
683,693,758,759,694
684,694,759,760,695
685,695,760,761,696
686,696,761,762,697
687,697,762,763,698
688,698,763,764,699
689,699,764,765,700
690,700,765,766,701
691,701,766,767,702
692,702,767,768,703
693,703,768,769,704
694,704,769,770,705
695,705,770,771,706
696,706,771,772,707
697,707,772,773,708
698,708,773,774,709
699,709,774,775,710
700,710,775,776,711
701,711,776,777,712
702,712,777,778,713
703,713,778,779,714
704,715,780,781,716
705,716,781,782,717
706,717,782,783,718
707,718,783,784,719
708,719,784,785,720
709,720,785,786,721
710,721,786,787,722
711,722,787,788,723
712,723,788,789,724
713,724,789,790,725
714,725,790,791,726
715,726,791,792,727
716,727,792,793,728
717,728,793,794,729
718,729,794,795,730
719,730,795,796,731
720,731,796,797,732
721,732,797,798,733
722,733,798,799,734
723,734,799,800,735
724,735,800,801,736
725,736,801,802,737
726,737,802,803,738
727,738,803,804,739
728,739,804,805,740
729,740,805,806,741
730,741,806,807,742
731,742,807,808,743
732,743,808,809,744
733,744,809,810,745
734,745,810,811,746
735,746,811,812,747
736,747,812,813,748
737,748,813,814,749
738,749,814,815,750
739,750,815,816,751
740,751,816,817,752
741,752,817,818,753
742,753,818,819,754
743,754,819,820,755
744,755,820,821,756
745,756,821,822,757
746,757,822,823,758
747,758,823,824,759
748,759,824,825,760
749,760,825,826,761
750,761,826,827,762
751,762,827,828,763
752,763,828,829,764
753,764,829,830,765
754,765,830,831,766
755,766,831,832,767
756,767,832,833,768
757,768,833,834,769
758,769,834,835,770
759,770,835,836,771
760,771,836,837,772
761,772,837,838,773
762,773,838,839,774
763,774,839,840,775
764,775,840,841,776
765,776,841,842,777
766,777,842,843,778
767,778,843,844,779
768,780,845,846,781
769,781,846,847,782
770,782,847,848,783
771,783,848,849,784
772,784,849,850,785
773,785,850,851,786
774,786,851,852,787
775,787,852,853,788
776,788,853,854,789
777,789,854,855,790
778,790,855,856,791
779,791,856,857,792
780,792,857,858,793
781,793,858,859,794
782,794,859,860,795
783,795,860,861,796
784,796,861,862,797
785,797,862,863,798
786,798,863,864,799
787,799,864,865,800
788,800,865,866,801
789,801,866,867,802
790,802,867,868,803
791,803,868,869,804
792,804,869,870,805
793,805,870,871,806
794,806,871,872,807
795,807,872,873,808
796,808,873,874,809
797,809,874,875,810
798,810,875,876,811
799,811,876,877,812
800,812,877,878,813
801,813,878,879,814
802,814,879,880,815
803,815,880,881,816
804,816,881,882,817
805,817,882,883,818
806,818,883,884,819
807,819,884,885,820
808,820,885,886,821
809,821,886,887,822
810,822,887,888,823
811,823,888,889,824
812,824,889,890,825
813,825,890,891,826
814,826,891,892,827
815,827,892,893,828
816,828,893,894,829
817,829,894,895,830
818,830,895,896,831
819,831,896,897,832
820,832,897,898,833
821,833,898,899,834
822,834,899,900,835
823,835,900,901,836
824,836,901,902,837
825,837,902,903,838
826,838,903,904,839
827,839,904,905,840
828,840,905,906,841
829,841,906,907,842
830,842,907,908,843
831,843,908,909,844
832,845,910,911,846
833,846,911,912,847
834,847,912,913,848
835,848,913,914,849
836,849,914,915,850
837,850,915,916,851
838,851,916,917,852
839,852,917,918,853
840,853,918,919,854
841,854,919,920,855
842,855,920,921,856
843,856,921,922,857
844,857,922,923,858
845,858,923,924,859
846,859,924,925,860
847,860,925,926,861
848,861,926,927,862
849,862,927,928,863
850,863,928,929,864
851,864,929,930,865
852,865,930,931,866
853,866,931,932,867
854,867,932,933,868
855,868,933,934,869
856,869,934,935,870
857,870,935,936,871
858,871,936,937,872
859,872,937,938,873
860,873,938,939,874
861,874,939,940,875
862,875,940,941,876
863,876,941,942,877
864,877,942,943,878
865,878,943,944,879
866,879,944,945,880
867,880,945,946,881
868,881,946,947,882
869,882,947,948,883
870,883,948,949,884
871,884,949,950,885
872,885,950,951,886
873,886,951,952,887
874,887,952,953,888
875,888,953,954,889
876,889,954,955,890
877,890,955,956,891
878,891,956,957,892
879,892,957,958,893
880,893,958,959,894
881,894,959,960,895
882,895,960,961,896
883,896,961,962,897
884,897,962,963,898
885,898,963,964,899
886,899,964,965,900
887,900,965,966,901
888,901,966,967,902
889,902,967,968,903
890,903,968,969,904
891,904,969,970,905
892,905,970,971,906
893,906,971,972,907
894,907,972,973,908
895,908,973,974,909
896,910,975,976,911
897,911,976,977,912
898,912,977,978,913
899,913,978,979,914
900,914,979,980,915
901,915,980,981,916
902,916,981,982,917
903,917,982,983,918
904,918,983,984,919
905,919,984,985,920
906,920,985,986,921
907,921,986,987,922
908,922,987,988,923
909,923,988,989,924
910,924,989,990,925
911,925,990,991,926
912,926,991,992,927
913,927,992,993,928
914,928,993,994,929
915,929,994,995,930
916,930,995,996,931
917,931,996,997,932
918,932,997,998,933
919,933,998,999,934
920,934,999,1000,935
921,935,1000,1001,936
922,936,1001,1002,937
923,937,1002,1003,938
924,938,1003,1004,939
925,939,1004,1005,940
926,940,1005,1006,941
927,941,1006,1007,942
928,942,1007,1008,943
929,943,1008,1009,944
930,944,1009,1010,945
931,945,1010,1011,946
932,946,1011,1012,947
933,947,1012,1013,948
934,948,1013,1014,949
935,949,1014,1015,950
936,950,1015,1016,951
937,951,1016,1017,952
938,952,1017,1018,953
939,953,1018,1019,954
940,954,1019,1020,955
941,955,1020,1021,956
942,956,1021,1022,957
943,957,1022,1023,958
944,958,1023,1024,959
945,959,1024,1025,960
946,960,1025,1026,961
947,961,1026,1027,962
948,962,1027,1028,963
949,963,1028,1029,964
950,964,1029,1030,965
951,965,1030,1031,966
952,966,1031,1032,967
953,967,1032,1033,968
954,968,1033,1034,969
955,969,1034,1035,970
956,970,1035,1036,971
957,971,1036,1037,972
958,972,1037,1038,973
959,973,1038,1039,974
960,975,1040,1041,976
961,976,1041,1042,977
962,977,1042,1043,978
963,978,1043,1044,979
964,979,1044,1045,980
965,980,1045,1046,981
966,981,1046,1047,982
967,982,1047,1048,983
968,983,1048,1049,984
969,984,1049,1050,985
970,985,1050,1051,986
971,986,1051,1052,987
972,987,1052,1053,988
973,988,1053,1054,989
974,989,1054,1055,990
975,990,1055,1056,991
976,991,1056,1057,992
977,992,1057,1058,993
978,993,1058,1059,994
979,994,1059,1060,995
980,995,1060,1061,996
981,996,1061,1062,997
982,997,1062,1063,998
983,998,1063,1064,999
984,999,1064,1065,1000
985,1000,1065,1066,1001
986,1001,1066,1067,1002
987,1002,1067,1068,1003
988,1003,1068,1069,1004
989,1004,1069,1070,1005
990,1005,1070,1071,1006
991,1006,1071,1072,1007
992,1007,1072,1073,1008
993,1008,1073,1074,1009
994,1009,1074,1075,1010
995,1010,1075,1076,1011
996,1011,1076,1077,1012
997,1012,1077,1078,1013
998,1013,1078,1079,1014
999,1014,1079,1080,1015
1000,1015,1080,1081,1016
1001,1016,1081,1082,1017
1002,1017,1082,1083,1018
1003,1018,1083,1084,1019
1004,1019,1084,1085,1020
1005,1020,1085,1086,1021
1006,1021,1086,1087,1022
1007,1022,1087,1088,1023
1008,1023,1088,1089,1024
1009,1024,1089,1090,1025
1010,1025,1090,1091,1026
1011,1026,1091,1092,1027
1012,1027,1092,1093,1028
1013,1028,1093,1094,1029
1014,1029,1094,1095,1030
1015,1030,1095,1096,1031
1016,1031,1096,1097,1032
1017,1032,1097,1098,1033
1018,1033,1098,1099,1034
1019,1034,1099,1100,1035
1020,1035,1100,1101,1036
1021,1036,1101,1102,1037
1022,1037,1102,1103,1038
1023,1038,1103,1104,1039
1024,1040,1105,1106,1041
1025,1041,1106,1107,1042
1026,1042,1107,1108,1043
1027,1043,1108,1109,1044
1028,1044,1109,1110,1045
1029,1045,1110,1111,1046
1030,1046,1111,1112,1047
1031,1047,1112,1113,1048
1032,1048,1113,1114,1049
1033,1049,1114,1115,1050
1034,1050,1115,1116,1051
1035,1051,1116,1117,1052
1036,1052,1117,1118,1053
1037,1053,1118,1119,1054
1038,1054,1119,1120,1055
1039,1055,1120,1121,1056
1040,1056,1121,1122,1057
1041,1057,1122,1123,1058
1042,1058,1123,1124,1059
1043,1059,1124,1125,1060
1044,1060,1125,1126,1061
1045,1061,1126,1127,1062
1046,1062,1127,1128,1063
1047,1063,1128,1129,1064
1048,1064,1129,1130,1065
1049,1065,1130,1131,1066
1050,1066,1131,1132,1067
1051,1067,1132,1133,1068
1052,1068,1133,1134,1069
1053,1069,1134,1135,1070
1054,1070,1135,1136,1071
1055,1071,1136,1137,1072
1056,1072,1137,1138,1073
1057,1073,1138,1139,1074
1058,1074,1139,1140,1075
1059,1075,1140,1141,1076
1060,1076,1141,1142,1077
1061,1077,1142,1143,1078
1062,1078,1143,1144,1079
1063,1079,1144,1145,1080
1064,1080,1145,1146,1081
1065,1081,1146,1147,1082
1066,1082,1147,1148,1083
1067,1083,1148,1149,1084
1068,1084,1149,1150,1085
1069,1085,1150,1151,1086
1070,1086,1151,1152,1087
1071,1087,1152,1153,1088
1072,1088,1153,1154,1089
1073,1089,1154,1155,1090
1074,1090,1155,1156,1091
1075,1091,1156,1157,1092
1076,1092,1157,1158,1093
1077,1093,1158,1159,1094
1078,1094,1159,1160,1095
1079,1095,1160,1161,1096
1080,1096,1161,1162,1097
1081,1097,1162,1163,1098
1082,1098,1163,1164,1099
1083,1099,1164,1165,1100
1084,1100,1165,1166,1101
1085,1101,1166,1167,1102
1086,1102,1167,1168,1103
1087,1103,1168,1169,1104
1088,1105,1170,1171,1106
1089,1106,1171,1172,1107
1090,1107,1172,1173,1108
1091,1108,1173,1174,1109
1092,1109,1174,1175,1110
1093,1110,1175,1176,1111
1094,1111,1176,1177,1112
1095,1112,1177,1178,1113
1096,1113,1178,1179,1114
1097,1114,1179,1180,1115
1098,1115,1180,1181,1116
1099,1116,1181,1182,1117
1100,1117,1182,1183,1118
1101,1118,1183,1184,1119
1102,1119,1184,1185,1120
1103,1120,1185,1186,1121
1104,1121,1186,1187,1122
1105,1122,1187,1188,1123
1106,1123,1188,1189,1124
1107,1124,1189,1190,1125
1108,1125,1190,1191,1126
1109,1126,1191,1192,1127
1110,1127,1192,1193,1128
1111,1128,1193,1194,1129
1112,1129,1194,1195,1130
1113,1130,1195,1196,1131
1114,1131,1196,1197,1132
1115,1132,1197,1198,1133
1116,1133,1198,1199,1134
1117,1134,1199,1200,1135
1118,1135,1200,1201,1136
1119,1136,1201,1202,1137
1120,1137,1202,1203,1138
1121,1138,1203,1204,1139
1122,1139,1204,1205,1140
1123,1140,1205,1206,1141
1124,1141,1206,1207,1142
1125,1142,1207,1208,1143
1126,1143,1208,1209,1144
1127,1144,1209,1210,1145
1128,1145,1210,1211,1146
1129,1146,1211,1212,1147
1130,1147,1212,1213,1148
1131,1148,1213,1214,1149
1132,1149,1214,1215,1150
1133,1150,1215,1216,1151
1134,1151,1216,1217,1152
1135,1152,1217,1218,1153
1136,1153,1218,1219,1154
1137,1154,1219,1220,1155
1138,1155,1220,1221,1156
1139,1156,1221,1222,1157
1140,1157,1222,1223,1158
1141,1158,1223,1224,1159
1142,1159,1224,1225,1160
1143,1160,1225,1226,1161
1144,1161,1226,1227,1162
1145,1162,1227,1228,1163
1146,1163,1228,1229,1164
1147,1164,1229,1230,1165
1148,1165,1230,1231,1166
1149,1166,1231,1232,1167
1150,1167,1232,1233,1168
1151,1168,1233,1234,1169
1152,1170,1235,1236,1171
1153,1171,1236,1237,1172
1154,1172,1237,1238,1173
1155,1173,1238,1239,1174
1156,1174,1239,1240,1175
1157,1175,1240,1241,1176
1158,1176,1241,1242,1177
1159,1177,1242,1243,1178
1160,1178,1243,1244,1179
1161,1179,1244,1245,1180
1162,1180,1245,1246,1181
1163,1181,1246,1247,1182
1164,1182,1247,1248,1183
1165,1183,1248,1249,1184
1166,1184,1249,1250,1185
1167,1185,1250,1251,1186
1168,1186,1251,1252,1187
1169,1187,1252,1253,1188
1170,1188,1253,1254,1189
1171,1189,1254,1255,1190
1172,1190,1255,1256,1191
1173,1191,1256,1257,1192
1174,1192,1257,1258,1193
1175,1193,1258,1259,1194
1176,1194,1259,1260,1195
1177,1195,1260,1261,1196
1178,1196,1261,1262,1197
1179,1197,1262,1263,1198
1180,1198,1263,1264,1199
1181,1199,1264,1265,1200
1182,1200,1265,1266,1201
1183,1201,1266,1267,1202
1184,1202,1267,1268,1203
1185,1203,1268,1269,1204
1186,1204,1269,1270,1205
1187,1205,1270,1271,1206
1188,1206,1271,1272,1207
1189,1207,1272,1273,1208
1190,1208,1273,1274,1209
1191,1209,1274,1275,1210
1192,1210,1275,1276,1211
1193,1211,1276,1277,1212
1194,1212,1277,1278,1213
1195,1213,1278,1279,1214
1196,1214,1279,1280,1215
1197,1215,1280,1281,1216
1198,1216,1281,1282,1217
1199,1217,1282,1283,1218
1200,1218,1283,1284,1219
1201,1219,1284,1285,1220
1202,1220,1285,1286,1221
1203,1221,1286,1287,1222
1204,1222,1287,1288,1223
1205,1223,1288,1289,1224
1206,1224,1289,1290,1225
1207,1225,1290,1291,1226
1208,1226,1291,1292,1227
1209,1227,1292,1293,1228
1210,1228,1293,1294,1229
1211,1229,1294,1295,1230
1212,1230,1295,1296,1231
1213,1231,1296,1297,1232
1214,1232,1297,1298,1233
1215,1233,1298,1299,1234
1216,1235,1300,1301,1236
1217,1236,1301,1302,1237
1218,1237,1302,1303,1238
1219,1238,1303,1304,1239
1220,1239,1304,1305,1240
1221,1240,1305,1306,1241
1222,1241,1306,1307,1242
1223,1242,1307,1308,1243
1224,1243,1308,1309,1244
1225,1244,1309,1310,1245
1226,1245,1310,1311,1246
1227,1246,1311,1312,1247
1228,1247,1312,1313,1248
1229,1248,1313,1314,1249
1230,1249,1314,1315,1250
1231,1250,1315,1316,1251
1232,1251,1316,1317,1252
1233,1252,1317,1318,1253
1234,1253,1318,1319,1254
1235,1254,1319,1320,1255
1236,1255,1320,1321,1256
1237,1256,1321,1322,1257
1238,1257,1322,1323,1258
1239,1258,1323,1324,1259
1240,1259,1324,1325,1260
1241,1260,1325,1326,1261
1242,1261,1326,1327,1262
1243,1262,1327,1328,1263
1244,1263,1328,1329,1264
1245,1264,1329,1330,1265
1246,1265,1330,1331,1266
1247,1266,1331,1332,1267
1248,1267,1332,1333,1268
1249,1268,1333,1334,1269
1250,1269,1334,1335,1270
1251,1270,1335,1336,1271
1252,1271,1336,1337,1272
1253,1272,1337,1338,1273
1254,1273,1338,1339,1274
1255,1274,1339,1340,1275
1256,1275,1340,1341,1276
1257,1276,1341,1342,1277
1258,1277,1342,1343,1278
1259,1278,1343,1344,1279
1260,1279,1344,1345,1280
1261,1280,1345,1346,1281
1262,1281,1346,1347,1282
1263,1282,1347,1348,1283
1264,1283,1348,1349,1284
1265,1284,1349,1350,1285
1266,1285,1350,1351,1286
1267,1286,1351,1352,1287
1268,1287,1352,1353,1288
1269,1288,1353,1354,1289
1270,1289,1354,1355,1290
1271,1290,1355,1356,1291
1272,1291,1356,1357,1292
1273,1292,1357,1358,1293
1274,1293,1358,1359,1294
1275,1294,1359,1360,1295
1276,1295,1360,1361,1296
1277,1296,1361,1362,1297
1278,1297,1362,1363,1298
1279,1298,1363,1364,1299
1280,1300,1365,1366,1301
1281,1301,1366,1367,1302
1282,1302,1367,1368,1303
1283,1303,1368,1369,1304
1284,1304,1369,1370,1305
1285,1305,1370,1371,1306
1286,1306,1371,1372,1307
1287,1307,1372,1373,1308
1288,1308,1373,1374,1309
1289,1309,1374,1375,1310
1290,1310,1375,1376,1311
1291,1311,1376,1377,1312
1292,1312,1377,1378,1313
1293,1313,1378,1379,1314
1294,1314,1379,1380,1315
1295,1315,1380,1381,1316
1296,1316,1381,1382,1317
1297,1317,1382,1383,1318
1298,1318,1383,1384,1319
1299,1319,1384,1385,1320
1300,1320,1385,1386,1321
1301,1321,1386,1387,1322
1302,1322,1387,1388,1323
1303,1323,1388,1389,1324
1304,1324,1389,1390,1325
1305,1325,1390,1391,1326
1306,1326,1391,1392,1327
1307,1327,1392,1393,1328
1308,1328,1393,1394,1329
1309,1329,1394,1395,1330
1310,1330,1395,1396,1331
1311,1331,1396,1397,1332
1312,1332,1397,1398,1333
1313,1333,1398,1399,1334
1314,1334,1399,1400,1335
1315,1335,1400,1401,1336
1316,1336,1401,1402,1337
1317,1337,1402,1403,1338
1318,1338,1403,1404,1339
1319,1339,1404,1405,1340
1320,1340,1405,1406,1341
1321,1341,1406,1407,1342
1322,1342,1407,1408,1343
1323,1343,1408,1409,1344
1324,1344,1409,1410,1345
1325,1345,1410,1411,1346
1326,1346,1411,1412,1347
1327,1347,1412,1413,1348
1328,1348,1413,1414,1349
1329,1349,1414,1415,1350
1330,1350,1415,1416,1351
1331,1351,1416,1417,1352
1332,1352,1417,1418,1353
1333,1353,1418,1419,1354
1334,1354,1419,1420,1355
1335,1355,1420,1421,1356
1336,1356,1421,1422,1357
1337,1357,1422,1423,1358
1338,1358,1423,1424,1359
1339,1359,1424,1425,1360
1340,1360,1425,1426,1361
1341,1361,1426,1427,1362
1342,1362,1427,1428,1363
1343,1363,1428,1429,1364
1344,1365,1430,1431,1366
1345,1366,1431,1432,1367
1346,1367,1432,1433,1368
1347,1368,1433,1434,1369
1348,1369,1434,1435,1370
1349,1370,1435,1436,1371
1350,1371,1436,1437,1372
1351,1372,1437,1438,1373
1352,1373,1438,1439,1374
1353,1374,1439,1440,1375
1354,1375,1440,1441,1376
1355,1376,1441,1442,1377
1356,1377,1442,1443,1378
1357,1378,1443,1444,1379
1358,1379,1444,1445,1380
1359,1380,1445,1446,1381
1360,1381,1446,1447,1382
1361,1382,1447,1448,1383
1362,1383,1448,1449,1384
1363,1384,1449,1450,1385
1364,1385,1450,1451,1386
1365,1386,1451,1452,1387
1366,1387,1452,1453,1388
1367,1388,1453,1454,1389
1368,1389,1454,1455,1390
1369,1390,1455,1456,1391
1370,1391,1456,1457,1392
1371,1392,1457,1458,1393
1372,1393,1458,1459,1394
1373,1394,1459,1460,1395
1374,1395,1460,1461,1396
1375,1396,1461,1462,1397
1376,1397,1462,1463,1398
1377,1398,1463,1464,1399
1378,1399,1464,1465,1400
1379,1400,1465,1466,1401
1380,1401,1466,1467,1402
1381,1402,1467,1468,1403
1382,1403,1468,1469,1404
1383,1404,1469,1470,1405
1384,1405,1470,1471,1406
1385,1406,1471,1472,1407
1386,1407,1472,1473,1408
1387,1408,1473,1474,1409
1388,1409,1474,1475,1410
1389,1410,1475,1476,1411
1390,1411,1476,1477,1412
1391,1412,1477,1478,1413
1392,1413,1478,1479,1414
1393,1414,1479,1480,1415
1394,1415,1480,1481,1416
1395,1416,1481,1482,1417
1396,1417,1482,1483,1418
1397,1418,1483,1484,1419
1398,1419,1484,1485,1420
1399,1420,1485,1486,1421
1400,1421,1486,1487,1422
1401,1422,1487,1488,1423
1402,1423,1488,1489,1424
1403,1424,1489,1490,1425
1404,1425,1490,1491,1426
1405,1426,1491,1492,1427
1406,1427,1492,1493,1428
1407,1428,1493,1494,1429
1408,1430,1495,1496,1431
1409,1431,1496,1497,1432
1410,1432,1497,1498,1433
1411,1433,1498,1499,1434
1412,1434,1499,1500,1435
1413,1435,1500,1501,1436
1414,1436,1501,1502,1437
1415,1437,1502,1503,1438
1416,1438,1503,1504,1439
1417,1439,1504,1505,1440
1418,1440,1505,1506,1441
1419,1441,1506,1507,1442
1420,1442,1507,1508,1443
1421,1443,1508,1509,1444
1422,1444,1509,1510,1445
1423,1445,1510,1511,1446
1424,1446,1511,1512,1447
1425,1447,1512,1513,1448
1426,1448,1513,1514,1449
1427,1449,1514,1515,1450
1428,1450,1515,1516,1451
1429,1451,1516,1517,1452
1430,1452,1517,1518,1453
1431,1453,1518,1519,1454
1432,1454,1519,1520,1455
1433,1455,1520,1521,1456
1434,1456,1521,1522,1457
1435,1457,1522,1523,1458
1436,1458,1523,1524,1459
1437,1459,1524,1525,1460
1438,1460,1525,1526,1461
1439,1461,1526,1527,1462
1440,1462,1527,1528,1463
1441,1463,1528,1529,1464
1442,1464,1529,1530,1465
1443,1465,1530,1531,1466
1444,1466,1531,1532,1467
1445,1467,1532,1533,1468
1446,1468,1533,1534,1469
1447,1469,1534,1535,1470
1448,1470,1535,1536,1471
1449,1471,1536,1537,1472
1450,1472,1537,1538,1473
1451,1473,1538,1539,1474
1452,1474,1539,1540,1475
1453,1475,1540,1541,1476
1454,1476,1541,1542,1477
1455,1477,1542,1543,1478
1456,1478,1543,1544,1479
1457,1479,1544,1545,1480
1458,1480,1545,1546,1481
1459,1481,1546,1547,1482
1460,1482,1547,1548,1483
1461,1483,1548,1549,1484
1462,1484,1549,1550,1485
1463,1485,1550,1551,1486
1464,1486,1551,1552,1487
1465,1487,1552,1553,1488
1466,1488,1553,1554,1489
1467,1489,1554,1555,1490
1468,1490,1555,1556,1491
1469,1491,1556,1557,1492
1470,1492,1557,1558,1493
1471,1493,1558,1559,1494
1472,1495,1560,1561,1496
1473,1496,1561,1562,1497
1474,1497,1562,1563,1498
1475,1498,1563,1564,1499
1476,1499,1564,1565,1500
1477,1500,1565,1566,1501
1478,1501,1566,1567,1502
1479,1502,1567,1568,1503
1480,1503,1568,1569,1504
1481,1504,1569,1570,1505
1482,1505,1570,1571,1506
1483,1506,1571,1572,1507
1484,1507,1572,1573,1508
1485,1508,1573,1574,1509
1486,1509,1574,1575,1510
1487,1510,1575,1576,1511
1488,1511,1576,1577,1512
1489,1512,1577,1578,1513
1490,1513,1578,1579,1514
1491,1514,1579,1580,1515
1492,1515,1580,1581,1516
1493,1516,1581,1582,1517
1494,1517,1582,1583,1518
1495,1518,1583,1584,1519
1496,1519,1584,1585,1520
1497,1520,1585,1586,1521
1498,1521,1586,1587,1522
1499,1522,1587,1588,1523
1500,1523,1588,1589,1524
1501,1524,1589,1590,1525
1502,1525,1590,1591,1526
1503,1526,1591,1592,1527
1504,1527,1592,1593,1528
1505,1528,1593,1594,1529
1506,1529,1594,1595,1530
1507,1530,1595,1596,1531
1508,1531,1596,1597,1532
1509,1532,1597,1598,1533
1510,1533,1598,1599,1534
1511,1534,1599,1600,1535
1512,1535,1600,1601,1536
1513,1536,1601,1602,1537
1514,1537,1602,1603,1538
1515,1538,1603,1604,1539
1516,1539,1604,1605,1540
1517,1540,1605,1606,1541
1518,1541,1606,1607,1542
1519,1542,1607,1608,1543
1520,1543,1608,1609,1544
1521,1544,1609,1610,1545
1522,1545,1610,1611,1546
1523,1546,1611,1612,1547
1524,1547,1612,1613,1548
1525,1548,1613,1614,1549
1526,1549,1614,1615,1550
1527,1550,1615,1616,1551
1528,1551,1616,1617,1552
1529,1552,1617,1618,1553
1530,1553,1618,1619,1554
1531,1554,1619,1620,1555
1532,1555,1620,1621,1556
1533,1556,1621,1622,1557
1534,1557,1622,1623,1558
1535,1558,1623,1624,1559
