node,x,y
0,0.24972663333523598,0.2052212965001998
1,0.2485211893578004,0.21207038455495425
2,0.24637709128126106,0.2186859681121846
3,0.2433358171995201,0.22494006711397907
4,0.23945620129247097,0.23071169450824902
5,0.23481329566461276,0.23588919677240291
6,0.22949691844400502,0.24037241387764322
7,0.2236099162289392,0.24407461690885668
8,0.21726617449571425,0.2469241858563742
9,0.21058841445665738,0.24886599512231436
10,0.20370581898870238,0.24986247993855676
11,0.19675153355950942,0.2498943630662323
12,0.1898600904963121,0.24896102771855408
13,0.1831648064256323,0.2470805294927061
14,0.17679520323101794,0.24428924707996558
15,0.170874502420998,0.2406411785111548
16,0.16551724137931034,0.23620689655172417
17,0.16208466731118715,0.23259490063026178
18,0.15902865436341268,0.22865918416018324
19,0.1563795537310789,0.22443883522797614
20,0.1541636753060234,0.21997576878491412
21,0.1524030263766733,0.21531431036319768
22,0.15111509305976195,0.21050075585109307
23,0.15031266663465723,0.2055829116992206
24,0.15000371650508598,0.2006096201244936
25,0.15019131104995123,0.19563027402720837
26,0.15087358714932297,0.19069432643894949
27,0.15204376868825914,0.1858507993732931
28,0.15369023385468356,0.18114779695722272
29,0.15579663056294338,0.17663202767865624
30,0.15834203885670142,0.17234834049494635
31,0.16130117867823776,0.16833927940955357
32,0.16464466094067262,0.16464466094067265
33,0.16996544361674715,0.1600259406256857
34,0.17588263215766892,0.15620099808948046
35,0.18227872704374534,0.15324578644859999
36,0.18902671895765868,0.15121898829292496
37,0.1959926108494095,0.15016085040657567
38,0.20303807875891935,0.15009238457455013
39,0.21002321855948144,0.15101495034493823
40,0.21680932407908923,0.1529102280319372
41,0.22326164143359276,0.15574058249575623
42,0.22925204487800097,0.1594498104757152
43,0.2346615810406889,0.16396425663650388
44,0.23938283101883137,0.16919427616591076
45,0.24332204343017244,0.17503601488074763
46,0.24640099606443464,0.1813734714928325
47,0.24855854916695566,0.18808080108395073
48,0.24975185951049947,0.19502481404895006
49,0.24981132496488534,0.19566042568417227
50,0.24986267041036986,0.1962967447364748
51,0.249905887476859,0.19693366747610597
52,0.24994096911930896,0.19757109007490384
53,0.24996790961887472,0.19820890862322174
54,0.2499867045838422,0.19884701914686717
55,0.24999735095034425,0.19948531762405122
56,0.24999984698286007,0.20012370000234567
57,0.24999419227449812,0.20076206221564508
58,0.2499803877470625,0.20140030020113125
59,0.24995843565090256,0.20203830991623706
60,0.24992833956454624,0.20267598735560685
61,0.24989010439411657,0.20331322856805112
62,0.249843736372532,0.2039499296734919
63,0.2497892430584902,0.20458598687989704
64,0.24972663333523598,0.2052212965001998
65,0.3309880236129345,0.21375374247935816
66,0.2816731997832672,0.2203174518651645
67,0.26616151870780896,0.22665738610751027
68,0.25673414291681695,0.2326508976508966
69,0.24905357072038345,0.23818204057040532
70,0.24185043057831757,0.2431438135735528
71,0.23466081068412542,0.24744022996607476
72,0.22731337477056196,0.2509881745376543
73,0.21976639143399423,0.253719011445692
74,0.21204320391235434,0.2555799119922179
75,0.20420171679216992,0.25653487660778357
76,0.19631720110477374,0.256565431271806
77,0.18847044731002852,0.2556709848969477
78,0.18073742220705924,0.25386884076384336
79,0.17317761676113733,0.251193861784967
80,0.1658173779662387,0.24769779607319004
81,0.15862068965517243,0.24344827586206902
82,0.15533113950655436,0.23840074623637633
83,0.15240246043160383,0.2332941628073873
84,0.14986373899228395,0.2280893921662458
85,0.14774018883493908,0.22277516601835476
86,0.14605290027764525,0.21735746131425515
87,0.14481863084893853,0.21185327172030233
88,0.14404963885821317,0.20628663091048427
89,0.1437535616507074,0.20068583019280434
90,0.14393333975620326,0.19508126098800352
91,0.14458718768476786,0.18950353765758
92,0.14570861165958168,0.18398164899703107
93,0.14728647411073842,0.17854089588691302
94,0.1493051042894874,0.17320030271711456
95,0.15174445390433888,0.16796900536544151
96,0.15458029623331118,0.1628407144935623
97,0.15778446673481128,0.1577844667348113
98,0.16495562369463707,0.15335819309961546
99,0.1722988776161466,0.14969262316908544
100,0.17985852591393522,0.146860545346575
101,0.18760935695602482,0.1449181971140531
102,0.1954895316371907,0.1439041483063017
103,0.20341877590767804,0.1438385352172772
104,0.21131073371607453,0.14472266074723247
105,0.21908363039389747,0.1465389685306065
106,0.22667219767879543,0.14925139155843306
107,0.234044699226582,0.1528060683725604
108,0.2412329042126283,0.1571324126099829
109,0.2483954277571876,0.16214451465899782
110,0.2559784726192032,0.1677428475940498
111,0.26522698962359703,0.1738162435139645
112,0.28048508945964357,0.18024410103878613
113,0.33101219869756204,0.1868987801302438
114,0.3310691864246818,0.188581221732087
115,0.33111839247660446,0.19026195602666787
116,0.3311598088319899,0.19194123964160054
117,0.33119342873933777,0.1936193264409607
118,0.3312192467180883,0.19529646801203526
119,0.33123725855951547,0.1969729141459412
120,0.33124746132741323,0.1986489133134208
121,0.3312498533585742,0.20032471313709999
122,0.3312444342630607,0.2020005608614785
123,0.3312312049242683,0.2036767038219096
124,0.3312101674987816,0.20535338991382246
125,0.33118132541602346,0.20703086806344137
126,0.3311446833776951,0.20870938870126393
127,0.3311002473570098,0.21038920423957125
128,0.33104802459771976,0.21207056955526632
129,0.3309880236129345,0.21375374247935816
130,0.41224941389063297,0.22228618845851644
131,0.314825210208734,0.22856451917537474
132,0.28594594613435687,0.23462880410283588
133,0.2701324686341139,0.24036172818781415
134,0.25865094014829587,0.24565238663256161
135,0.24888756549202234,0.25039843037470266
136,0.23982470292424585,0.2545080460545063
137,0.23101683331218467,0.25790173216645196
138,0.2222666083722742,0.2605138370350097
139,0.2134979933680513,0.2622938288621215
140,0.20469761459563748,0.2632072732770104
141,0.19588286865003807,0.2632364994773796
142,0.18708080412374486,0.26238094207534124
143,0.1783100379884862,0.2606571520349806
144,0.16956003029125666,0.2580984764899684
145,0.16076025351147935,0.2547544136352252
146,0.15172413793103448,0.2506896551724138
147,0.14857761170192155,0.24420659184249088
148,0.14577626649979494,0.2379291414545913
149,0.143347924253489,0.23173994910451542
150,0.14131670236385477,0.22557456325179534
151,0.13970277417861718,0.2194006122653126
152,0.13852216863811512,0.2132057875895116
153,0.13778661108176912,0.2069903501217479
154,0.1375034067963288,0.20076204026111508
155,0.1376753684624553,0.19453224794879867
156,0.13830078822021272,0.18831274887621047
157,0.1393734546309042,0.18211249862076903
158,0.14088271436679325,0.17593399481660332
159,0.14281357801603142,0.1697685777555729
160,0.1451468689519763,0.16358967023593668
161,0.1478594137883846,0.157342149577571
162,0.1509242725289499,0.1509242725289499
163,0.15994580377252696,0.14669044557354521
164,0.16871512307462427,0.14318424824869042
165,0.1774383247841251,0.14047530424455
166,0.18619199495439087,0.1386174059351812
167,0.1949864524249719,0.1376474462060277
168,0.20379947305643667,0.13758468586000427
169,0.21259824887266757,0.1384303711495267
170,0.22135793670870568,0.14016770902927578
171,0.2300827539239981,0.14276220062110986
172,0.23883735357516303,0.1461623262694056
173,0.2478042273845677,0.15030056858346189
174,0.25740802449554373,0.15509475315208485
175,0.268634901808234,0.160449680307352
176,0.2840529831827594,0.16625901553509645
177,0.3124116297523314,0.17240740099362148
178,0.4122725378846245,0.17877274621153755
179,0.41232704788447827,0.1815020177800017
180,0.412374114542839,0.1842271673168609
181,0.41241373018712074,0.18694881180709508
182,0.4124458883593666,0.18966756280701752
183,0.41247058381730184,0.19238402740084876
184,0.4124878125351886,0.1950988091450152
185,0.4124975717044822,0.19781250900279032
186,0.4124998597342884,0.20052572627185425
187,0.4124946762516233,0.20323905950731191
188,0.412482022101474,0.20595310744268797
189,0.41246189934666067,0.20866846991140786
190,0.4124343112675007,0.21138574877127586
191,0.41239926236127356,0.21410554883447674
192,0.41235675834148766,0.21682847880565057
193,0.41230680613694937,0.21955515223063563
194,0.41224941389063297,0.22228618845851644
195,0.4935108041683315,0.2308186344376748
196,0.3479772206342008,0.23681158648558495
197,0.3057303735609048,0.2426002220981615
198,0.2835307943514107,0.2480725587247317
199,0.2682483095762084,0.2531227326947179
200,0.2559247004057271,0.2576530471758526
201,0.24498859516436627,0.2615758621429378
202,0.23472029185380744,0.2648152897952496
203,0.2247668253105542,0.26730866262432745
204,0.2149527828237483,0.26900774573202507
205,0.20519351239910502,0.2698796699462372
206,0.1954485361953024,0.26990756768295326
207,0.18569116093746127,0.2690908992537348
208,0.17588265376991313,0.26744546330611785
209,0.16594244382137605,0.2650030911949699
210,0.15570312905672,0.26181103119726046
211,0.14482758620689656,0.25793103448275867
212,0.14182408389728876,0.25001243744860546
213,0.1391500725679861,0.24256412010179534
214,0.13683210951469404,0.23539050604278505
215,0.13489321589277048,0.22837396048523598
216,0.13335264807958913,0.2214437632163701
217,0.1322257064272917,0.2145583034587209
218,0.13152358330532507,0.20769406933301154
219,0.13125325194195023,0.20083825032942582
220,0.13141739716870732,0.19398323490959382
221,0.1320143887556576,0.18712196009484097
222,0.13303829760222674,0.18024334824450697
223,0.13447895462284812,0.17332709374629363
224,0.13632205174257545,0.16633685279403126
225,0.13854928399961375,0.15921033510643182
226,0.14113853134345805,0.15184358466157977
227,0.14406407832308854,0.14406407832308857
228,0.15493598385041685,0.140022698047475
229,0.16513136853310195,0.1366758733282954
230,0.17501812365431502,0.13409006314252497
231,0.184774632952757,0.13231661475630935
232,0.1944833732127531,0.13139074410575372
233,0.2041801702051953,0.13133083650273136
234,0.21388576402926066,0.13213808155182094
235,0.22363224302351392,0.13379644952794506
236,0.23349331016920077,0.1362730096837867
237,0.24363000792374406,0.1395185841662508
238,0.2543755505565071,0.1434687245569409
239,0.2664206212339,0.14804499164517193
240,0.2812913309972648,0.15315651302065417
241,0.3028789767419218,0.15870178755622844
242,0.3443381700450193,0.16457070094845688
243,0.493532877071687,0.1706467122928313
244,0.4935849093442747,0.1744228138279164
245,0.49362983660907367,0.17819237860705398
246,0.4936676515422517,0.18195638397258965
247,0.4936983479793954,0.18571579917307435
248,0.4937219209165154,0.18947158678966228
249,0.4937383665108619,0.19322470414408924
250,0.49374768208155123,0.1969761046921599
251,0.4937498661100025,0.20072673940660857
252,0.49374491824018585,0.20447755815314533
253,0.4937328392786797,0.20822951106346632
254,0.49371363119453976,0.21198354990899326
255,0.49368729711897796,0.21574062947911044
256,0.493653841344852,0.21950170896768956
257,0.4936132693259655,0.2232677533717299
258,0.493565587676179,0.22703973490600493
259,0.4935108041683315,0.2308186344376748
260,0.57477219444603,0.23935108041683317
261,0.38112923105966756,0.24505865379579522
262,0.3255148009874527,0.25057164009348715
263,0.29692912006870764,0.25578338926164923
264,0.2778456790041208,0.2605930787568742
265,0.26296183531943196,0.26490766397700244
266,0.2501524874044867,0.2686436782313693
267,0.23842375039543018,0.27172884742404724
268,0.22726704224883418,0.27410348821364516
269,0.2164075722794453,0.27572166260192865
270,0.2056894102025726,0.27655206661546394
271,0.19501420374056672,0.27657863588852694
272,0.18430151775117765,0.27580085643212837
273,0.1734552695513401,0.27423377457725506
274,0.16232485735149546,0.2719077058999713
275,0.15064600460196073,0.26886764875929564
276,0.13793103448275862,0.26517241379310347
277,0.13507055609265597,0.25581828305472004
278,0.13252387863617723,0.24719909874899942
279,0.1303162947758991,0.23904106298105474
280,0.12846972942168616,0.2311733577186766
281,0.12700252198056108,0.22348691416742755
282,0.1259292442164683,0.21591081932793016
283,0.12526055552888102,0.2083977885442752
284,0.12500309708757165,0.20091446039773656
285,0.12515942587495937,0.193434221870389
286,0.1257279892911025,0.18593117131347148
287,0.12670314057354928,0.17837419786824493
288,0.12807519487890298,0.17072019267598393
289,0.1298305254691195,0.1629051278324896
290,0.13195169904725118,0.15483099997692698
291,0.13441764889853147,0.1463450197455885
292,0.1372038841172272,0.13720388411722723
293,0.1499261639283068,0.13335495052140475
294,0.16154761399157969,0.1301674984079004
295,0.1725979225245049,0.1277048220405
296,0.1833572709511231,0.12601582357743749
297,0.1939802940005343,0.12513404200547973
298,0.20456086735395398,0.12507698714545845
299,0.21517327918585372,0.1258457919541152
300,0.2259065493383221,0.12742519002661434
301,0.23690386641440347,0.12978381874646353
302,0.24842266227232507,0.132874842063096
303,0.2609468737284465,0.13663688053041992
304,0.2754332179722562,0.140995230138259
305,0.29394776018629554,0.14586334573395637
306,0.32170497030108425,0.15114455957736042
307,0.37626471033770714,0.1567340009032923
308,0.5747932162587496,0.16252067837412507
309,0.5748427708040711,0.16734360987583113
310,0.5748855586753082,0.17215758989724703
311,0.5749215728973825,0.17696395613808422
312,0.5749508075994242,0.1817640355391312
313,0.574973258015729,0.18655914617847577
314,0.574988920486535,0.19135059914316327
315,0.5749977924586203,0.19613970038152945
316,0.5749998724857166,0.20092775254136286
317,0.5749951602287484,0.20571605679897875
318,0.5749836564558855,0.21050591468424468
319,0.5749653630424189,0.21529862990657866
320,0.5749402829704551,0.22009551018694495
321,0.5749084203284305,0.22489786910090237
322,0.5748697803104433,0.22970702793780923
323,0.5748243692154086,0.23452431758137424
324,0.57477219444603,0.23935108041683317
325,0.6560335847237285,0.24788352639599148
326,0.4142812414851344,0.25330572110600547
327,0.3452992284140006,0.25854305808881284
328,0.3103274457860045,0.26349421979856674
329,0.28744304843203333,0.2680634248190305
330,0.2699989702331367,0.2721622807781523
331,0.25531637964460707,0.2757114943198009
332,0.24212720893705297,0.2786424050528449
333,0.22976725918711413,0.28089831380296293
334,0.21786236173514226,0.28243557947183223
335,0.20618530800604015,0.28322446328469075
336,0.19457987128583104,0.2832497040941006
337,0.18291187456489405,0.282510813610522
338,0.17102788533276708,0.28102208584839233
339,0.15870727088161482,0.27881232060497274
340,0.14558888014720142,0.2759242663213309
341,0.1310344827586207,0.2724137931034483
342,0.12831702828802316,0.2616241286608346
343,0.12589768470436838,0.25183407739620345
344,0.12380048003710414,0.2426916199193244
345,0.12204624295060187,0.23397275495211725
346,0.12065239588153304,0.22553006511848503
347,0.1196327820056449,0.21726333519713942
348,0.11899752775243698,0.20910150775553887
349,0.11875294223319308,0.2009906704660473
350,0.1189014545812114,0.19288520883118415
351,0.11944158982654736,0.18474038253210195
352,0.12036798354487183,0.17650504749198292
353,0.12167143513495783,0.16811329160567423
354,0.12333899919566352,0.15947340287094797
355,0.12535411409488864,0.15045166484742215
356,0.1276967664536049,0.14084645482959723
357,0.13034368991136583,0.13034368991136586
358,0.1449163440061967,0.12668720299533454
359,0.15796385945005736,0.12365912348750538
360,0.1701777213946948,0.121319580938475
361,0.18193990894948922,0.11971503239856561
362,0.1934772147883155,0.11887733990520576
363,0.20494156450271264,0.11882313778818553
364,0.2164607943424468,0.11955350235640944
365,0.22818085565313034,0.12105393052528364
366,0.24031442265960615,0.12329462780914036
367,0.25321531662090613,0.1262310999599412
368,0.267518196900386,0.1298050365038989
369,0.28444581471061237,0.13394546863134604
370,0.3066041893753263,0.13857017844725855
371,0.3405309638602466,0.1435873315984924
372,0.4081912506303951,0.14889730085812766
373,0.6560535554458121,0.1543946444554188
374,0.6561006322638676,0.16026440592374586
375,0.6561412807415428,0.1661228011874401
376,0.6561754942525133,0.17197152830357879
377,0.6562032672194529,0.17781227190518806
378,0.6562245951149425,0.1836467055672893
379,0.6562394744622083,0.1894764941422373
380,0.6562479028356892,0.19530329607089902
381,0.6562498788614308,0.20112876567611715
382,0.656245402217311,0.20695455544481217
383,0.6562344736330912,0.21278231830502303
384,0.6562170948902979,0.21861370990416407
385,0.6561932688219324,0.22445039089477947
386,0.6561629993120089,0.23029402923411518
387,0.6561262912949212,0.2361463025038886
388,0.6560831507546381,0.24200890025674351
389,0.6560335847237285,0.24788352639599148
390,0.737294975001427,0.25641597237514985
391,0.4474332519106012,0.26155278841621565
392,0.3650836558405485,0.2665144760841384
393,0.3237257715033014,0.2712050503354843
394,0.2970404178599458,0.27553377088118675
395,0.2770361051468415,0.27941689757930216
396,0.2604802718847275,0.2827793104082324
397,0.24583066747867569,0.2855559626816425
398,0.2322674761253941,0.28769313939228064
399,0.21931715119083922,0.28914949634173576
400,0.20668120580950766,0.28989685995391756
401,0.19414553883109537,0.2899207722996742
402,0.1815222313786104,0.28922077078891556
403,0.16860050111419403,0.28781039711952955
404,0.15508968441173418,0.28571693530997416
405,0.14053175569244208,0.28298088388336606
406,0.12413793103448276,0.2796551724137931
407,0.12156350048339036,0.26742997426694914
408,0.11927149077255951,0.2564690560434075
409,0.11728466529830917,0.24634217685759402
410,0.11562275647951756,0.23677215218555786
411,0.11430226978250498,0.22757321606954248
412,0.11333631979482146,0.2186158510663487
413,0.11273449997599291,0.20980522696680248
414,0.11250278737881449,0.20106688053435803
415,0.11264348328746343,0.1923361957919793
416,0.11315519036199223,0.1835495937507325
417,0.11403282651619435,0.17463589711572086
418,0.11526767539101267,0.16550639053536453
419,0.11684747292220754,0.15604167790940626
420,0.11875652914252607,0.14607232971791728
421,0.12097588400867831,0.13534788991360597
422,0.12348349570550446,0.12348349570550449
423,0.1399065240840866,0.12001945546926428
424,0.15438010490853502,0.11715074856711034
425,0.16775752026488466,0.11493433983644999
426,0.18052254694785533,0.11341424121969372
427,0.19297413557609672,0.11262063780493176
428,0.2053222616514713,0.1125692884309126
429,0.21774830949903987,0.11326121275870367
430,0.23045516196793855,0.11468267102395291
431,0.24372497890480882,0.11680543687181717
432,0.25800797096948713,0.1195873578567864
433,0.27408952007232534,0.12297319247737792
434,0.29345841144896856,0.12689570712443307
435,0.3192606185643571,0.13127701116056073
436,0.359356957419409,0.13603010361962437
437,0.44011779092308295,0.14106060081296304
438,0.7373138946328747,0.14626861053671253
439,0.737358493723664,0.15318520197166058
440,0.7373970028077774,0.16008801247763316
441,0.7374294156076443,0.16697910046907333
442,0.7374557268394818,0.1738605082712449
443,0.7374759322141561,0.1807342649561028
444,0.7374900284378816,0.1876023891413113
445,0.7374980132127582,0.19446689176026855
446,0.737499885237145,0.20132977881087144
447,0.7374956442058737,0.2081930540906456
448,0.7374852908102969,0.2150587219258014
449,0.7374688267381769,0.22192878990174947
450,0.7374462546734096,0.228805271602614
451,0.7374175782955874,0.235690189367328
452,0.737382802279399,0.24258557706996792
453,0.7373419322938677,0.24949348293211282
454,0.737294975001427,0.25641597237514985
455,0.8185563652791255,0.26494841835430816
456,0.48058526233606796,0.2697998557264259
457,0.38486808326709643,0.27448589407946405
458,0.3371240972205982,0.2789158808724018
459,0.3066377872878583,0.28300411694334304
460,0.2840732400605463,0.286671514380452
461,0.2656441641248479,0.2898471264966639
462,0.24953412602029845,0.2924695203104401
463,0.2347676930636741,0.2944879649815984
464,0.2207719406465362,0.29586341321163934
465,0.20717710361297526,0.2965692566231444
466,0.1937112063763597,0.29659184050524784
467,0.1801325881923268,0.2959307279673091
468,0.16617311689562098,0.2945987083906668
469,0.15147209794185357,0.2926215500149756
470,0.13547463123768277,0.2900375014454013
471,0.11724137931034483,0.2868965517241379
472,0.11480997267875757,0.2732358198730637
473,0.11264529684075066,0.2611040346906115
474,0.11076885055951423,0.24999273379586368
475,0.10919927000843324,0.23957154941899844
476,0.10795214368347693,0.22961636702059995
477,0.10703985758399806,0.21996836693555794
478,0.10647147219954887,0.21050894617806615
479,0.10625263252443591,0.20114309060266877
480,0.10638551199371546,0.19178718275277448
481,0.10686879089743712,0.18235880496936296
482,0.1076976694875169,0.1727667467394588
483,0.10886391564706753,0.1628994894650548
484,0.11035594664875156,0.1526099529478646
485,0.11215894419016352,0.14169299458841245
486,0.11425500156375173,0.1298493249976147
487,0.11662330149964312,0.11662330149964313
488,0.13489670416197652,0.11335170794319405
489,0.15079635036701272,0.11064237364671534
490,0.16533731913507457,0.10854909873442499
491,0.1791051849462214,0.10711345004082186
492,0.1924710563638779,0.10636393570465777
493,0.20570295880022993,0.10631543907363968
494,0.21903582465563293,0.10696892316099792
495,0.23272946828274677,0.10831141152262219
496,0.24713553515001146,0.110316245934494
497,0.2628006253180682,0.1129436157536316
498,0.28066084324426477,0.11614134845085694
499,0.30247100818732475,0.11984594561752013
500,0.3319170477533879,0.12398384387386291
501,0.37818295097857135,0.12847287564075635
502,0.47204433121577083,0.13322390076779844
503,0.8185742338199371,0.1381425766180063
504,0.8186163551834604,0.1461059980195753
505,0.818652724874012,0.1540532237678262
506,0.8186833369627751,0.16198667263456787
507,0.8187081864595105,0.16990874463730177
508,0.8187272693133696,0.1778218243449163
509,0.8187405824135547,0.18572828414038534
510,0.8187481235898271,0.19363048744963812
511,0.818749891612859,0.20153079194562576
512,0.8187458861944361,0.209431552736479
513,0.8187361079875025,0.21733512554657977
514,0.818720558586056,0.22524386989933484
515,0.8186992405248867,0.2331601523104485
516,0.8186721572791659,0.2410863495005408
517,0.8186393132638767,0.24902485163604723
518,0.8186007138330972,0.2569780656074821
519,0.8185563652791255,0.26494841835430816
520,0.8998177555568241,0.2734808643334665
521,0.5137372727615348,0.27804692303663614
522,0.4046525106936444,0.28245731207478975
523,0.35052242293789515,0.2866267114093194
524,0.31623515671577074,0.2904744630054994
525,0.2911103749742511,0.29392613118160194
526,0.2708080563649683,0.29691494258509543
527,0.2532375845619212,0.2993830779392378
528,0.2372679100019541,0.3012827905709161
529,0.22222673010223318,0.3025773300815429
530,0.2076730014164428,0.3032416532923712
531,0.19327687392162402,0.3032629087108215
532,0.17874294500604318,0.30264068514570275
533,0.16374573267704795,0.30138701966180403
534,0.14785451147197293,0.29952616471997706
535,0.13041750678292346,0.29709411900743654
536,0.11034482758620691,0.2941379310344828
537,0.10805644487412477,0.2790416654791783
538,0.1060191029089418,0.2657390133378156
539,0.10425303582071928,0.25364329073413333
540,0.10277578353734894,0.24237094665243908
541,0.10160201758444888,0.23165951797165743
542,0.10074339537317464,0.22132088280476725
543,0.10020844442310482,0.2112126653893298
544,0.10000247767005734,0.2012193006709795
545,0.1001275406999675,0.19123816971356963
546,0.10058239143288199,0.18116801618799347
547,0.10136251245883944,0.1708975963631968
548,0.10246015590312238,0.16029258839474514
549,0.1038644203752956,0.14917822798632296
550,0.10556135923780097,0.1373136594589076
551,0.10753411911882517,0.12435076008162343
552,0.10976310729378176,0.10976310729378178
553,0.12988688423986644,0.10668396041712382
554,0.1472125958254904,0.10413399872632031
555,0.16291711800526448,0.1021638576324
556,0.17768782294458754,0.10081265886194998
557,0.1919679771516591,0.1001072336043838
558,0.20608365594898861,0.10006158971636676
559,0.22032333981222602,0.10067663356329216
560,0.235003774597555,0.10194015202129149
561,0.2505460913952142,0.10382705499717083
562,0.26759327966664925,0.1062998736504768
563,0.2872321664162042,0.10930950442433594
564,0.31148360492568095,0.11279618411060718
565,0.3445734769424187,0.1166906765871651
566,0.39700894453773383,0.12091564766188835
567,0.5039708715084587,0.12538720072263385
568,0.8998345730069998,0.13001654269930005
569,0.899874216643257,0.13902679406749002
570,0.8999084469402466,0.1480184350580193
571,0.899937258317906,0.15699424480006247
572,0.8999606460795394,0.1659569810033586
573,0.8999786064125832,0.17490938373372983
574,0.899991136389228,0.1838541791394594
575,0.8999982339668963,0.1927940831390077
576,0.8999998979885733,0.20173180508038008
577,0.8999961281829988,0.21067005138231243
578,0.8999869251647084,0.21961152916735815
579,0.8999722904339351,0.22855894989692027
580,0.899952226376364,0.23751503301828306
581,0.8999267362627444,0.24648250963375362
582,0.8998958242483548,0.2554641262021266
583,0.8998594953723269,0.26446264828285143
584,0.8998177555568241,0.2734808643334665
585,0.9810791458345225,0.2820133103126249
586,0.5468892831870016,0.28629399034684644
587,0.4244369381201923,0.2904287300701154
588,0.363920748655192,0.2943375419462369
589,0.3258325261436832,0.29794480906765564
590,0.2981475098879559,0.30118074798275185
591,0.2759719486050888,0.303982758673527
592,0.25694104310354393,0.30629663556803544
593,0.23976812694023403,0.3080776161602339
594,0.22368151955793014,0.3092912469514465
595,0.20816889921991036,0.309914049961598
596,0.1928425414668883,0.3099339769163952
597,0.17735330181975956,0.30935064232409626
598,0.16131834845847487,0.3081753309329413
599,0.1442369250020923,0.3064307794249785
600,0.12536038232816413,0.3041507365694717
601,0.10344827586206896,0.30137931034482757
602,0.10130291706949196,0.2848475110852928
603,0.09939290897713293,0.2703739919850196
604,0.09773722108192431,0.257293847672403
605,0.09635229706626462,0.2451703438858797
606,0.09525189148542082,0.2337026689227149
607,0.09444693316235123,0.2226733986739765
608,0.09394541664666077,0.21191638460059345
609,0.09375232281567875,0.20129551073929025
610,0.09386956940621952,0.19068915667436478
611,0.09429599196832686,0.17997722740662395
612,0.09502735543016197,0.16902844598693473
613,0.09605639615917722,0.15768568732443544
614,0.09737289410183961,0.1457465030247813
615,0.09896377428543839,0.13293432432940278
616,0.10081323667389859,0.11885219516563214
617,0.10290291308792039,0.1029029130879204
618,0.12487706431775633,0.10001621289105356
619,0.14362884128396808,0.0976256238059253
620,0.16049691687545437,0.09577861653037499
621,0.17627046094295362,0.0945118676830781
622,0.19146489793944027,0.0938505315041098
623,0.20646435309774724,0.09380774035909382
624,0.22161085496881908,0.0943843439655864
625,0.23727808091236324,0.09556889251996076
626,0.2539566476404168,0.09733786405984765
627,0.27238593401523026,0.09965613154732199
628,0.29380348958814356,0.10247766039781493
629,0.32049620166403714,0.10574642260369423
630,0.35722990613144945,0.10939750930046727
631,0.4158349380968962,0.11335841968302032
632,0.5358974118011466,0.11755050067746921
633,0.9810949121940622,0.12189050878059379
634,0.9811320781030535,0.13194759011540472
635,0.9811641690064812,0.1419836463482123
636,0.9811911796730369,0.152001816965557
637,0.9812131056995681,0.16200521736941542
638,0.9812299435117968,0.17199694312254332
639,0.9812416903649013,0.1819800741385334
640,0.9812483443439652,0.19195767882837722
641,0.9812499043642875,0.20193281821513434
642,0.9812463701715614,0.21190855002814585
643,0.9812377423419141,0.22188793278813648
644,0.9812240222818142,0.23187402989450565
645,0.9812052122278414,0.24186991372611755
646,0.9811813152463229,0.25187866976696643
647,0.9811523352328326,0.26190340076820595
648,0.9811182769115565,0.2719472309582207
649,0.9810791458345225,0.2820133103126249
650,1.062340536112221,0.2905457562917832
651,0.5800412936124684,0.2945410576570566
652,0.4442213655467402,0.29840014806544096
653,0.3773190743724889,0.3020483724831544
654,0.33542989557159564,0.3054151551298119
655,0.30518464480166063,0.30843536478390166
656,0.28113584084520915,0.3110505747619585
657,0.26064450164516667,0.3132101931968331
658,0.24226834387851404,0.31487244174955165
659,0.2251363090136271,0.31600516382135
660,0.2086647970233779,0.31658644663082475
661,0.19240820901215266,0.31660504512196885
662,0.17596365863347596,0.3160605995024899
663,0.15889096423990184,0.3149636422040786
664,0.14061933853221167,0.3133353941299799
665,0.1203032578734048,0.3112073541315069
666,0.09655172413793103,0.3086206896551724
667,0.09454938926485917,0.2906533566914074
668,0.09276671504532406,0.2750089706322236
669,0.09122140634312936,0.2609444046106726
670,0.08992881059518032,0.2479697411193203
671,0.08890176538639276,0.23574581987377236
672,0.08815047095152781,0.22402591454318577
673,0.08768238887021672,0.2126201038118571
674,0.08750216796130016,0.20137172080760096
675,0.08761159811247156,0.19014014363515994
676,0.08800959250377174,0.17878643862525445
677,0.0886921984014845,0.16715929561067272
678,0.08965263641523208,0.15507878625412574
679,0.09088136782838364,0.14231477806323964
680,0.09236618933307583,0.1285549891998979
681,0.09409235422897202,0.11335363024964087
682,0.09604271888205904,0.09604271888205905
683,0.11986724439564625,0.09334846536498333
684,0.14004508674244576,0.09111724888553027
685,0.15807671574564425,0.08939337542834999
686,0.17485309894131973,0.08821107650420623
687,0.1909618187272215,0.08759382940383581
688,0.2068450502465059,0.08755389100182091
689,0.22289837012541217,0.08809205436788063
690,0.23955238722717145,0.08919763301863004
691,0.2573672038856195,0.09084867312252447
692,0.27717858836381126,0.0930123894441672
693,0.30037481276008293,0.09564581637129395
694,0.32950879840239333,0.09869666109678128
695,0.3698863353204802,0.10210434201376946
696,0.43466093165605857,0.1058011917041523
697,0.5678239520938344,0.1097138006323046
698,1.0623552513811247,0.11376447486188754
699,1.0623899395628498,0.12486838616331945
700,1.0624198910727158,0.1359488576384054
701,1.0624451010281677,0.14700938913105158
702,1.062465565319597,0.15805345373547228
703,1.0624812806110102,0.16908450251135684
704,1.0624922443405744,0.1801059691376074
705,1.062498454721034,0.19112127451774677
706,1.0624999107400015,0.20213383134988866
707,1.0624966121601238,0.21314704867397927
708,1.0624885595191198,0.22416433640891484
709,1.0624757541296932,0.23518910989209107
710,1.0624581980793184,0.24622479443395207
711,1.0624358942299013,0.25727482990017925
712,1.0624088462173102,0.26834267533428524
713,1.062377058450786,0.27943181363359
714,1.062340536112221,0.2905457562917832
715,1.1436019263899195,0.29907820227094156
716,0.6131933040379351,0.30278812496726687
717,0.4640057929732881,0.30637156606076665
718,0.3907174000897858,0.309759203020072
719,0.34502726499950814,0.31288550119196823
720,0.31222177971536547,0.31568998158505157
721,0.2862997330853295,0.31811839085039006
722,0.26434796018678947,0.3201237508256307
723,0.244768560816794,0.32166726733886936
724,0.2265910984693241,0.3227190806912536
725,0.20916069482684546,0.3232588433000516
726,0.191973876557417,0.32327611332754247
727,0.17457401544719237,0.32277055668088345
728,0.1564635800213288,0.3217519534752158
729,0.13700175206233106,0.3202400088349814
730,0.11524613341864551,0.31826397169354215
731,0.08965517241379312,0.3158620689655173
732,0.08779586146022639,0.296459202297522
733,0.08614052111351521,0.2796439492794277
734,0.08470559160433441,0.26459496154894224
735,0.08350532412409602,0.25076913835276093
736,0.08255163928736471,0.23778897082482983
737,0.0818540087407044,0.22537843041239508
738,0.08141936109377268,0.21332382302312075
739,0.08125201310692158,0.20144793087591173
740,0.0813536268187236,0.18959113059595512
741,0.08172319303921662,0.17759564984388496
742,0.08235704137280704,0.16529014523441066
743,0.08324887667128694,0.15247188518381605
744,0.08438984155492768,0.13888305310169796
745,0.08576860438071328,0.12417565407039308
746,0.08737147178404545,0.10785506533364961
747,0.08918252467619768,0.0891825246761977
748,0.11485742447353615,0.0866807178389131
749,0.13646133220092346,0.08460887396513526
750,0.15565651461583413,0.083008134326325
751,0.17343573693968584,0.08191028532533437
752,0.1904587395150027,0.08133712730356184
753,0.2072257473952646,0.081300041644548
754,0.22418588528200523,0.08179976477017488
755,0.24182669354197966,0.08282637351729934
756,0.2607777601308222,0.0843594821852013
757,0.2819712427123923,0.0863686473410124
758,0.30694613593202236,0.08881397234477297
759,0.3385213951407495,0.09164689958986834
760,0.38254276450951097,0.09481117472707165
761,0.453486925215221,0.09824396372528428
762,0.5997504923865223,0.10187710058713999
763,1.1436155905681873,0.1056384409431813
764,1.1436478010226463,0.11778918221123418
765,1.1436756131389503,0.12991406892859847
766,1.1436990223832986,0.14201696129654612
767,1.1437180249396257,0.15410169010152913
768,1.1437326177102238,0.16617206190017036
769,1.1437427983162476,0.17823186413668146
770,1.1437485650981032,0.19028487020711635
771,1.1437499171157157,0.20233484448464295
772,1.1437468541486864,0.21438554731981269
773,1.1437393766963255,0.22644074002969322
774,1.1437274859775721,0.23850418988967648
775,1.1437111839307956,0.2505796751417866
776,1.1436904732134798,0.26267099003339206
777,1.143665357201788,0.2747819499003646
778,1.1436358399900155,0.2869163963089593
779,1.1436019263899195,0.29907820227094156
780,1.2248633166676182,0.30761064825009987
781,0.6463453144634019,0.3110351922774771
782,0.483790220399836,0.3143429840560923
783,0.40411572580708266,0.31747003355698955
784,0.3546246344274206,0.32035584725412447
785,0.31925891462907025,0.32294459838620143
786,0.29146362532544995,0.32518620693882155
787,0.2680514187284122,0.32703730845442835
788,0.247268777755074,0.32846209292818707
789,0.22804588792502106,0.3294329975611572
790,0.209656592630313,0.32993123996927837
791,0.1915395441026813,0.32994718153311614
792,0.17318437226090871,0.329480513859277
793,0.15403619580275574,0.328540264746353
794,0.13338416559245042,0.32714462353998275
795,0.11018900896388617,0.3253205892555774
796,0.08275862068965517,0.32310344827586207
797,0.08104233365559357,0.3022650479036365
798,0.07951432718170634,0.28427892792663173
799,0.07818977686553945,0.2682455184872119
800,0.0770818376530117,0.25356853558620157
801,0.07620151318833665,0.2398321217758873
802,0.07555754652988098,0.22673094628160434
803,0.07515633331732861,0.2140275422343844
804,0.07500185825254299,0.20152414094422244
805,0.07509565552497562,0.18904211755675027
806,0.07543679357466149,0.17640486106251546
807,0.07602188434412957,0.16342099485814862
808,0.07684511692734178,0.14986498411350632
809,0.07789831528147169,0.1354513281401563
810,0.07917101942835071,0.11979631894088823
811,0.08065058933911887,0.10235650041765834
812,0.08232233047033631,0.08232233047033632
813,0.10984760455142606,0.08001297031284285
814,0.1328775776594011,0.07810049904474023
815,0.153236313486024,0.07662289322429999
816,0.17201837493805194,0.07560949414646248
817,0.18995566030278388,0.07508042520328784
818,0.20760644454402322,0.07504619228727506
819,0.22547340043859831,0.07550747517246911
820,0.2441009998567879,0.0764551140159686
821,0.26418831637602486,0.07787029124787812
822,0.2867638970609733,0.0797249052378576
823,0.3135174591039618,0.08198212831825195
824,0.3475339918791057,0.08459713808295538
825,0.39519919369854173,0.08751800744037382
826,0.4723129187743834,0.09068673574641625
827,0.6316770326792103,0.09404040054197536
828,1.2248759297552498,0.09751240702447503
829,1.2249056624824428,0.11070997825914887
830,1.224931335205185,0.12387928021879151
831,1.2249529437384297,0.1370245334620407
832,1.2249704845596545,0.15014992646758596
833,1.2249839548094374,0.16325962128898386
834,1.224993352291921,0.17635775913575547
835,1.2249986754751723,0.1894484658964859
836,1.22499992349143,0.20253585761939724
837,1.2249970961372492,0.2156240459656461
838,1.2249901938735313,0.22871714365047155
839,1.2249792178254513,0.24181926988726185
840,1.224964169782273,0.2549345558496211
841,1.2249450521970584,0.2680671501666049
842,1.2249218681862661,0.28122122446644393
843,1.224894621529245,0.2944009789843286
844,1.2248633166676182,0.30761064825009987
845,1.3061247069453166,0.31614309422925824
846,0.6794973248888688,0.31928225958768736
847,0.503574647826384,0.3223144020514179
848,0.4175140515243796,0.32518086409390706
849,0.3642220038553331,0.3278261933162808
850,0.3262960495427751,0.33019921518735135
851,0.2966275175655704,0.3322540230272531
852,0.27175487727003494,0.333950866083226
853,0.24976899469335395,0.33525691851750483
854,0.22950067738071805,0.33614691443106076
855,0.21015249043378054,0.3366036366385052
856,0.1911052116479456,0.3366182497386898
857,0.1717947290746251,0.33619047103767064
858,0.15160881158418268,0.3353285760174903
859,0.12976657912256978,0.3340492382449842
860,0.10513188450912683,0.3323772068176126
861,0.07586206896551723,0.3303448275862069
862,0.07428880585096076,0.3080708935097511
863,0.07288813324989747,0.28891390657383575
864,0.07167396212674448,0.27189607542548155
865,0.07065835118192738,0.25636793281964215
866,0.06985138708930859,0.24187527272694476
867,0.06926108431905754,0.2280834621508136
868,0.06889330554088455,0.21473126144564803
869,0.0687517033981644,0.2016003510125332
870,0.06883768423122763,0.18849310451754542
871,0.06915039411010636,0.17521407228114594
872,0.0696867273154521,0.1615518444818866
873,0.07044135718339661,0.14725808304319662
874,0.0714067890080157,0.1320196031786146
875,0.07257343447598814,0.11541698381138338
876,0.07392970689419229,0.09685793550166708
877,0.07546213626447494,0.07546213626447495
878,0.10483778462931596,0.07334522278677261
879,0.1292938231178788,0.0715921241243452
880,0.1508161123562139,0.07023765212227498
881,0.17060101293641805,0.06930870296759059
882,0.1894525810905651,0.06882372310301384
883,0.20798714169278187,0.06879234293000212
884,0.22676091559519135,0.06921518557476335
885,0.24637530617159614,0.07008385451463787
886,0.26759887262122756,0.07138110031055493
887,0.2915565514095544,0.07308116313470278
888,0.3200887822759012,0.07515028429173094
889,0.3565465886174619,0.07754737657604242
890,0.40785562288757254,0.08022484015367598
891,0.49113891233354584,0.08312950776754822
892,0.6636035729718982,0.08620370049681074
893,1.3061362689423124,0.08938637310576876
894,1.3061635239422393,0.10363077430706356
895,1.3061870572714196,0.11784449150898454
896,1.3062068650935605,0.13203210562753523
897,1.3062229441796835,0.14619816283364281
898,1.306235291908651,0.16034718067779735
899,1.3062439062675943,0.1744836541348295
900,1.3062487858522414,0.18861206158585542
901,1.3062499298671442,0.20273687075415156
902,1.3062473381258117,0.21686254461147952
903,1.3062410110507372,0.2309935472712499
904,1.3062309496733304,0.24513434988484728
905,1.3062171556337503,0.2592894365574556
906,1.306199631180637,0.2734633102998177
907,1.306178379170744,0.2876604990325233
908,1.306153403068475,0.30188556165969793
909,1.3061247069453166,0.31614309422925824
910,1.3873860972230152,0.3246755402084166
911,0.7126493353143356,0.3275293268978976
912,0.5233590752529318,0.33028582004674356
913,0.4309123772416764,0.3328916946308246
914,0.37381937328324555,0.33529653937843706
915,0.33333318445647986,0.3374538319885012
916,0.30179140980569075,0.33932183911568464
917,0.2754583358116577,0.34086442371202363
918,0.25226921163163396,0.3420517441068226
919,0.23095546683641502,0.34286083130096434
920,0.2106483882372481,0.343276033307732
921,0.1906708791932099,0.34328931794426343
922,0.17040508588834147,0.3429004282160642
923,0.14918142736560963,0.34211688728862755
924,0.12614899265268917,0.34095385294998565
925,0.10007476005436754,0.3394338243796478
926,0.06896551724137931,0.3375862068965517
927,0.06753527804632797,0.31387673911586567
928,0.06626193931808862,0.29354888522103983
929,0.06515814738794953,0.2755466323637512
930,0.06423486471084308,0.2591673300530828
931,0.06350126099028054,0.24391842367800226
932,0.06296462210823414,0.22943597802002286
933,0.06263027776444051,0.2154349806569117
934,0.06250154854378583,0.20167656108084392
935,0.06257971293747967,0.18794409147834057
936,0.06286399464555123,0.17402328349977644
937,0.06335157028677464,0.15968269410562452
938,0.06403759743945148,0.14465118197288693
939,0.06491526273455973,0.12858787821707296
940,0.06597584952362559,0.11103764868187854
941,0.06720882444926571,0.09135937058567581
942,0.06860194205861359,0.0686019420586136
943,0.09982796470720587,0.06667747526070238
944,0.1257100685763565,0.06508374920395019
945,0.14839591122640378,0.06385241102025
946,0.16918365093478416,0.06300791178871873
947,0.1889495018783463,0.06256702100273986
948,0.20836783884154053,0.06253849357272921
949,0.22804843075178444,0.0629228959770576
950,0.24864961248640433,0.06371259501330717
951,0.2710094288664302,0.06489190937323176
952,0.2963492057581354,0.06643742103154798
953,0.3266601054478406,0.06831844026520996
954,0.3655591853558181,0.07049761506912948
955,0.4205120520766033,0.07293167286697817
956,0.5099649058927083,0.07557227978868021
957,0.695530113264586,0.07836700045164613
958,1.387396608129375,0.08126033918706252
959,1.3874213854020356,0.09655157035497829
960,1.3874427793376543,0.11180970279917761
961,1.3874607864486914,0.1270396777930298
962,1.3874754037997121,0.14224639919969967
963,1.3874866290078645,0.1574347400666109
964,1.3874944602432675,0.17260954913390353
965,1.3874988962293102,0.187775657275225
966,1.3874999362428582,0.20293788388890585
967,1.3874975801143743,0.21810104325731294
968,1.3874918282279427,0.23326995089202826
969,1.3874826815212096,0.24844942988243263
970,1.3874701414852275,0.26364431726529014
971,1.3874542101642153,0.2788594704330305
972,1.3874348901552218,0.2940997735986026
973,1.3874121846077043,0.3093701443350672
974,1.3873860972230152,0.3246755402084166
975,1.4686474875007134,0.3332079861875749
976,0.7458013457398024,0.3357763942081078
977,0.5431435026794798,0.3382572380420692
978,0.4443107029589733,0.34060252516774214
979,0.383416742711158,0.34276688544059336
980,0.34037031937018464,0.34470844878965107
981,0.3069553020458112,0.3463896552041162
982,0.2791617943532805,0.3477779813408212
983,0.2547694285699139,0.3488465696961403
984,0.23241025629211198,0.34957474817086787
985,0.21114428604071564,0.34994842997695874
986,0.19023654673847426,0.3499603861498371
987,0.16901544270205787,0.34961038539445777
988,0.1467540431470366,0.34890519855976476
989,0.12253140618280854,0.34785846765498707
990,0.09501763559960821,0.346490441941683
991,0.06206896551724138,0.3448275862068966
992,0.06078175024169518,0.31968258472198025
993,0.059635745386279755,0.2981838638682438
994,0.05864233264915458,0.2791971893020208
995,0.05781137823975878,0.2619667272865234
996,0.05715113489125249,0.24596157462905968
997,0.05666815989741073,0.23078849388923212
998,0.05636724998799646,0.21613869986817535
999,0.05625139368940724,0.20175277114915469
1000,0.056321741643731715,0.18739507843913572
1001,0.056577595180996115,0.17283249471840695
1002,0.05701641325809718,0.15781354372936252
1003,0.05763383769550633,0.14204428090257723
1004,0.05842373646110377,0.1251561532555313
1005,0.05937826457126304,0.10665831355237369
1006,0.06048794200433914,0.08586080566968454
1007,0.06174174785275223,0.06174174785275224
1008,0.09481814478509579,0.06000972773463214
1009,0.12212631403483418,0.05857537428355517
1010,0.14597571009659366,0.057467169918224995
1011,0.16776628893315026,0.05670712060984686
1012,0.1884464226661275,0.05631031890246588
1013,0.2087485359902992,0.0562846442154563
1014,0.22933594590837753,0.056630606379351835
1015,0.25092391880121256,0.057341335511976455
1016,0.2744199851116329,0.058402718435908586
1017,0.3011418601067164,0.0597936789283932
1018,0.33323142861978,0.061486596238688976
1019,0.3745717820941743,0.06344785356221654
1020,0.4331684812656341,0.06563850558028037
1021,0.5287908994518706,0.06801505180981218
1022,0.727456653557274,0.07053030040648152
1023,1.4686569473164373,0.07313430526835626
1024,1.468679246861832,0.08947236640289302
1025,1.4686985014038887,0.10577491408937069
1026,1.468714707803822,0.12204724995852437
1027,1.468727863419741,0.1382946355657565
1028,1.468737966107078,0.1545222994554244
1029,1.4687450142189407,0.17073544413297753
1030,1.468749006606379,0.18693925296459457
1031,1.4687499426185724,0.20313889702366017
1032,1.4687478221029369,0.21933954190314636
1033,1.4687426454051484,0.23554635451280662
1034,1.4687344133690885,0.2517645098800181
1035,1.4687231273367045,0.26799919797312466
1036,1.4687087891477937,0.2842556305662433
1037,1.4686914011396994,0.3005390481646819
1038,1.468670966146934,0.3168547270104365
1039,1.4686474875007134,0.3332079861875749
1040,1.5499088777784122,0.3417404321667333
1041,0.7789533561652692,0.3440234615183181
1042,0.5629279301060277,0.34622865603739483
1043,0.45770902867627017,0.3483133557046597
1044,0.3930141121390705,0.3502372315027497
1045,0.34740745428388947,0.351963065590801
1046,0.3121191942859316,0.3534574712925477
1047,0.28286525289490316,0.3546915389696189
1048,0.2572696455081939,0.3556413952854581
1049,0.23386504574780898,0.3562886650407715
1050,0.2116401838441832,0.3566208266461856
1051,0.18980221428373856,0.35663145435541077
1052,0.16762579951577425,0.3563203425728514
1053,0.14432665892846355,0.35569350983090203
1054,0.11891381971292792,0.35476308235998855
1055,0.08996051114484888,0.35354705950371823
1056,0.055172413793103434,0.35206896551724143
1057,0.05402822243706237,0.3254884303280948
1058,0.05300955145447088,0.3028188425154479
1059,0.05212651791035962,0.28284774624029047
1060,0.051387891768674455,0.26476612451996406
1061,0.05080100879222442,0.24800472558011716
1062,0.05037169768658731,0.2321410097584414
1063,0.0501042222115524,0.21684241907943896
1064,0.05000123883502865,0.20182898121746543
1065,0.05006377034998373,0.18684606539993087
1066,0.05029119571644098,0.17164170593703743
1067,0.0506812562294197,0.15594439335310045
1068,0.051230077951561176,0.13943737983226753
1069,0.05193221018764778,0.12172442829398963
1070,0.05278067961890046,0.10227897842286884
1071,0.05376705955941256,0.08036224075369325
1072,0.05488155364689086,0.054881553646890874
1073,0.08980832486298569,0.05334198020856189
1074,0.11854255949331186,0.052066999363160144
1075,0.14355550896678357,0.05108192881619998
1076,0.16634892693151637,0.05040632943097498
1077,0.18794334345390867,0.05005361680219188
1078,0.20912923313905787,0.05003079485818336
1079,0.2306234610649706,0.05033831678164606
1080,0.25319822511602075,0.05097007601064572
1081,0.2778305413568356,0.051913527498585396
1082,0.3059345144552975,0.053149936825238386
1083,0.3398027517917194,0.05465475221216797
1084,0.3835843788325305,0.05639809205530358
1085,0.4458249104546649,0.05834533829358253
1086,0.547616893011033,0.060457823830944155
1087,0.7593831938499618,0.0626936003613169
1088,1.5499172865035002,0.06500827134965001
1089,1.5499371083216287,0.08239316245080773
1090,1.5499542234701236,0.09974012537956373
1091,1.5499686291589534,0.11705482212401891
1092,1.54998032303977,0.13434287193181332
1093,1.549989303206292,0.1516098588442379
1094,1.549995568194614,0.16886133913205156
1095,1.5499991169834484,0.1861028486539641
1096,1.5499999489942866,0.20333991015841446
1097,1.5499980640914996,0.22057804054897978
1098,1.5499934625823544,0.237822758133585
1099,1.5499861452169679,0.25507958987760343
1100,1.549976113188182,0.27235407868095923
1101,1.5499633681313725,0.2896517906994561
1102,1.5499479121241777,0.3069783227307613
1103,1.5499297476861638,0.3243393096858058
1104,1.5499088777784122,0.3417404321667333
1105,1.6311702680561107,0.3502728781458916
1106,0.8121053665907361,0.35227052882852833
1107,0.5827123575325756,0.35420007403272047
1108,0.47110735439356705,0.3560241862415772
1109,0.40261148156698295,0.35770757756490595
1110,0.35444458919759425,0.35921768239195084
1111,0.317283086526052,0.3605252873809792
1112,0.28656871143652596,0.3616050965984165
1113,0.2597698624464739,0.3624362208747758
1114,0.23531983520350594,0.363002581910675
1115,0.21213608164765074,0.36329322331541236
1116,0.18936788182900288,0.3633025225609844
1117,0.16623615632949063,0.3630302997512449
1118,0.1418992747098905,0.36248182110203925
1119,0.11529623324304729,0.3616676970649899
1120,0.08490338669008957,0.3606036770657534
1121,0.04827586206896551,0.35931034482758617
1122,0.04727469463242958,0.33129427593420935
1123,0.046383357522662025,0.3074538211626519
1124,0.045610703171564675,0.2864983031785602
1125,0.04496440529759015,0.26756552175340464
1126,0.04445088269319637,0.25004787653117466
1127,0.0440752354757639,0.2334935256276507
1128,0.04384119443510835,0.21754613829070263
1129,0.04375108398065007,0.20190519128577614
1130,0.04380579905623577,0.18629705236072602
1131,0.044004796251885865,0.17045091715566793
1132,0.04434609920074224,0.15407524297683842
1133,0.04482631820761603,0.13683047876195784
1134,0.045440683914191815,0.11829270333244798
1135,0.04618309466653791,0.09789964329336401
1136,0.047046177114485985,0.074863675837702
1137,0.04802135944102951,0.04802135944102952
1138,0.0847985049408756,0.046674232682491656
1139,0.11495880495178953,0.04555862444276513
1140,0.14113530783697345,0.04469668771417499
1141,0.16493156492988248,0.04410553825210311
1142,0.18744026424168989,0.0437969147019179
1143,0.2095099302878165,0.04377694550091045
1144,0.23191097622156367,0.04404602718394031
1145,0.25547253143082904,0.04459881650931501
1146,0.28124109760203825,0.04542433656126223
1147,0.3107271688038785,0.04650619472208359
1148,0.34637407496365885,0.04782290818564698
1149,0.3925969755708867,0.049348330548390634
1150,0.45848133964369564,0.05105217100688472
1151,0.5664428865701954,0.05290059585207614
1152,0.7913097341426497,0.054856900316152285
1153,1.6311776256905626,0.05688223743094376
1154,1.6311949697814252,0.07531395849872244
1155,1.631209945536358,0.0937053366697568
1156,1.631222550514084,0.11206239428951348
1157,1.6312327826597988,0.13039110829787018
1158,1.6312406403055053,0.1486974182330514
1159,1.6312461221702872,0.1669872341311256
1160,1.6312492273605173,0.18526644434333364
1161,1.6312499553700006,0.20354092329316875
1162,1.6312483060800622,0.2218165391948132
1163,1.63124427975956,0.24009916175436335
1164,1.6312378770648468,0.25839466987518883
1165,1.6312290990396592,0.27670895938879375
1166,1.6312179471149508,0.29504795083266894
1167,1.6312044231086553,0.3134175972968406
1168,1.6311885292253931,0.3318238923611751
1169,1.6311702680561107,0.3502728781458916
1170,1.712431658333809,0.35880532412504995
1171,0.8452573770162027,0.36051759613873857
1172,0.6024967849591235,0.3621714920280461
1173,0.4845056801108639,0.36373501677849474
1174,0.4122088509948954,0.36517792362706225
1175,0.361481724111299,0.3664722991931007
1176,0.32244697876617245,0.36759310346941076
1177,0.2902721699781487,0.3685186542272142
1178,0.26227007938475383,0.36923104646409355
1179,0.2367746246592029,0.3697164987805786
1180,0.21263197945111834,0.36996561998463917
1181,0.1889335493742672,0.36997359076655806
1182,0.16484651314320703,0.3697402569296385
1183,0.13947189049131745,0.3692701323731765
1184,0.11167864677316666,0.3685723117699914
1185,0.07984626223533026,0.36766029462778865
1186,0.041379310344827586,0.366551724137931
1187,0.04052116682779679,0.33710012154032387
1188,0.03975716359085317,0.312088799809856
1189,0.039094888432769724,0.2901488601168298
1190,0.03854091882650585,0.2703649189868453
1191,0.038100756594168325,0.2520910274822321
1192,0.03777877326494049,0.23484604149685995
1193,0.03757816665866431,0.21824985750196627
1194,0.037500929126271496,0.20198140135408688
1195,0.03754782776248781,0.1857480393215212
1196,0.037718396787330744,0.16926012837429844
1197,0.038010942172064785,0.15220609260057638
1198,0.03842255846367089,0.13422357769164814
1199,0.038949157640735844,0.11486097837090634
1200,0.039585509714175356,0.09352030816385917
1201,0.04032529466955942,0.06936511092171073
1202,0.041161165235168155,0.04116116523516816
1203,0.07978868501876552,0.040006485156421426
1204,0.11137505041026723,0.039050249522370115
1205,0.13871510670716336,0.038311446612149996
1206,0.1635142029282486,0.03780474707323124
1207,0.1869371850294711,0.03754021260164392
1208,0.20989062743657516,0.03752309614363753
1209,0.23319849137815674,0.037753737586234556
1210,0.2577468377456372,0.0382275570079843
1211,0.28465165384724095,0.03893514562393906
1212,0.3155198231524595,0.0398624526189288
1213,0.3529453981355982,0.04099106415912599
1214,0.4016095723092428,0.04229856904147769
1215,0.4711377688327264,0.04375900372018691
1216,0.5852688801293577,0.045343367873208126
1217,0.8232362744353374,0.04702020027098768
1218,1.712437964877625,0.048756203512237514
1219,1.7124528312412215,0.06823475454663716
1220,1.7124656676025927,0.08767054795994986
1221,1.712476471869215,0.10706996645500803
1222,1.7124852422798273,0.12643934466392703
1223,1.712491977404719,0.1457849776218649
1224,1.7124966761459604,0.16511312913019963
1225,1.7124993377375861,0.1844300400327032
1226,1.7124999617457148,0.20374193642792304
1227,1.7124985480686246,0.22305503784064662
1228,1.7124950969367658,0.2423755653751417
1229,1.7124896089127257,0.26170974987277423
1230,1.7124820848911364,0.2810638400966282
1231,1.7124725260985292,0.30044411096588175
1232,1.7124609340931332,0.31985687186291994
1233,1.7124473107646228,0.3393084750365444
1234,1.712431658333809,0.35880532412504995
1235,1.7936930486115075,0.36733777010420826
1236,0.8784093874416695,0.36876466344894876
1237,0.6222812123856714,0.37014291002337174
1238,0.4979040058281608,0.37144584731541225
1239,0.42180622042280785,0.3726482696892185
1240,0.36851885902500375,0.37372691599425056
1241,0.3276108710062928,0.3746609195578423
1242,0.29397562851977144,0.3754322118560118
1243,0.26477029632303384,0.37602587205341126
1244,0.23822941411489987,0.37643041565048213
1245,0.21312787725458587,0.3766380166538659
1246,0.18849921691953156,0.3766446589721317
1247,0.1634568699569234,0.37645021410803203
1248,0.1370445062727444,0.37605844364431373
1249,0.10806106030328604,0.37547692647499276
1250,0.07478913778057095,0.3747169121898239
1251,0.03448275862068966,0.3737931034482758
1252,0.033767639023163994,0.34290596714643845
1253,0.033130969659044315,0.31672377845705996
1254,0.032579073693974774,0.29379941705509943
1255,0.03211743235542155,0.2731643162202859
1256,0.03175063049514028,0.25413417843328956
1257,0.03148231105411708,0.2361985573660692
1258,0.03131513888222026,0.21895357671322993
1259,0.03125077427189292,0.20205761142239764
1260,0.03128985646873984,0.18519902628231635
1261,0.03143199732277562,0.1680693395929289
1262,0.03167578514338733,0.15033694222431435
1263,0.032018798719725745,0.13161667662133844
1264,0.032457631367279874,0.11142925340936466
1265,0.0329879247618128,0.08914097303435434
1266,0.033604412224632854,0.06386654600571946
1267,0.0343009710293068,0.034300971029306807
1268,0.07477886509665543,0.033338737630351195
1269,0.10779129586874492,0.0325418746019751
1270,0.13629490557735324,0.031926205510125004
1271,0.1620968409266147,0.03150395589435937
1272,0.18643410581725228,0.03128351050136994
1273,0.21027132458533382,0.03126924678636461
1274,0.2344860065347498,0.031461447988528804
1275,0.2600211440604454,0.03185629750665359
1276,0.2880622100924436,0.03244595468661589
1277,0.3203124775010405,0.033218710515774005
1278,0.3595167213075376,0.034159220132605
1279,0.4106221690475991,0.03524880753456475
1280,0.48379419802175716,0.03646583643348909
1281,0.6040948736885202,0.03778613989434011
1282,0.8551628147280254,0.03918350022582308
1283,1.7936983040646874,0.040630169593531267
1284,1.7937106927010178,0.06115555059455189
1285,1.793721389668827,0.08163575925014294
1286,1.7937303932243456,0.1020775386205026
1287,1.7937377018998562,0.12248758102998389
1288,1.7937433145039323,0.14287253701067842
1289,1.7937472301216335,0.16323902412927366
1290,1.7937494481146552,0.18359363572207277
1291,1.793749968121429,0.20394294956267733
1292,1.7937487900571871,0.22429353648648004
1293,1.7937459141139713,0.24465196899592007
1294,1.7937413407606047,0.26502482987035964
1295,1.7937350707426136,0.28541872080446273
1296,1.7937271050821078,0.30584027109909456
1297,1.7937174450776108,0.3262961464289993
1298,1.7937060923038521,0.34679305771191365
1299,1.7936930486115075,0.36733777010420826
1300,1.874954438889206,0.3758702160833666
1301,0.9115613978671364,0.37701173075915906
1302,0.6420656398122193,0.3781143280186974
1303,0.5113023315454577,0.37915667785232987
1304,0.4314035898507203,0.38011861575137484
1305,0.3755559939387086,0.3809815327954005
1306,0.33277476324641325,0.3817287356462738
1307,0.2976790870613942,0.3823457694848095
1308,0.2672705132613138,0.382820697642729
1309,0.23968420357059683,0.3831443325203857
1310,0.2136237750580534,0.3833104133230928
1311,0.18806488446479586,0.3833157271777054
1312,0.16206722677063978,0.38316017128642565
1313,0.13461712205417137,0.382846754915451
1314,0.10444347383340541,0.38238154117999423
1315,0.06973201332581161,0.3817735297518591
1316,0.027586206896551717,0.3810344827586207
1317,0.027014111218531187,0.34871181275255303
1318,0.02650477572723544,0.32135875710426404
1319,0.02606325895517981,0.2974499739933691
1320,0.025693945884337228,0.2759637134537265
1321,0.02540050439611221,0.25617732938434706
1322,0.025185848843293654,0.2375510732352785
1323,0.0250521111057762,0.2196572959244936
1324,0.025000619417514323,0.20213382149070835
1325,0.025031885174991865,0.18465001324311153
1326,0.02514559785822049,0.16687855081155945
1327,0.02534062811470985,0.14846779184805228
1328,0.025615038975780588,0.12900977555102874
1329,0.02596610509382389,0.10799752844782301
1330,0.02639033980945023,0.08476163790484947
1331,0.026883529779706265,0.05836798108972818
1332,0.02744077682344543,0.027440776823445437
1333,0.06976904517454532,0.026670990104280944
1334,0.1042075413272226,0.026033499681580072
1335,0.13387470444754312,0.02554096440809999
1336,0.1606794789249808,0.02520316471548749
1337,0.1859310266050335,0.02502680840109594
1338,0.21065202173409248,0.02501539742909168
1339,0.23577352169134289,0.02516915839082303
1340,0.26229545037525365,0.02548503800532286
1341,0.2914727663376463,0.025956763749292698
1342,0.3251051318496216,0.026574968412619193
1343,0.36608804447947707,0.027327376106084
1344,0.41963476578595527,0.02819904602765179
1345,0.496450627210788,0.029172669146791265
1346,0.6229208672476826,0.030228911915472077
1347,0.8870893550207133,0.03134680018065845
1348,1.87495864325175,0.032504135674825005
1349,1.8749685541608143,0.0540763466424666
1350,1.8749771117350618,0.07560097054033599
1351,1.8749843145794767,0.09708511078599716
1352,1.874990161519885,0.11853581739604072
1353,1.874994651603146,0.13996009639949192
1354,1.8749977840973069,0.16136491912834766
1355,1.8749995584917243,0.18275723141144232
1356,1.8749999744971433,0.20414396269743165
1357,1.87499903204575,0.22553203513231346
1358,1.8749967312911773,0.24692837261669842
1359,1.8749930726084838,0.26833990986794504
1360,1.8749880565940908,0.2897736015122973
1361,1.8749816840656863,0.3112364312323074
1362,1.8749739560620888,0.33273542099507863
1363,1.8749648738430817,0.35427764038728293
1364,1.874954438889206,0.3758702160833666
1365,1.9562158291669047,0.38440266206252494
1366,0.9447134082926032,0.38525879806936925
1367,0.6618500672387673,0.38608574601402296
1368,0.5247006572627545,0.3868675083892473
1369,0.4410009592786328,0.3875889618135311
1370,0.38259312885241337,0.38823614959655034
1371,0.3379386554865337,0.3887965517347053
1372,0.3013825456030169,0.38925932711360706
1373,0.2697707301995938,0.38961552323204673
1374,0.24113899302629382,0.38985824939028924
1375,0.21411967286152098,0.38998280999231955
1376,0.18763055201006018,0.389986795383279
1377,0.16067758358435616,0.3898701284648192
1378,0.13218973783559831,0.3896350661865882
1379,0.10082588736352478,0.38928615588499565
1380,0.0646748888710523,0.38883014731389426
1381,0.020689655172413793,0.38827586206896547
1382,0.020260583413898393,0.3545176583586676
1383,0.019878581795426585,0.32599373575146806
1384,0.019547444216384862,0.30110053093163874
1385,0.019270459413252925,0.27876311068716714
1386,0.019050378297084163,0.2582204803354045
1387,0.018889386632470244,0.23890358910448778
1388,0.018789083329332153,0.22036101513575723
1389,0.018750464563135748,0.2022100315590191
1390,0.018773913881243904,0.18410100020390668
1391,0.018859198393665372,0.16568776203018992
1392,0.019005471086032392,0.14659864147179028
1393,0.019211279231835444,0.12640287448071902
1394,0.019474578820367922,0.10456580348628135
1395,0.019792754857087678,0.08038230277534464
1396,0.020162647334779696,0.05286941617373692
1397,0.020580582617584078,0.02058058261758408
1398,0.06475922525243524,0.020003242578210713
1399,0.10062378678570028,0.019525124761185057
1400,0.131454503317733,0.019155723306074998
1401,0.1592621169233469,0.01890237353661562
1402,0.18542794739281468,0.01877010630082196
1403,0.21103271888285116,0.018761548071818766
1404,0.23706103684793595,0.018876868793117278
1405,0.2645697566900619,0.01911377850399215
1406,0.29488332258284894,0.01946757281196953
1407,0.32989778619820265,0.0199312263094644
1408,0.37265936765141644,0.02049553207956301
1409,0.42864736252431146,0.021149284520738845
1410,0.5091070563998188,0.021879501860093454
1411,0.641746860806845,0.022671683936604063
1412,0.9190158953134011,0.02351010013549384
1413,1.9562189824388128,0.024378101756118757
1414,1.9562264156206108,0.04699714269038131
1415,1.9562328338012964,0.06956618183052904
1416,1.9562382359346075,0.09209268295149171
1417,1.956242621139914,0.11458405376209756
1418,1.9562459887023596,0.13704765578830544
1419,1.95624833807298,0.1594908141274217
1420,1.9562496688687934,0.18192082710081187
1421,1.9562499808728573,0.20434497583218594
1422,1.9562492740343125,0.22677053377814688
1423,1.956247548468383,0.24920477623747678
1424,1.9562448044563632,0.27165498986553044
1425,1.956241042445568,0.2941284822201318
1426,1.956236263049265,0.3166325913655202
1427,1.9562304670465667,0.339174695561158
1428,1.9562236553823116,0.36176222306265227
1429,1.9562158291669047,0.38440266206252494
1430,2.037477219444603,0.3929351080416833
1431,0.9778654187180699,0.3935058653795795
1432,0.6816344946653151,0.39405716400934865
1433,0.5380989829800514,0.3945783389261649
1434,0.45059832870654526,0.3950593078756874
1435,0.38963026376611815,0.3954907663977002
1436,0.34310254772665405,0.39586436782313683
1437,0.3050860041446397,0.3961728847424047
1438,0.27227094713787375,0.3964103488213645
1439,0.2425937824819908,0.3965721662601928
1440,0.21461557066498851,0.39665520666154636
1441,0.1871962195553245,0.3966578635888527
1442,0.15928794039807256,0.3965800856432128
1443,0.12976235361702526,0.3964233774577255
1444,0.09720830089364416,0.3961907705899971
1445,0.05961776441629298,0.3958867648759295
1446,0.013793103448275869,0.3955172413793103
1447,0.013507055609265602,0.3603235039647822
1448,0.013252387863617729,0.33062871439867214
1449,0.013031629477589913,0.30475108786990834
1450,0.012846972942168623,0.2815625079206077
1451,0.012700252198056114,0.26026363128646196
1452,0.012592924421646836,0.24025610497369704
1453,0.012526055552888108,0.22106473434702087
1454,0.01250030970875717,0.20228624162732983
1455,0.012515942587495941,0.18355198716470184
1456,0.012572798929110254,0.16449697324882043
1457,0.012670314057354934,0.1447294910955282
1458,0.012807519487890303,0.12379597341040935
1459,0.012983052546911953,0.10113407852473968
1460,0.013195169904725124,0.07600296764583979
1461,0.013441764889853127,0.04737085125774566
1462,0.013720388411722725,0.013720388411722727
1463,0.059749405330325155,0.01333549505214048
1464,0.09704003224417797,0.013016749840790045
1465,0.12903430218792292,0.012770482204050004
1466,0.15784475492171302,0.012601582357743753
1467,0.1849248681805959,0.012513404200547978
1468,0.2114134160316098,0.012507698714545849
1469,0.238348552004529,0.012584579195411524
1470,0.2668440630048701,0.01274251900266144
1471,0.29829387882805164,0.012978381874646358
1472,0.33469044054678365,0.013287484206309605
1473,0.3792306908233558,0.013663688053042022
1474,0.43765995926266765,0.014099523013825903
1475,0.5217634855888494,0.014586334573395643
1476,0.6605728543660073,0.015114455957736049
1477,0.950942435606089,0.015673400090329234
1478,2.037479321625875,0.016252067837412513
1479,2.037484277080407,0.039917938738296035
1480,2.037488555867531,0.0635313931207221
1481,2.037492157289738,0.08710025511698627
1482,2.0374950807599426,0.1106322901281544
1483,2.037497325801573,0.13413521517711896
1484,2.037498892048653,0.15761670912649572
1485,2.037499779245862,0.18108442279018144
1486,2.0374999872485713,0.20454598896694026
1487,2.0374995160228746,0.2280090324239803
1488,2.0374983656455883,0.25148117985825513
1489,2.037496536304242,0.27497006986311584
1490,2.037494028297045,0.29848336292796634
1491,2.037490842032843,0.322028751498733
1492,2.037486978031044,0.34561397012723727
1493,2.037482436921541,0.36924680573802154
1494,2.037477219444603,0.3929351080416833
1495,2.1187386097223015,0.4014675540208416
1496,1.0110174291435368,0.40175293268978973
1497,0.7014189220918631,0.4020285820046743
1498,0.5514973086973483,0.4022891694630824
1499,0.46019569813445776,0.4025296539378437
1500,0.396667398679823,0.40274538319885006
1501,0.3482664399667745,0.4029321839115684
1502,0.30878946268626245,0.40308644237120234
1503,0.2747711640761537,0.4032051744106822
1504,0.24404857193768778,0.4032860831300964
1505,0.21511146846845608,0.40332760333077317
1506,0.18676188710058883,0.4033289317944263
1507,0.15789829721178894,0.40329004282160635
1508,0.12733496939845224,0.4032116887288627
1509,0.09359071442376353,0.40309538529499855
1510,0.05456063996153366,0.4029433824379647
1511,0.006896551724137925,0.4027586206896551
1512,0.0067535278046327914,0.3661293495708967
1513,0.006626193931808856,0.33526369304587617
1514,0.006515814738794948,0.308401644808178
1515,0.006423486471084303,0.28436190515404836
1516,0.006350126099028048,0.26230678223751946
1517,0.006296462210823409,0.24160862084290632
1518,0.006263027776444045,0.2217684535582845
1519,0.006250154854378577,0.20236245169564057
1520,0.006257971293747963,0.183002974125497
1521,0.006286399464555118,0.1633061844674509
1522,0.006335157028677459,0.14286034071926618
1523,0.006403759743945143,0.12118907234009964
1524,0.006491526273455968,0.09770235356319802
1525,0.0065975849523625535,0.07162363251633495
1526,0.00672088244492654,0.04187228634175438
1527,0.006860194205861353,0.006860194205861354
1528,0.05473958540821506,0.0066677475260702316
1529,0.09345627770265565,0.006508374920395014
1530,0.1266141010581128,0.006385241102024993
1531,0.15642739292007912,0.006300791178871868
1532,0.18442178896837708,0.006256702100273981
1533,0.21179411318036845,0.006253849357272917
1534,0.2396360671611221,0.006292289597705754
1535,0.2691183693196783,0.006371259501330711
1536,0.30170443507325434,0.00648919093732317
1537,0.3394830948953647,0.006643742103154794
1538,0.3858020139952953,0.0068318440265210155
1539,0.44667255600102385,0.007049761506912942
1540,0.5344199147778803,0.007293167286697812
1541,0.6793988479251697,0.007557227978868014
1542,0.9828689758987769,0.007836700045164607
1543,2.1187396608129374,0.008126033918706246
1544,2.1187421385402034,0.032838734786210744
1545,2.1187442779337653,0.057496604410915156
1546,2.118746078644869,0.08210782728248084
1547,2.1187475403799714,0.10668052649421125
1548,2.1187486629007863,0.13122277456593245
1549,2.1187494460243266,0.15574260412556973
1550,2.118749889622931,0.180248018479551
1551,2.1187499936242853,0.20474700210169453
1552,2.1187497580114374,0.22924753106981371
1553,2.1187491828227945,0.2537575834790335
1554,2.118748268152121,0.27828514986070124
1555,2.1187470141485223,0.30283824363580086
1556,2.1187454210164214,0.3274249116319458
1557,2.118743489015522,0.3520532446933166
1558,2.1187412184607703,0.3767313884133909
1559,2.1187386097223015,0.4014675540208416
1560,2.2,0.41
1561,1.0441694395690035,0.41
1562,0.7212033495184109,0.4099999999999999
1563,0.5648956344146452,0.41
1564,0.4697930675623702,0.41
1565,0.40370453359352776,0.41
1566,0.3534303322068949,0.4099999999999999
1567,0.3124929212278852,0.41
1568,0.2772713810144337,0.41
1569,0.24550336139338474,0.41
1570,0.21560736627192362,0.41
1571,0.18632755464585316,0.41
1572,0.15650865402550532,0.41
1573,0.12490758517987918,0.41
1574,0.0899731279538829,0.41
1575,0.04950351550677434,0.4099999999999999
1576,0.0,0.41
1577,0.0,0.3719351951770113
1578,0.0,0.3398986716930802
1579,0.0,0.31205220174644765
1580,0.0,0.287161302387489
1581,0.0,0.2643499331885769
1582,0.0,0.24296113671211558
1583,0.0,0.22247217276954817
1584,0.0,0.2024386617639513
1585,0.0,0.18245396108629214
1586,0.0,0.1621153956860814
1587,0.0,0.14099119034300414
1588,0.0,0.11858217126978994
1589,0.0,0.09427062860165636
1590,0.0,0.0672442973868301
1591,-2.7755575615628914e-17,0.03637372142576312
1592,0.0,0.0
1593,0.04972976548610497,0.0
1594,0.08987252316113334,0.0
1595,0.12419389992830268,0.0
1596,0.15501003091844523,0.0
1597,0.1839187097561583,0.0
1598,0.2121748103291271,0.0
1599,0.24092358231771516,0.0
1600,0.27139267563448655,0.0
1601,0.305114991318457,0.0
1602,0.3442757492439457,0.0
1603,0.39237333716723466,2.7755575615628914e-17
1604,0.45568515273938004,0.0
1605,0.5470763439669111,0.0
1606,0.6982248414843322,0.0
1607,1.0147955161914648,0.0
1608,2.2,0.0
1609,2.2,0.025759530834125466
1610,2.2,0.05146181570110822
1611,2.2,0.0771153994479754
1612,2.2,0.1027287628602681
1613,2.2,0.12831033395474598
1614,2.1999999999999997,0.15386849912464376
1615,2.2,0.17941161416892054
1616,2.1999999999999997,0.20494801523644884
1617,2.2,0.23048602971564713
1618,2.2,0.25603398709981184
1619,2.2,0.28160022985828664
1620,2.1999999999999997,0.3071931243436354
1621,2.2,0.3328210717651586
1622,2.2,0.35849251925939596
1623,2.2,0.38421597108876016
1624,2.2,0.41
