x_m,wall_shear_pa,local_cf,local_yplus
7.812500000000000000e-03,2.289322802012484434e-02,4.578645604024968868e-02,2.090155123508769641e+00
2.343750000000000000e-02,9.745687262281296781e-03,1.949137452456259356e-02,1.363738927459120731e+00
3.906250000000000000e-02,6.569259548606229925e-03,1.313851909721245985e-02,1.119652392769593829e+00
5.468750000000000694e-02,5.410474807969459753e-03,1.082094961593891951e-02,1.016114600280513924e+00
7.031250000000002776e-02,4.776509914945147386e-03,9.553019829890294773e-03,9.547295041566472573e-01
8.593749999999997224e-02,4.353301100226313752e-03,8.706602200452627505e-03,9.114531607937004232e-01
1.015625000000000555e-01,4.050777699104413446e-03,8.101555398208826891e-03,8.792132152456616501e-01
1.171875000000000416e-01,3.825201285420505234e-03,7.650402570841010469e-03,8.543821149885371113e-01
1.328125000000000000e-01,3.651401726135924692e-03,7.302803452271849384e-03,8.347468912127785634e-01
1.484375000000000278e-01,3.514167177255307986e-03,7.028334354510615972e-03,8.189100690472407296e-01
1.640624999999998890e-01,3.403780771714542876e-03,6.807561543429085753e-03,8.059457182363960470e-01
1.796875000000000000e-01,3.313691424637377897e-03,6.627382849274755794e-03,7.952085373524000467e-01
1.953125000000001110e-01,3.239286545491850550e-03,6.478573090983701099e-03,7.862301349744609258e-01
2.109374999999997502e-01,3.177211204482403330e-03,6.354422408964806659e-03,7.786603215382514875e-01
2.265625000000000833e-01,3.124959576780828897e-03,6.249919153561657795e-03,7.722309507017190988e-01
2.421875000000000833e-01,3.080616069432859632e-03,6.161232138865719264e-03,7.667323551060122311e-01
2.578124999999999445e-01,3.042692921484639948e-03,6.085385842969279896e-03,7.619984082377982970e-01
2.734375000000000555e-01,3.010019604515897906e-03,6.020039209031795811e-03,7.578960858388440469e-01
2.890625000000001665e-01,2.981661515195597589e-03,5.963323030391195177e-03,7.543174802125106604e-01
3.046875000000002776e-01,2.956866213241238737e-03,5.913732426482477475e-03,7.511745049866287438e-01
3.203124999999996669e-01,2.935026083212864418e-03,5.870052166425728836e-03,7.483951848744564428e-01
3.359374999999997224e-01,2.915644879507331335e-03,5.831289759014662670e-03,7.459201090455245264e-01
3.515625000000003331e-01,2.898312397878950383e-03,5.796624795757900767e-03,7.436996880911307395e-01
3.671874999999996669e-01,2.882690829495397102e-03,5.765381658990794203e-03,7.416927525269791932e-01
3.828125000000000555e-01,2.868501142931496363e-03,5.737002285862992726e-03,7.398650555020340747e-01
3.984374999999998890e-01,2.855508832596495745e-03,5.711017665192991491e-03,7.381876174966049975e-01
4.140625000000002776e-01,2.843517056906265557e-03,5.687034113812531114e-03,7.366359687106867060e-01
4.296874999999993339e-01,2.832363035751320375e-03,5.664726071502640750e-03,7.351897796514141881e-01
4.453125000000008882e-01,2.821911011658965324e-03,5.643822023317930647e-03,7.338320222935440507e-01
4.609374999999994449e-01,2.812045231803516915e-03,5.624090463607033831e-03,7.325481114811724925e-01
4.765625000000001665e-01,2.802668172463091030e-03,5.605336344926182060e-03,7.313257123757733735e-01
4.921875000000001110e-01,2.793699424101237817e-03,5.587398848202475635e-03,7.301546261683158345e-01
5.078124999999998890e-01,2.785071056301150882e-03,5.570142112602301764e-03,7.290262093863726367e-01
5.234374999999998890e-01,2.776723489926759790e-03,5.553446979853519580e-03,7.279328510099080107e-01
5.390624999999995559e-01,2.768605388589025044e-03,5.537210777178050089e-03,7.268679703616495180e-01
5.546875000000006661e-01,2.760674057452005246e-03,5.521348114904010493e-03,7.258260802207081586e-01
5.703124999999991118e-01,2.752893677077328412e-03,5.505787354154656824e-03,7.248025643414081065e-01
5.859375000000005551e-01,2.745233584950359119e-03,5.490467169900718238e-03,7.237934585272114418e-01
6.015624999999987788e-01,2.737668425468350181e-03,5.475336850936700361e-03,7.227954759641342930e-01
6.171875000000013323e-01,2.730177540076116505e-03,5.460355080152233011e-03,7.218059319343851366e-01
6.328124999999993339e-01,2.722742603810556893e-03,5.445485207621113787e-03,7.208224355078063361e-01
6.484375000000002220e-01,2.715345804984796788e-03,5.430691609969593575e-03,7.198426505223118887e-01
6.640625000000011102e-01,2.707970107980230308e-03,5.415940215960460616e-03,7.188643309986949559e-01
6.796874999999977796e-01,2.700600523537224906e-03,5.401201047074449813e-03,7.178854906755994802e-01
6.953125000000018874e-01,2.693225332957583425e-03,5.386450665915166851e-03,7.169045677323984123e-01
7.109374999999994449e-01,2.685836142453061973e-03,5.371672284906123945e-03,7.159204349104094645e-01
7.265625000000016653e-01,2.678426360649830123e-03,5.356852721299660246e-03,7.149321992616968213e-01
7.421874999999970024e-01,2.670989863883261282e-03,5.341979727766522565e-03,7.139390253405389908e-01
7.578125000000009992e-01,2.663519606379705171e-03,5.327039212759410343e-03,7.129399495441673951e-01
7.734375000000014433e-01,2.656007604545722236e-03,5.312015209091444472e-03,7.119338770390062354e-01
7.890625000000005551e-01,2.648447061667039484e-03,5.296894123334078969e-03,7.109198659036350953e-01
8.046875000000012212e-01,2.640834784757919561e-03,5.281669569515839123e-03,7.098974529576987935e-01
8.203125000000001110e-01,2.633172335255132713e-03,5.266344670510265426e-03,7.088668120212907597e-01
8.359375000000009992e-01,2.625464679580151364e-03,5.250929359160302727e-03,7.078285766300836945e-01
8.515624999999997780e-01,2.617718243672550234e-03,5.235436487345100469e-03,7.067835808181788249e-01
8.671874999999995559e-01,2.609939301640285154e-03,5.219878603280570309e-03,7.057326428205606961e-01
8.828124999999993339e-01,2.602139511010722727e-03,5.204279022021445454e-03,7.046773145222376966e-01
8.984375000000042188e-01,2.594325193403293570e-03,5.188650386806587141e-03,7.036184334264272699e-01
9.140624999999990008e-01,2.586571834270120183e-03,5.173143668540240367e-03,7.025662352462710425e-01
9.296874999999966693e-01,2.578734098251130383e-03,5.157468196502260765e-03,7.015009823181396209e-01
9.453124999999985567e-01,2.571713290637220230e-03,5.143426581274440461e-03,7.005453854890071330e-01
9.609374999999978906e-01,2.562104118590546615e-03,5.124208237181093230e-03,6.992353714361493333e-01
9.765624999999982236e-01,2.563869870102947028e-03,5.127739740205894056e-03,6.994762795339873884e-01
9.921875000000022204e-01,2.526955888473100646e-03,5.053911776946201292e-03,6.944225774821563002e-01
