face,p
26338,-0.4870316922626405
26407,-0.5240454946039588
26475,-0.4903108760830947
26544,-0.4948050375614903
26590,-0.49688920822371757
26636,-0.49894710835301465
26682,-0.4997507520044605
26728,-0.49939417025329447
26774,-0.501477422094363
26820,-0.5017474866288357
26866,-0.43293125288882545
26935,-0.5194524061322622
27004,-0.43703111268594047
27050,-0.4442511148954797
27096,-0.5205309549302612
27142,-0.4495261758049435
27188,-0.45634170272238883
27234,-0.5212266039402111
27280,-0.45986067353757876
27326,-0.4657542819868264
27372,-0.5212910351790421
27418,-0.47031156829688353
27464,-0.4731972079899296
27510,-0.5313786044860513
27533,-0.38123223021613845
27602,-0.5086832114211923
27671,-0.39022542588708853
27717,-0.39569182971362005
27763,-0.5134679561182977
27809,-0.4035384623720959
27855,-0.40773395936814016
27901,-0.5168332113668874
27947,-0.4155208159516703
27993,-0.4192978857434911
28039,-0.5176845014345169
28062,-0.4263674889680856
28085,-0.507933774191114
28131,-0.487438439549653
28154,-0.505825642097171
28200,-0.19467349954938912
28269,-0.5035588979336812
28292,-0.48190623925712245
28338,-0.4789489202799239
28361,-0.35173083533419114
28430,-0.34299993629864045
28476,-0.3747040898889825
28522,-0.3663452748397267
28568,-0.3576049395300041
28591,0.027189181826135257
28660,0.0334340551107383
28706,0.03495987579955677
28752,0.03610211180690425
28798,0.0336865649191036
28844,-0.33398608131856916
28890,-0.32585707003839665
28936,-0.31527283550901974
28982,-0.30799553853332573
29028,-0.2960606412893227
29074,-0.2882299443868764
29120,-0.27407744391947736
29166,-0.26232938549400686
29212,-0.247062294470163
29258,-0.23226260499122553
29304,-0.2181784791061142
29350,-0.19843046202860476
29396,-0.17756445048668326
29442,-0.15217397679755396
29488,-0.12098664834504733
29534,-0.07773800465455284
29580,-0.040874969340613264
29626,0.005097415450946274
29672,0.07144440187194487
29718,0.11046113297232851
29764,0.2004313908123262
29810,0.21323186446993023
29856,0.23063406841688208
29901,0.38614172573071365
29968,0.4461048928130216
30035,0.524807539435308
30103,0.45274278329466106
30149,0.5027068886792448
30195,0.45341695218411887
30241,0.4068621183052788
30287,0.34505304768228945
30333,0.2796555220313894
30379,0.2100781602551641
30425,0.16337018885549007
30471,0.10792685441457592
30517,0.0824164992156178
30563,0.05285454982054416
30609,0.04535297364293106
30655,0.031490943340969364
30701,0.02337725516610211
30747,0.022877792815314348
30793,0.02227214987004939
30839,0.024790168457564075
30862,-0.01312170483729262
30931,0.0005220884534785136
30977,0.007087511311349724
31023,0.012433765186770813
31069,0.025054650471870055
31115,0.029507581720203544
31161,0.024172923527659654
31207,0.027405573274084497
31253,0.028770314287419187
31299,0.023336146277013827
31345,0.02338624270250556
31391,-0.008042621485179206
31437,-0.044861053804745074
31483,-0.094574833227426
31529,-0.15456947699752938
31574,-0.17502138890562002
31642,-0.17653811998828794
31688,-0.17887624903336516
31734,-0.1796409853058445
31780,-0.181828445564164
31826,-0.18262161515080225
31872,-0.1834854116473682
31918,-0.1838191402846032
31964,-0.18446574089369952
32010,-0.18502717195668805
32056,-0.18575199874985093
32102,-0.18600473996546968
32148,-0.18638485576237773
32194,-0.18674005990395817
32240,-0.18727130765942188
32286,-0.18790057500174118
32332,-0.18837920611558107
32378,-0.1889884241524063
32424,-0.18974752177680934
32470,-0.18991986957038773
32516,-0.19062375252144978
32562,-0.19176187006701428
32608,-0.19219964753796948
32654,-0.19264694396634954
32700,-0.19251239265616393
32746,-0.19387226680243236
32792,-0.1941697173812259
32838,-0.1946826196394388
32861,-0.6505630753682057
32930,-0.6517470346672298
32976,-0.19493373512578313
33022,-0.19491367540135424
33068,-0.2020566511781301
33114,-0.21120997703765781
33160,-0.21139930847543678
33206,-0.21343122366366657
33252,-0.2130106914899609
33298,-0.21109080391137697
33344,-0.21263397851124752
33390,-0.2187725708975304
33436,-0.22027122184967657
33482,-0.2193431248195486
33528,-0.221181087517608
33574,-0.23145138225293202
33620,-0.23336731421572557
33666,-0.23349490674412388
33712,-0.23417317088068137
33758,-0.23532857390918635
33804,-0.2390968546606855
33850,-0.24270913412810807
33896,-0.24216296147245084
33942,-0.24497237500383368
33988,-0.24697597588900755
34034,-0.24844172691048677
34080,-0.2501585949203004
34126,-0.24819045418193186
34172,-0.24352993213513344
34218,-0.2433188026349644
34264,-0.2297460656460874
34310,-0.22567956508226125
34356,-0.22656272864125504
34402,-0.21678254089768004
34448,-0.2177879957511442
34494,-0.20974798920927623
34540,-0.2035121982393831
34586,-0.19826298185197821
34632,-0.1840012065635149
34678,-0.1750103893628475
34724,-0.15899186666071166
34770,-0.1523401368106862
34816,-0.148623579597517
34862,-0.1338873366695561
34908,-0.12305374188725661
34954,-0.1032399988335501
35000,-0.09185537308614337
35046,-0.0792553379585715
35092,-0.06250289603315906
35138,-0.048671603850816016
35184,-0.038082036952208055
35230,-0.026692410416288354
35253,-0.6221225071673306
35322,-0.6231341031883073
35368,-0.6240856033252891
35414,-0.6250999391218547
35460,-0.6260545980105147
35506,-0.6270415721056793
35552,-0.6280607762018219
35598,-0.6290557311479797
35644,-0.6298977207216981
35690,-0.6308637925698743
35736,-0.631792406665847
35782,-0.6326997317791995
35828,-0.6336498152929628
35874,-0.6345432491650835
35920,-0.6354494401457561
35966,-0.6364606548838194
36012,-0.637618031472218
36058,-0.6388030199479198
36104,-0.6398621678289149
36150,-0.640961151595975
36196,0.02260288570115205
36242,0.013283531943324467
36288,0.0075216729647121176
36334,-0.0019711917196051044
36380,-0.026201980074063193
36426,-0.044428221372717666
36472,-0.06635033973415917
36518,-0.11249679036800841
36564,-0.14783102957880453
36610,-0.23797885164186525
36656,-0.28561458359744146
36701,-0.7017788660553916
36769,-0.677822108959506
36815,-0.6690678609041923
36861,-0.644291834069326
36907,-0.6176123472936732
36953,-0.5986555374699886
36999,-0.5794542129735448
37045,-0.5958385053757136
37090,-0.7694270827559866
37158,-0.72009227909622
37204,-0.6442595473528137
37250,-0.6050649636665607
37295,-0.43927496266840804
37363,-0.4714269655130865
37409,-0.4851667760454016
37455,-0.4989754585858478
37501,-0.5090844533978889
37547,-0.5173855909505579
37593,-0.5236676173464702
37639,-0.527716387735427
37685,-0.5318681968576503
37731,-0.5349920815993203
37777,-0.5379913462724796
37823,-0.5400212040318485
37869,-0.5423392392548858
37915,-0.5437252373411156
37961,-0.5446197220117245
38007,-0.5459076675491886
38053,-0.5465510584607326
38099,-0.5471784861021421
38145,-0.547607105320109
38191,-0.5483060839586412
38237,-0.5486859435558256
38283,-0.5489674583125232
38329,-0.5496216412135614
38375,-0.5500909435273462
38421,-0.5505700693322698
38467,-0.5511045281426789
38513,-0.5520781694761865
38559,-0.5526663523155361
38605,-0.553209819701725
38651,-0.553667671720472
38697,-0.5545431420922874
38743,-0.5550332760783482
38789,-0.5556783410328082
38835,-0.5562581632523207
38881,-0.5570855991932513
38927,-0.5573637450204608
38973,-0.5579852194696803
39019,-0.5584251049562464
39065,-0.5587766077511749
39111,-0.5590338559937367
39157,-0.5596863837892242
39203,-0.5600617150823383
39249,-0.5603094495440778
39295,-0.5609890853847768
39341,-0.5613155040555413
39387,-0.5618320411106457
39433,-0.5621864398071871
39479,-0.5627430680727884
39525,-0.5631534118544594
39571,-0.5634770995913959
39617,-0.5641510334801683
39663,-0.5645353263305541
39709,-0.5649632926934571
39755,-0.5655261635599659
39801,-0.5660106628365931
39847,-0.5664535046812373
39893,-0.5670674232339135
39939,-0.5674946542444607
39985,-0.568014377577998
40031,-0.5684133785417255
40077,-0.5689657503099038
40123,-0.5693474367431296
40169,-0.5696499310011044
40215,-0.5701778566878414
40261,-0.570599961885189
40307,-0.5710189958555635
40353,-0.571344780679483
40399,-0.571958853496084
40445,-0.572341269846498
40491,-0.5727225309052336
40537,-0.5730649994907643
40583,-0.5736671888739648
40629,-0.5741918885730919
40675,-0.5746879652301885
40721,-0.5753919003614326
40767,-0.5760309428314194
40813,-0.5765955059012243
40859,-0.5770889926275585
40905,-0.5776528214126208
40951,-0.5781955374535163
40997,-0.5788410474024522
41043,-0.5793412482113576
41089,-0.5797019973793626
41135,-0.5801648226133577
41181,-0.5805218913846143
41227,-0.5808299748698242
41273,-0.5811672048958546
41319,-0.5814555331089547
41365,-0.5818775225684627
41411,-0.5821990235748921
41457,-0.582484500962119
41503,-0.5828640934749527
41549,-0.5831924808217228
41595,-0.5836593062972001
41641,-0.5840786012897855
41687,-0.5845221322319056
41733,-0.585151299122167
41779,-0.5857319928100246
41825,-0.5864261625446738
41871,-0.5870662503774062
41917,-0.5877144693780174
41963,-0.5886861620010998
42009,-0.5897183371563047
42055,-0.5912553210411801
42101,-0.5928054171546042
42147,-0.594154323126402
42193,-0.5949928005216983
42239,-0.5956335760039231
42285,-0.5962489636991141
42331,-0.5967473622045523
42377,-0.5972074342475877
42423,-0.5976433241433802
42469,-0.5980598827764078
42515,-0.598441215710031
42561,-0.5988299412516402
42607,-0.5992274902382502
42653,-0.5995579413829829
42699,-0.6000468249648462
42745,-0.6006553440006298
42791,-0.6012663135946978
42837,-0.6019205594481918
42883,-0.6025654919924452
42929,-0.6032841161467508
42975,-0.6040319571634087
43021,-0.6047741868665709
43067,-0.6055979345485318
43113,-0.6064722246691159
43159,-0.6072421662924966
43205,-0.6080062943868345
43251,-0.6087648553014338
43297,-0.6095977540768627
43343,-0.6103884946996047
43389,-0.6112416244597509
43435,-0.6121340241295321
43481,-0.6129543086923667
43527,-0.613690977001096
43573,-0.6145653568128495
43619,-0.6154366307496878
43665,-0.6162646410968131
43711,-0.6169994852317484
43757,-0.6179552183702791
43803,-0.6186445343750866
43849,-0.6194292359634297
43895,-0.6201891746170083
43941,-0.6211389292010525
43964,0.40483111976246744
44033,0.3972185805756361
44102,0.4017885659706344
44148,0.39523554721787346
44217,0.39753603549138217
44240,0.392816377777499
44309,0.3948969527575157
44332,0.39159935132591095
44401,0.3925665230326484
44424,0.3905966854360016
44493,0.3895283048601708
44516,0.38446910412780383
44585,0.3836263003001005
44608,0.3813170848293631
44677,0.3825585739224928
44700,0.3756034247166553
44769,0.37656285854704596
44792,0.37378220519811206
44861,0.37437616958440995
44884,0.3733351765833579
44953,0.37108821655942026
44976,0.36847039174279017
45045,0.367647336376969
45068,0.364473497825192
45137,0.3661323784465322
45160,0.36146184955325145
45229,0.36252310266945015
45252,0.35900846856426727
45321,0.3597057962659932
45344,0.3543514990526949
45413,0.35640756352460495
45436,0.3525585061377341
45505,0.35283336025509265
45528,0.3511842862579444
45597,0.35078991035448503
45620,0.3477556906890553
45689,0.3499120139195627
45712,0.346792036612069
45781,0.3459983008353094
45804,0.3438172964391826
45873,-0.6421551629486109
45919,-0.6434901773667883
45965,-0.644628580461809
46011,-0.6458269071591558
46057,-0.646997116387403
46103,-0.6481081047121975
46149,-0.6494590994849078
46172,0.2622654939047311
46241,0.2602472118912549
46287,0.2622582303842856
46356,-0.6530092162125679
46402,-0.6540781831968618
46448,-0.655419666780077
46494,-0.6566647085185332
46540,-0.6578836393885363
46586,-0.6591206224955874
46632,-0.660428180440709
46678,-0.6615323728492178
46724,-0.6627273626235333
46770,-0.6636848880112711
46816,-0.6647591481238619
46862,-0.6660185904720929
46908,-0.6669204423275775
46954,-0.6679720344446948
47000,-0.668831649992857
47046,-0.6699734805765702
47092,-0.6709503071196837
47138,-0.6718605564283582
47184,-0.6730614183158842
47230,-0.6740596905133859
47276,-0.6751169105276965
47322,-0.6763860983002696
47368,-0.6777075255516506
47414,-0.6788913638108275
47460,-0.6803014441312099
47506,-0.6814831571570892
47552,-0.6828188637363817
47598,-0.6841437666071933
47644,-0.6855595117666967
47690,-0.6868999582593597
47736,-0.6878767528976788
47782,-0.6892533347365253
47828,-0.6906497477471171
47874,-0.6917843643188852
47920,-0.693077249243544
47966,-0.6942473116243031
48012,-0.6958464889231553
48058,-0.6972093747983661
48104,-0.6987146113505851
48150,-0.7000073121206305
48196,-0.7013259751483009
48242,-0.7026000778150405
48288,-0.7039278560080099
48334,-0.7050117631909322
48380,-0.7064148709743291
48426,-0.7076899922828097
48472,-0.7092961818215825
48518,-0.7108947388745434
48564,-0.712563492504398
48610,-0.7141487162680759
48656,-0.7156469144794069
48702,-0.7176114096792837
48748,-0.7194840680286414
48794,-0.7213367664124626
48840,-0.7231295770965941
48886,-0.7247926844584514
48932,-0.7266218923665603
48978,-0.7283340921876434
49024,-0.7301680642044439
49070,-0.7319011655834609
49116,-0.7338576820147792
49162,-0.7356309894928375
49208,-0.7374747985807213
49254,-0.7391937282216628
49300,-0.7410065468141469
49346,-0.742923820642371
49392,-0.7447154161167191
49438,-0.7466605860232437
49484,-0.7486886158174428
49530,-0.7505469728389096
49576,-0.7524884425331574
49622,-0.7545187956458329
49668,-0.7566237557356575
49714,-0.7586386684846738
49760,-0.7605218539300446
49806,-0.7626413632298432
49852,-0.7648525248437017
49898,-0.7668473854274213
49944,-0.7695018148827566
49990,-0.7718507655522411
50036,-0.7738282451726097
50082,-0.7765911162231403
50128,-0.7790739125087154
50174,-0.7811916300131083
50220,-0.7835883873464135
50266,-0.7863461436746981
50312,-0.7892454072489892
50358,-0.7921434932125322
50404,-0.7953339058693014
50450,-0.7981383971076023
50496,-0.8010650526899503
50542,-0.8039826809753714
50588,-0.8066312706389691
50634,-0.8102777646401351
50680,-0.813610817746507
50726,-0.8165349540557989
50772,-0.8204515781375392
50818,-0.8235209347650124
50864,-0.8260814836373045
50910,-0.8295532674930801
50956,-0.8327586626410178
51002,-0.8362756395330039
51048,-0.8391337258331473
51094,-0.8417049041233701
51140,-0.8451648822899561
51186,-0.848295222889019
51232,-0.8518249608830235
51278,-0.8546607193164842
51324,-0.857902152955737
51370,-0.8606923238838561
51416,-0.8638935360312037
51462,-0.8680749734213135
51508,-0.871276368042526
51554,-0.8750580851110631
51600,-0.879103762543691
51646,-0.8840806216954524
51692,-0.8878122687991135
51738,-0.8917925737814177
51784,-0.8952129085371018
51830,-0.9001986829946422
51876,-0.9049630068292219
51922,-0.9095128344344259
51968,-0.9132962240013687
52014,-0.9183939573447922
52060,-0.9228566280017304
52106,-0.9269759626890144
52152,-0.9317655678436947
52198,-0.9365084739548754
52244,-0.9422378306416487
52290,-0.9474461352906104
52336,-0.9531851581835373
52382,-0.9589859278903408
52428,-0.964531588031648
52474,-0.970110152052319
52520,-0.9759435404885491
52566,-0.9815405677792943
52612,-0.9880926279122388
52658,-0.9947876978757567
52704,-1.0010934756140555
52750,-1.0068539205889333
52796,-1.0130081316386375
52842,-1.0191486596781079
52888,-1.02632041619096
52934,-1.0334265156599631
52980,-1.041046935082947
53026,-1.0482776430608645
53072,-1.056232183354308
53118,-1.0647568183089842
53164,-1.072817064110955
53210,-1.0801876718119807
53256,-1.0890005304878663
53302,-1.098391904188624
53348,-1.1089816598043458
53394,-1.1226727495566278
53440,-1.1361645582811073
53486,-1.1486029943900298
53532,-1.1659240758648384
53578,-1.1810161381306523
53624,-1.1942120211376583
53670,-1.2127755900713213
53716,-1.2279627146494514
53762,-1.2463009099654914
53808,-1.2594380808220194
53854,-1.2689010375171272
53900,-1.2809567551269474
53946,-1.284898693979611
53992,-1.2864962431296982
54038,-1.2885577118108393
54084,-1.2866462010410533
54130,-1.286970828828535
54176,-1.2875402846403645
54222,-1.2909261455783911
54268,-1.2921597361570774
54314,-1.2964294362360604
54360,-1.297413598979888
54406,-1.3042437340309934
54452,-1.307030652696499
54498,-1.3072548583024346
54544,-1.314064342349496
54590,-1.3147852595582883
54636,-1.3189986045679818
54682,-1.3312227519944468
54728,-1.3340937281254266
54774,-1.3349010726910786
54820,-1.3406169965701977
54866,-1.3410123509489544
54912,-1.3484975435742834
54958,-1.3517710406904806
55004,-1.3522398485249203
55050,-1.3620587255387449
55096,-1.3628073718438278
55142,-1.3719047745426036
55188,-1.3748075255708914
55234,-1.3861960204106911
55280,-1.385685827593865
55326,-1.3911096740726232
55372,-1.3909174049290896
55418,-1.3968662281938573
55464,-1.3949513774184432
55510,-1.4059647750279571
55556,-1.4083354898187699
55602,-1.4068782794907446
55648,-1.4238718745995316
55694,-1.4293592008538225
55740,-1.4287030759215893
55786,-1.431631198801915
55832,-1.448050128499127
55878,-1.4410742792738716
55924,-1.444171820880285
55970,-1.4429449966749321
56016,-1.4410667418508725
56062,-1.432919739926538
56108,-1.44660227036695
56154,-1.4431053667894618
56200,-1.4408239325235852
56246,-1.4614581286465669
56292,-1.4630191027666293
56338,-1.462440614861674
56384,-1.5000513604523729
56430,-1.485864403123135
56476,-1.4822609568792777
56522,-1.5032934547713692
56568,-1.5071058235833017
56614,-1.5105287565594359
56660,-1.626474192791089
56706,-1.7153550090142897
56751,-1.8704831086338483
56819,-1.3758312649970177
56864,-1.7405735026395934
56932,-1.1367955428025278
56977,-1.2111227476497581
57045,-0.9329747809829759
57090,-0.8613759892048745
57158,-0.6009193602850449
57203,-0.48462517876574984
57271,-0.14081726860422583
57316,0.20347920999621208
57385,0.18656079872013528
57430,0.4347365601154869
57499,0.3647502089042765
57522,0.5348055523237327
57591,0.4891901300642209
57614,0.5920575871674678
57683,0.5640388207320188
57706,0.6277783374594454
57775,0.6088202677816297
57798,0.6482557593509178
57867,0.6366051849485602
57890,0.6542068389767369
57959,0.6498748938176087
57982,0.6521894200087153
58051,0.6512828468124999
58074,0.6543803545362685
58143,0.6536908869666047
58166,0.6487459559687264
58235,0.6492493097464321
58258,0.6451015398591007
58327,0.6465313624234991
58350,0.6401738483987834
58419,0.6424614556315441
58442,0.6338083366968563
58511,0.6384256113249615
58534,0.6271993029007183
58603,0.6311068654371766
58626,0.621683547035472
58695,0.6241275002271132
58718,0.6139687459271678
58787,0.6170133534539459
58810,0.6069022723333175
58879,0.6090257736772691
58902,0.5978296953106818
58971,0.6018508890423855
58994,0.5874091713204801
59063,0.5922672673519063
59086,0.5780781808959343
59155,0.58244941930816
59178,0.5681452838417979
59247,0.5721893385510023
59270,0.5591488307372144
59339,0.5621870508994201
59362,0.5498427296890251
59431,0.5519797221535918
59454,0.5400987510724351
59523,0.5444680099122162
59546,0.5314888287725946
59615,0.535010121099311
59638,0.5235797339984374
59707,0.5268130118764001
59730,0.5148693260211753
59799,0.5171809042736886
59822,0.5070997542870347
59891,0.5099771151144774
59914,0.4988023020071204
59983,0.5009758637039468
60006,0.49154214886739517
60075,0.49376766885436374
60098,0.48404770949541515
60167,0.487296293994226
60190,0.47762163376131395
60259,0.48073006068289753
60282,0.47086771899049656
60351,0.47390690303254535
60374,0.4651958828344553
60443,0.46805127692278653
60466,0.45848934886607867
60535,0.4611393795770899
60558,0.4527629621996135
60627,0.4554896877012442
60650,0.4464711245682031
60719,0.4485548195093848
60742,0.44145390039019994
60811,0.44348686993348896
60834,0.4355085739841146
60903,0.4366689185082367
60926,0.43127180817460903
60995,0.4329365302901704
61018,0.4250758156838017
61087,0.4261146421138317
61110,0.42081866976729276
61179,0.42235755540244346
61202,0.41595464213277544
61271,0.4157488522676164
61294,0.40917962738754016
61363,0.4149131988525355
61386,0.4079441922074172
61432,0.41007706635964647
61455,0.402107318675016
61478,0.4542287420998365
61547,0.4504927147591204
61616,0.4531769765988881
61662,0.4486558316809185
61731,0.45151330247715615
61754,0.44686250756530055
61823,0.4499236865849707
61846,0.4443601247737284
61915,0.447913421599029
61938,0.44244551005167965
62007,0.4455994974721442
62030,0.44113600737416087
62099,0.4445876735849181
62122,0.44000053710117987
62191,0.4432919681149273
62214,0.4373883456911602
62283,0.4412055943409192
62306,0.4355609634808564
62375,0.439503580914063
62398,0.4326352052038283
62467,0.4375829771323304
62490,0.4309580304442968
62559,0.43513132824180467
62582,0.4285626639231211
62651,0.43342919573725364
62674,0.4255591770245413
62743,0.43060634028862266
62766,0.4208364814765644
62835,0.42705607520404665
62858,0.41735484522373717
62927,0.4221216899896569
62950,0.4118961981376495
63019,0.41795778327142485
63042,0.4072278519548131
63111,0.412927720529831
63134,0.40162807151235785
63203,0.40794188408098103
63226,0.39566342910878827
63295,0.4018981965289858
63318,0.3888064214759343
63387,0.39550809228381667
63410,0.3822567952856722
63479,0.3884373619843156
63502,0.3750139904917067
63571,0.38177991078735285
63594,0.36791590115650424
63663,0.3744989479562715
63686,0.3606907728701637
63755,0.36701627674047266
63778,0.35240685060159255
63847,0.3586174189986538
63870,0.34433400300769224
63939,0.3505362023419751
63962,0.33635567080943674
64031,0.3426374182375531
64054,0.32788222527186445
64123,0.33475638980666095
64146,0.3186070351518772
64215,0.3258406693203087
64238,0.3092589357585636
64307,0.31709330797466484
64330,0.29851876162484314
64399,0.30761512725784573
64422,0.2863864176899163
64491,0.2974489397514719
64514,0.27088162223555606
64583,0.2848097764222611
64606,0.25089377497264764
64675,0.2675875422452862
64698,0.22383312357586338
64767,0.2430378454975687
64790,0.1907468099250544
64859,0.21322274134335584
64882,0.14681899738194137
64951,0.17286924415227914
64974,0.08850118874766806
65043,0.11902351119416033
65066,0.01597630513875779
65134,0.030284914644445018
65200,0.3458084794266588
65223,0.3409554779395054
65292,0.3421864616946203
65315,0.3373256661749469
65384,0.3365842987639511
65407,0.33552120145743936
65476,0.336099503715091
65499,0.33369753106078726
65568,0.3337655340812622
65591,0.3317587210733195
65660,0.3314392534707113
65683,0.32948085172415303
65752,0.32916399300535837
65775,0.3289370122244478
65844,0.3280394649917017
65867,0.32510578289462294
65936,0.3266805462005413
65959,0.32344755348950754
66028,0.32308946108568365
66051,0.32053887292332284
66120,0.3202541047574879
66143,0.3188688137644286
66212,0.3186618772298166
66235,0.3172382137209699
66304,0.3174985012276714
66327,0.31476056656338625
66396,0.3152735891455858
66419,0.31367624328953114
66488,0.31310112493699493
66511,0.31190332130756376
66580,0.3120758360039408
66603,0.30959165765953656
66672,0.3095801654313898
66695,0.3083269287681276
66764,0.30788660000247875
66787,0.3065260336763007
66856,0.306505502424049
66879,0.3049385801693339
66948,0.3047693304911942
66971,0.30305079126446044
67040,0.30285966581109397
67063,0.30143451815333727
67132,0.3011129517296968
67155,0.29944612377620045
67224,0.2995174148665081
67247,0.2976303327022442
67316,0.2972966782080855
67339,0.29585370068958816
67408,0.2958270837968995
67431,0.2941305383181726
67500,0.2936410843909719
67523,0.29241981659789784
67592,0.2919813223059745
67615,0.2904874190427056
67684,0.2901315362001347
67707,0.2886438961054512
67776,0.28817257954497427
67799,0.28725863871016133
67868,0.28651392824239685
67891,0.2859029398396862
67960,0.28519925262618684
67983,0.28433782562607757
68052,0.283700223894
68075,0.28292017575572664
68144,0.2821862593564081
68167,0.28109826314194086
68236,0.2807298108913848
68259,0.27947981964559654
68328,0.27900253464039193
68351,0.2783517928214998
68420,0.27762991665726894
68443,0.27753807885166687
68512,0.27673556881915296
68535,0.27672827378190656
68604,0.2757506710879641
68627,0.2756115984305692
68696,0.2749298535596448
68719,0.2745770694512048
68788,0.2735600416630627
68811,0.2732050486883631
68880,0.2725061452184629
68903,0.27230619888527063
68972,0.27145371106083344
68995,0.2715678770269404
69064,0.27060201523931127
69087,0.27073006065634775
69156,0.2699172662421379
69179,0.26977398688393733
69248,0.2689940688854797
69271,0.2686909553921032
69340,0.26804288302816515
69363,0.2676360155447911
69432,0.266878103914005
69455,0.26641400741837945
69524,0.2657901956058273
69547,0.2660770058589206
69616,0.2643549169239867
69639,0.2648968640270035
69708,0.2641743037653176
69731,0.26453252454169485
69800,0.26303177652081555
69823,0.26359476546735894
69892,0.2626045978750655
69915,0.2632577866761695
69984,0.2621241592125484
70007,0.26262941457506445
70076,0.2615145975724601
70099,0.26219816221513714
70168,0.26107331989401666
70191,0.2623067585450247
70260,0.2604585747137637
70283,0.2617764993428766
70352,0.2606949448009056
70375,0.26168023749468816
70444,0.25999499039333374
70467,0.2610593943805235
70536,0.2598657039452333
70559,0.26087563695154475
70628,0.2595587732251288
70651,0.26072029662492896
70720,0.2593115561253205
70743,0.2605481243445522
70812,0.25925887477453674
70835,0.26060544695024135
70904,0.2589149918080089
70927,0.26046390589975454
70996,0.25911349493636876
71019,0.260618638105503
71088,0.25877141250138935
71111,0.26062258546590544
71180,0.2588089134104857
71203,0.2604829705287629
71272,0.25894786325460334
71295,0.2604914962323648
71364,0.2590881529897175
71387,0.260918560539264
71456,0.25898867478068105
71479,0.2612261563180684
71548,0.259542989754633
71571,0.2615644087239071
71640,0.2597033284609821
71663,0.2617621131301728
71709,0.2602924337460534
71732,0.2607276196913954
71755,0.2633427754430797
71824,0.2614837369928895
71847,0.2640710505306891
71916,0.26232622418664475
71939,0.26505924112353785
72008,0.2632133580693819
72031,0.26556423707931986
72100,0.2640132761065941
72123,0.2666039737854464
72192,0.26450064512822163
72215,0.2671926581098894
72284,0.26557128152161424
72307,0.2686482061524815
72376,0.26670732239928613
72399,0.26958748798617493
72468,0.26748703524445616
72491,0.2704321778643051
72560,0.2685008908147512
72583,0.2717033935666675
72652,0.26970582595074477
72675,0.27280201039628604
72744,0.27097546089514535
72767,0.2744285630050151
72836,0.27211399556551197
72859,0.2755951918301169
72928,0.27357371794745067
72951,0.27701669708875476
73020,0.27508635909177054
73043,0.2787357254318934
73112,0.27635962733411557
73135,0.2801369654294402
73204,0.27803320529946446
73227,0.28177631448079504
73296,0.2797862069995543
73319,0.2837884419532019
73388,0.28138322811386285
73411,0.2855121178203617
73480,0.2834459000899634
73503,0.28738425700145664
73572,0.2851826535359871
73595,0.2893598785348982
73664,0.2873279195060853
73687,0.29147059065186737
73756,0.28911123597336114
73779,0.29338789623206823
73848,0.29130202476059774
73871,0.2956312321911896
73940,0.293393394789727
73963,0.2976108662010895
74032,0.2957563280963243
74055,0.29992208013935406
74124,0.2975639820239626
74147,0.30237721204472834
74216,0.30018793223021767
74239,0.3047180022413583
74308,0.3026255930393534
74331,0.30715114925135983
74400,0.3049093194546343
74423,0.30945235909345237
74492,0.3073708044474586
74515,0.3123125376604799
74584,0.3098922752743131
74607,0.3149745377876416
74676,0.3126150900895876
74699,0.31784638358378337
74768,0.31542857793386153
74791,0.32093940995220527
74860,0.3186782839512149
74883,0.3241461996197517
74952,0.32175734926009686
74975,0.32724949414736587
75044,0.32520749867013377
75067,0.3305032632602215
75136,0.3287242255936197
75159,0.3337506608945464
75228,0.3319917984390383
75251,0.33655123905147594
75320,0.335251825688907
75343,0.3390971355802053
75412,0.3381575155721106
75435,0.34119102357568015
75504,0.3405729162974585
75527,0.3425425925179238
75596,0.34189381964450244
75619,0.3440013418016003
75688,0.34222019493482225
75711,0.3458714543761343
75780,0.3433526515295863
75803,0.3484572751436386
75872,0.3461841990902274
75895,0.35174052630710984
75964,0.3493227838239997
75987,0.35497603651370396
76056,0.3526390854875256
76079,0.3579506493636612
76148,0.35633804495189936
76171,0.36134988502102705
76240,0.3594031735552876
76263,0.3641641783047032
76332,0.3628289344717892
76355,0.36713001452330685
76424,0.3659026412422719
76447,0.36902654178047967
76516,0.36865435158379517
76539,0.36994906215929885
76608,0.3703633347998839
76631,0.3687185143256153
76700,0.3702828890807785
76723,0.35963655300656094
76792,0.3663979991442671
76815,0.3536254786673687
76883,0.33960057182891407
76906,0.40188098955476403
76975,0.4047327278560656
77021,0.3416500474928008
77066,0.40096418978371046
77135,0.40161857675956425
77181,0.40118484320511477
77204,0.4033827542168399
77273,0.40173152204463625
77319,0.4009665376544958
77342,0.40679773967016747
77411,0.40582347660385987
77457,0.40456751323642204
77480,0.41146798528470785
77549,0.40890907686017597
77595,0.40768674051623566
77618,0.4083993438416598
77687,0.409785289844634
77733,0.41098074634739623
77756,0.4022748743567519
77825,0.4039750905749908
77871,0.40659685446573773
77894,0.4040581928787724
77963,0.4031554901004032
78009,0.4028821378636317
78032,0.4043564345936587
78101,0.4052339034961688
78124,0.39788451752114484
78193,0.4013987291365777
78216,0.39277788308937045
78285,0.39547062755375034
78308,0.3917981125095785
78377,0.3924583807041326
78400,0.39143749380674736
78469,0.3906535236844134
78492,0.39134092115132935
78561,0.39162526700197764
78584,0.3938041409515228
78653,0.39443552850080676
78676,0.3996030397212644
78745,0.3959458310300858
78768,0.40813521142359693
78837,0.399860655745622
78860,0.40131997780714174
78929,0.4064185355287871
78952,0.4126934392496267
79021,0.407288653638803
79044,0.42398915841136
79113,0.41762352058450264
79136,0.4359094758521248
79205,0.4314626563228266
79228,0.45492619296329606
79297,0.4446031770173028
79320,0.47183902358752167
79389,0.46382579410791097
79412,0.48894305443371056
79481,0.4786975681163073
79504,0.5008433561269409
79573,0.49313537573039135
79596,0.5121126832172451
79665,0.507878942910935
79688,0.5214033012411302
79757,0.5159878204765632
79780,0.5301989301526915
79849,0.5273650171721794
79872,0.5430861534112624
79941,0.5379898206499897
79964,0.550616652887362
80033,0.5467644498329796
80056,0.5588297534804026
80125,0.556945749360674
80148,0.563111558121446
80217,0.56119091888626
80240,0.5676167500157935
80309,0.5671349101402585
80332,0.5691717951456018
80401,0.5695476104621778
80424,0.5652281529127323
80493,0.5701627588265814
80516,0.5530123858853438
80585,0.5622871164040769
80608,0.5250518769501078
80677,0.5430863890923385
80700,0.4686304622695339
80769,0.5041231977038451
80792,0.3412872047574051
80861,0.41596664804992717
80884,0.09615603571665415
80952,0.23252826670602944
80975,-0.07985585382093097
81043,-0.12935331798755573
81089,-0.13174586095812035
81135,-0.18384204280293848
81180,-0.11530076224938085
81249,-0.12703909016603518
81294,-0.10174930837276498
81363,-0.10494055014018683
81386,-0.10081672627242955
81455,-0.10076361569214512
81478,-0.10228943086110563
81547,-0.10119750070895378
81570,-0.10435898404224539
81639,-0.10305435219069868
81662,-0.10756133948699274
81731,-0.1059312123314464
81754,-0.11137709590372814
81823,-0.10946196437294406
81846,-0.11547714805546323
81915,-0.11341662950883834
81938,-0.1200059510480353
82007,-0.1175890422703642
82030,-0.1250829270313165
82099,-0.12246473822962277
82122,-0.13061461042258846
82191,-0.12726408492073352
82214,-0.1364942340497278
82283,-0.13309922301264276
82306,-0.14214732405211855
82375,-0.13860905437271978
82398,-0.14783999521978267
82467,-0.1445521495944572
82490,-0.15372421912594614
82559,-0.15024736622157941
82582,-0.15815389445558464
82651,-0.15508454154549867
82674,-0.16310395402541497
82743,-0.16019481586511328
82766,-0.16763561551871353
82835,-0.16490326912978945
82858,-0.17185198413366484
82927,-0.16916546230850596
82950,-0.17694976246716507
83019,-0.17382702970140929
83042,-0.18209681542164288
83111,-0.17901203032451504
83134,-0.18779551689685386
83203,-0.18446059597469722
83226,-0.19382000688431814
83295,-0.19032113103556242
83318,-0.20014479388794038
83387,-0.19637842537480565
83410,-0.20634439109133967
83479,-0.20298107466586102
83502,-0.21147923204575306
83571,-0.20862454250969462
83594,-0.21673175658724816
83663,-0.21360778849423567
83686,-0.22247609276314503
83755,-0.21906919113542794
83778,-0.22807085925007176
83847,-0.22490963184757143
83870,-0.23333177214421824
83939,-0.2302516319307455
83962,-0.23973698431493046
84031,-0.2362585450784156
84054,-0.24468100371059112
84123,-0.2418672658414153
84146,-0.2502798754119853
84215,-0.24678436374968998
84238,-0.2566522893112645
84307,-0.25301475538240803
84330,-0.26222562478229855
84399,-0.2592408505530165
84422,-0.2679575820181213
84491,-0.2644560499098632
84514,-0.27408192835272077
84583,-0.2708566404294019
84606,-0.2791230954497675
84675,-0.2764545961761755
84698,-0.2848567339312982
84767,-0.28286317550391404
84790,-0.29281276828027775
84859,-0.28981315319393314
84882,-0.30251967152360976
84951,-0.29871537597195047
84974,-0.31299386822211556
85043,-0.3081951961642836
85066,-0.3187646509580653
85135,-0.3147272511360489
85158,-0.3331894932121987
85227,-0.32947035942907327
85250,-0.339155625205031
85319,-0.3359443439927142
85342,-0.3504658275754983
85411,-0.34389609262694537
85434,-0.36335766092795224
85503,-0.3560941340245241
85526,-0.37441423800963375
85595,-0.3677800994390496
85618,-0.38424651912094154
85687,-0.3788243189338131
85710,-0.39416387392398744
85779,-0.3856462936972339
85802,-0.40945762293732274
85871,-0.3956627282219305
85894,-0.4221302762491796
85963,-0.41329951335026816
85986,-0.4271774629718306
86055,-0.4233478626271601
86078,-0.44318038659296094
86147,-0.4348516670155674
86170,-0.4501721758281718
86239,-0.44598952111357304
86262,-0.46359079956913246
86331,-0.45156619889763105
86354,-0.46777300559808915
86423,-0.46343872590830476
86446,-0.47712550100626233
86515,-0.47329419286089025
86538,-0.481596360557138
86607,-0.4802920809981743
86630,-0.49157737574380406
86699,-0.49045588216755454
86722,-0.50474624875546
86791,-0.5006957316338483
86814,-0.5101913099980726
86883,-0.5084505621373653
86906,-0.5251191591632347
86975,-0.5181963804806252
86998,-0.5330147112218075
87067,-0.5291285182408623
87090,-0.544844142256425
87159,-0.5380149960242349
87182,-0.5559107985179766
87251,-0.5380699646486284
87274,-0.5666486164492086
87343,-0.5523285617604272
87366,-0.571583587815255
87435,-0.5640866729845584
87458,-0.5950924130091315
87527,-0.584965629297597
87550,-0.6140659427423404
87619,-0.6001559389798441
87642,-0.6348088667180345
87711,-0.6196118676254674
87734,-0.6540421493541042
87803,-0.6353187587669532
87826,-0.6740748196460984
87895,-0.64897668290865
87918,-0.6952201812484772
87987,-0.6675429649383946
88010,-0.7169451691434477
88079,-0.6961190774121997
88102,-0.7359135664496423
88171,-0.7158357854072871
88194,-0.7570545440328514
88263,-0.7238388775100696
88286,-0.7740731165318171
88355,-0.7485958743663894
88378,-0.7883901956440089
88447,-0.7677450429136377
88470,-0.8185081448188782
88539,-0.7912525434251855
88562,-0.8510617325786651
88631,-0.8176634170683506
88654,-0.86992495961968
88723,-0.8418832226545239
88746,-0.9003909457608633
88815,-0.873283696839136
88838,-0.9392096373150517
88907,-0.8876930701682121
88930,-0.9725945311927195
88999,-0.9391327060600899
89022,-1.0113700545430047
89091,-0.9702355839777883
89114,-1.048639946051666
89183,-0.9863193349493834
89206,-1.0960826385545497
89275,-1.0243567658465633
89298,-1.1671514258518445
89367,-1.0695135567777547
89390,-1.220686160976446
89459,-1.1088687431194155
89482,-1.2586181966222374
89551,-1.1611462158848105
89574,-1.306587999937927
89643,-1.1855868752008747
89666,-1.3445024455348444
89735,-1.1898699380267543
89758,-1.4105123067530698
89827,-1.1815415242172302
89850,-1.4281923733921467
89919,-1.1311247105700986
89942,-1.3539100684834013
90011,-1.0655827555566937
90034,-1.1935282138697025
90103,-0.8897263448223425
90126,-0.6824612655490535
90194,-0.7607953874548733
90217,-0.2801250405322654
90285,-0.46987940218845664
90330,0.16258445791813916
90398,0.04007553340271899
90443,0.37779240079383025
90511,-0.12571504345734025
90556,0.4992375640802018
90624,0.7385072044445945
90669,0.6589235088122309
90737,0.5722670864833566
90782,0.7073463362842501
90851,0.6962730402245265
90896,0.7295235598650542
90965,0.7286534636650045
90988,0.7371162197080855
91057,0.7338388328660999
91080,0.7178496307141914
91149,0.7267086170355713
91172,0.6996888580189193
91241,0.7039131497045061
91264,0.6649169331303966
91333,0.6730778125856985
91356,0.6336318865849405
91425,0.6358625956481885
91448,0.6007810232756782
91517,0.5975735285740875
91540,0.5694932047498014
91609,0.5637579044590191
91632,0.5483466388544657
91701,0.5367368754450976
91724,0.5360812018722934
91793,0.5251535851480952
91816,0.5292478974039962
91885,0.5200620536185901
91908,0.5259026598766886
91977,0.5184600932374256
92000,0.5240509599854933
92069,0.5189226769898337
92092,0.5247298380880081
92161,0.5214421030842824
92184,0.5258048374036028
92253,0.524444769538816
92276,0.5261121429142089
92345,0.5272538238443893
92368,0.52518689252261
92437,0.5269061162367024
92460,0.5231803438683101
92529,0.5250531587719507
92552,0.5210619470922593
92621,0.5228476871553079
92644,0.518646438956348
92713,0.520444549384688
92736,0.5157688225309882
92805,0.5178361220262935
92828,0.5138158734935309
92897,0.5153305076206655
92920,0.5116071058978525
92989,0.5131162045567782
93012,0.5091068738725039
93081,0.5116698149620427
93104,0.5069613792502855
93173,0.5087973311472829
93196,0.5045414447434451
93265,0.5068127102198486
93288,0.5027719680025988
93357,0.5045016669841257
93380,0.5008268134183528
93449,0.5024206287266284
93472,0.4987903310434148
93541,0.5011820314134321
93564,0.4978048783014083
93633,0.49901272456915646
93656,0.4948472780388675
93725,0.49654024657699747
93748,0.49314277404277235
93817,0.494557937916458
93840,0.4912178396067904
93909,0.49285739316368943
93932,0.4902964601232837
94001,0.4917185364734594
94024,0.4875900687991871
94093,0.4901381375800202
94116,0.4856359763166003
94185,0.48775068111796854
94208,0.48453969220305254
94277,0.48616077178536
94300,0.48315340307791815
94369,0.4849763286334201
94392,0.48153937603006514
94461,0.48322751393914465
94484,0.4795326817942817
94553,0.48171965599858
94576,0.4791387050041352
94645,0.4805394835622698
94668,0.4767669112882027
94737,0.47939014594117174
94760,0.4759237716763387
94829,0.4775775373188733
94852,0.4742060561715023
94921,0.4765777657018851
94944,0.47222142136686446
95013,0.4743583211711977
95036,0.4704591212411647
95105,0.47302189963115726
95128,0.4684646573178308
95197,0.4711091770541224
95220,0.467818234520133
95289,0.4698923476217427
95312,0.46544087001730566
95381,0.46783285802232977
95404,0.464680138094993
95473,0.46675447627302386
95496,0.4618776697253648
95565,0.46527237629703355
95588,0.46060882609317716
95657,0.462822974788554
95680,0.459660090573659
95749,0.4617844981618002
95772,0.45788957496164595
95841,0.46045852526246234
95864,0.45564502944738566
95933,0.4593908137878381
95956,0.4545124991172015
96002,0.4565300460554318
96025,0.45149529587488063
