profile_y_m,profile_u_m_s,reference_u_profile_m_s
0.09817477042468103,0.8834611433901608,0.8831779005746444
0.2945243112740431,0.849510227100394,0.8492378691474336
0.4908738521234052,0.7829131091939832,0.7826621026669708
0.6872233929727672,0.6862290795639774,0.6860090705029802
0.8835729338221293,0.5631736512480295,0.5629930944778789
1.0799224746714913,0.4184757753460422,0.4183416095621578
1.2762720155208536,0.2576961100814249,0.2576134911996401
1.4726215563702154,0.08701332782402194,0.08698543084163096
1.6689710972195777,-0.08701332782402176,-0.08698543084163084
1.8653206380689396,-0.25769611008142473,-0.25761349119964
2.061670178918302,-0.41847577534604197,-0.4183416095621577
2.2580197197676637,-0.5631736512480293,-0.5629930944778788
2.454369260617026,-0.6862290795639773,-0.6860090705029802
2.650718801466388,-0.7829131091939829,-0.7826621026669707
2.84706834231575,-0.8495102271003938,-0.8492378691474336
3.043417883165112,-0.8834611433901606,-0.8831779005746443
3.2397674240144743,-0.8834611433901606,-0.8831779005746444
3.436116964863836,-0.8495102271003939,-0.8492378691474337
3.6324665057131984,-0.7829131091939829,-0.7826621026669708
3.8288160465625602,-0.6862290795639773,-0.6860090705029803
4.025165587411922,-0.5631736512480295,-0.5629930944778793
4.221515128261284,-0.41847577534604213,-0.41834160956215793
4.417864669110647,-0.25769611008142496,-0.2576134911996402
4.614214209960009,-0.08701332782402199,-0.08698543084163068
4.81056375080937,0.08701332782402162,0.08698543084163035
5.006913291658733,0.25769611008142457,0.2576134911996399
5.203262832508095,0.4184757753460419,0.4183416095621576
5.399612373357457,0.5631736512480293,0.562993094477879
5.595961914206819,0.6862290795639772,0.6860090705029799
5.792311455056181,0.7829131091939829,0.7826621026669706
5.988660995905543,0.849510227100394,0.8492378691474336
6.1850105367549055,0.8834611433901606,0.8831779005746444
