step,time_s,nonlinear_converged,nonlinear_iterations,nonlinear_residual_m_s,kinetic_before_J,kinetic_after_J,convective_power_W,viscous_power_W,pressure_power_W,energy_balance_defect_J,max_divergence_s_inv
1,0.005,True,4,4.440892098500626e-16,372.0753201635977,371.70396126187023,-3.306923876278303e-16,-74.2717803454881,-3.346766332619005e-16,-4.934941344458821e-14,3.4952970718166776e-15
2,0.01,True,4,4.440892098500626e-16,371.70396126187023,371.33297300400557,-3.984245634070244e-18,-74.19765157294194,-5.418574062335532e-16,4.263256414560601e-14,3.604628638991986e-15
3,0.015,True,4,4.440892098500626e-16,371.33297300400557,370.9623550200734,-1.6733831663095026e-16,-74.12359678643591,-7.968491268140489e-17,1.6042722705833512e-14,3.8166656177562206e-15
4,0.02,True,4,4.440892098500626e-16,370.9623550200734,370.5921069405128,5.338889149654128e-16,-74.04961591212637,5.577943887698343e-17,2.120525977034049e-14,3.537639722859555e-15
5,0.025,True,4,4.440892098500626e-16,370.5921069405128,370.2222283961315,5.1795193242913173e-17,-73.97570887624349,-8.366915831547513e-17,-4.7906123512575505e-14,3.3925916602277515e-15
6,0.030000000000000002,True,4,4.440892098500626e-16,370.2222283961315,369.85271901810603,-5.21936178063202e-16,-73.90187560509099,-3.1873965072561955e-17,-4.29101199017623e-14,3.392591660227752e-15
7,0.035,True,4,4.440892098500626e-16,369.85271901810603,369.48357843798084,1.6733831663095026e-16,-73.8281160250462,5.1795193242913173e-17,4.063416270128073e-14,3.8166656177562206e-15
8,0.04,True,4,4.440892098500626e-16,369.48357843798084,369.1148062876681,-1.2749586029024782e-16,-73.75443006255986,4.781094760884293e-17,6.294964549624638e-14,3.392591660227752e-15
9,0.045,True,4,4.440892098500626e-16,369.1148062876681,368.7464021994473,-5.816998625742557e-16,-73.68081764415618,2.3905473804421466e-17,-3.2807090377673376e-14,4.240739575284689e-15
10,0.049999999999999996,True,4,4.440892098500626e-16,368.7464021994473,368.3783658059651,3.7451908960260297e-16,-73.60727869643269,-1.075746321198966e-16,-5.051514762044462e-14,3.4889181631035833e-15
11,0.05499999999999999,True,4,4.440892098500626e-16,368.3783658059651,368.01069674023483,-1.6335407099688001e-16,-73.53381314606015,4.382670197477269e-17,6.061817714453355e-14,3.8166656177562206e-15
12,0.05999999999999999,True,4,4.440892098500626e-16,368.01069674023483,367.64339463563584,-1.6733831663095026e-16,-73.46042091978256,9.163764958361562e-17,-7.843725668976731e-14,3.604628638991986e-15
13,0.06499999999999999,True,4,4.440892098500626e-16,367.64339463563584,367.2764591259138,-1.9921228170351222e-17,-73.38710194441701,1.4343284282652878e-16,3.047562202596055e-14,4.240739575284689e-15
14,0.06999999999999999,True,4,4.440892098500626e-16,367.2764591259138,366.9098898451796,1.0359038648582635e-16,-73.31385614685362,1.9522803606944197e-16,5.700995231450179e-14,5.0888874903416275e-15
15,0.075,True,4,4.440892098500626e-16,366.9098898451796,366.5436864279093,-4.382670197477269e-17,-73.24068345405549,-1.1952736902210734e-16,-2.1371793224034263e-14,3.604628638991986e-15
16,0.08,True,4,4.440892098500626e-16,366.5436864279093,366.17784850894395,-2.669444574827064e-16,-73.16758379305861,-7.171642141326439e-17,-3.297362383136715e-14,3.392591660227752e-15
17,0.085,True,4,4.440892098500626e-16,366.17784850894395,365.81237572348914,3.8248758087074346e-16,-73.09455709097179,2.430389836782849e-16,4.618527782440651e-14,3.392591660227752e-15
18,0.09000000000000001,True,4,4.440892098500626e-16,365.81237572348914,365.44726770711424,2.8686568565305757e-16,-73.02160327497663,2.350704924101444e-16,-2.1149748619109232e-14,3.8166656177562206e-15
19,0.09500000000000001,True,4,4.440892098500626e-16,365.44726770711424,365.0825240957526,2.3905473804421467e-16,-72.94872227232736,5.139676867950615e-16,4.551914400963142e-15,3.392591660227752e-15
20,0.10000000000000002,True,4,4.440892098500626e-16,365.0825240957526,364.71814452570084,-2.271020011420039e-16,-72.87591401035083,-1.0359038648582635e-16,-1.2989609388114332e-14,3.604628638991986e-15
