iteration,continuity,momentum,mass_imbalance,velocity_change,u_residual,v_residual
1,2.1958566827915207e-15,2.1383534806919977,1.4833078341991435e-14,0.003334933662429658,2.1383534806919977,0.7013461936158485
2,3.570199826963619e-15,1.1878748165721025,2.6549075438087044e-14,0.0006794102436906702,1.1878748165721027,0.2861531107017282
3,2.330992848592064e-15,0.693627569648904,3.2481612885493227e-15,0.00039838827570048974,0.693627569648904,0.19224120844739745
4,4.304388503885859e-15,0.3978403959720166,1.801607907997438e-14,0.00018862633928050376,0.3978403959720166,0.10863528718835637
5,3.1596137877323383e-15,0.2242580639567433,4.654371506263022e-15,0.0001131985078023437,0.2242580639567433,0.07340207488720174
6,1.9538407350361275e-15,0.16587120935486802,5.274101468055736e-15,6.34226825446671e-05,0.16587120935486802,0.05348075890529402
7,2.9009486133052737e-15,0.13682052101940279,1.4757726291003692e-14,4.80372080224889e-05,0.13682052101940279,0.04417095858466729
8,3.13819544793027e-15,0.11714736637794654,1.0921819004749977e-14,3.9225064825565426e-05,0.11714736637794654,0.036464478469694236
9,2.2130567191069238e-15,0.10037186497466943,5.848620199255805e-15,3.209961103867176e-05,0.10037186497466943,0.03070732226897916
10,5.3087959375752725e-15,0.086648883941174,7.36205801182832e-15,2.6363536491103012e-05,0.086648883941174,0.025820837628460887
11,2.785965902418752e-15,0.07498865474575578,8.161006592732889e-15,2.1829732395395318e-05,0.07498865474575578,0.02191995438314161
12,2.7559335022409037e-15,0.06510891552677006,5.218156635955484e-15,1.8919529604533025e-05,0.06510891552677006,0.018651252164925462
13,4.171496657758185e-15,0.05665287742971786,7.03376159399971e-15,1.6431102538683184e-05,0.05665287742971786,0.015978090477432427
14,3.472940962861038e-15,0.04938484785373251,6.2891315419366656e-15,1.4291798153931445e-05,0.04938484785373251,0.01373860837946601
15,2.9706343315132402e-15,0.04313270829286654,5.665064771454009e-15,1.2438951893622985e-05,0.04313270829286654,0.011873360377659542
16,2.447915053169561e-15,0.037744586430979915,4.680826039271668e-15,1.0836748330467216e-05,0.037744586430979915,0.010294891760437137
17,2.1009669698424105e-15,0.03312209782005543,4.3028731619432214e-15,9.45137348562497e-06,0.03312209782005543,0.00896258879868071
18,3.777095247627007e-15,0.02911962386392567,5.26336786654813e-15,8.250004136622913e-06,0.02911962386392567,0.007826706320163471
19,3.310662155661323e-15,0.025645620599482423,4.1202935160966625e-15,7.2089971798749986e-06,0.025645620599482423,0.006856934884474451
20,2.800920269102527e-15,0.02264568549709277,3.728029170091407e-15,6.308910609265084e-06,0.022645685497092765,0.006026562164220057
21,2.431950176179712e-15,0.020056238155324854,3.2008900738289547e-15,5.526226497187814e-06,0.020056238155324854,0.005313113383945678
22,2.157996004115148e-15,0.017818249091273712,2.7785933276458508e-15,4.84549350621144e-06,0.01781824909127371,0.004697534680676377
23,4.649058915617843e-15,0.01587084370251776,4.824157566474252e-15,4.252523530423602e-06,0.01587084370251776,0.004164426430549106
24,4.0419056990259605e-15,0.014164297921235702,3.942375939591791e-15,3.735364405343944e-06,0.014164297921235702,0.003701135661311771
25,3.5214886562329184e-15,0.012671179778461897,3.697671509261813e-15,3.2839095003289742e-06,0.012671179778461897,0.003296392250387142
26,3.066991105526995e-15,0.011356169492417988,3.038476588390626e-15,2.8988723759226787e-06,0.011356169492417986,0.002941421835503492
27,2.671474153004283e-15,0.010190619560053855,2.6908813718917735e-15,2.567404413289509e-06,0.010190619560053855,0.002628885839952612
28,2.327998904760875e-15,0.00915149666474321,2.2808361102577557e-15,2.2749781184439044e-06,0.00915149666474321,0.0023530356779820514
29,4.4141529624217024e-15,0.008222622207023736,8.022987656175484e-15,2.016914533164993e-06,0.008222622207023736,0.0021087209785496013
30,3.8555902143655365e-15,0.007391566328459636,7.319882547318635e-15,1.7890693413402659e-06,0.007391566328459636,0.0018916547251817473
31,3.3701950193261443e-15,0.006647488312307924,6.359929943799969e-15,1.5877978363221246e-06,0.006647488312307924,0.0016982246946344827
32,2.9482250161024437e-15,0.005980848695569826,5.835067672099736e-15,1.4099162000125176e-06,0.005980848695569826,0.0015257199635860968
33,2.5806588802897027e-15,0.0053832263448127405,5.145623510616204e-15,1.2526263347689692e-06,0.0053832263448127405,0.001371748783421161
34,2.259588182896763e-15,0.004847169243431156,4.625423308257659e-15,1.1134625657049924e-06,0.004847169243431156,0.0012339782059762408
35,4.331066653592581e-15,0.004366080703937049,1.5229571076469384e-14,9.902707774900321e-07,0.004366080703937049,0.0011105775929092492
36,3.838661837398186e-15,0.003934108487201815,1.3658562128537888e-14,8.8115357177454e-07,0.003934108487201815,0.0009999057123833486
37,3.3980607092249163e-15,0.003546050496732059,1.2010574826359921e-14,7.844453988603561e-07,0.003546050496732059,0.000900589992500011
38,3.0098096053237516e-15,0.003197291409998832,1.0773391727336712e-14,6.986983098755672e-07,0.003197291409998832,0.0008114326333994293
39,2.6657863267634703e-15,0.002883716010846267,9.335631226403684e-15,6.226187934110783e-07,0.002883716010846267,0.000731349661259847
40,2.360400456092194e-15,0.0026016597335238247,8.466534764939304e-15,5.55081366204746e-07,0.0026016597335238247,0.0006593695934229106
41,3.8252981985893546e-15,0.0023478567711060563,5.756029333725543e-16,4.950954115567896e-07,0.0023478567711060563,0.0005946519146145528
42,3.4087960047984173e-15,0.0021193932472575294,5.164054947548458e-16,4.417883044949278e-07,0.0021193932472575294,0.0005364440349419667
43,3.0364030517357476e-15,0.0019136665307931716,4.926614671774132e-16,3.9439146259923064e-07,0.0019136665307931716,0.00048407196161034526
44,2.7060644374713068e-15,0.0017283526593520875,5.116350051959095e-16,3.5222836969328597e-07,0.0017283526593520875,0.00043693567388094015
45,2.4138126596801555e-15,0.0015613686228746829,4.115631446754975e-16,3.1470385331022754e-07,0.0015613686228746829,0.00039450119172504904
46,2.148369474669603e-15,0.0014108583816645343,4.916856852221763e-16,2.8128538265281833e-07,0.0014108583816645343,0.00035628096690652387
47,1.9176283824751117e-15,0.0012751536200836413,2.677979366039196e-16,2.515169865713318e-07,0.0012751536200836413,0.00032185020201577264
48,1.707283843650504e-15,0.0011527621846412995,4.22296746183104e-16,2.2582677461358003e-07,0.0011527621846412995,0.0002908164509381148
49,1.5218776488589575e-15,0.0010423498347485538,3.039018689476869e-16,2.0436325542938505e-07,0.0010423498347485538,0.00026284202985015284
50,4.57361453803885e-15,0.0009427277032965958,6.43539041500496e-15,1.8493293540977618e-07,0.0009427277032965958,0.000237627265112702
51,4.101646085762859e-15,0.0008528454143042312,5.813383628650026e-15,1.673462814988369e-07,0.0008528454143042312,0.00021489746517226998
52,3.675266640773989e-15,0.0007718322227700785,5.042624304230081e-15,1.5142777165522148e-07,0.0007718322227700785,0.00019440307801623323
53,3.2981489379315353e-15,0.0006988795640856444,4.5360850492448535e-15,1.3702762147183023e-07,0.0006988795640856444,0.00017591261037134935
54,2.9544348263970018e-15,0.0006331462481935315,4.029003693173383e-15,1.239982159173536e-07,0.0006331462481935315,0.0001592264662757751
55,2.6524167587240084e-15,0.0005738059422156264,3.529294911874814e-15,1.1221024087681997e-07,0.0005738059422156264,0.00014416344237435774
56,2.3752853660742937e-15,0.0005201631620910525,3.1218517354547615e-15,1.0154617324786841e-07,0.0005201631620910525,0.00013055769699594626
57,2.130080339272488e-15,0.0004716485398715011,2.8283582073629354e-15,9.189937033582396e-08,0.0004716485398715011,0.00011826043029397037
58,1.9097094714512312e-15,0.0004277506428491894,2.527708944932705e-15,8.317316324557567e-08,0.0004277506428491894,0.00010714487713682318
59,3.568981793585467e-15,0.0003880047977105395,1.629122184376719e-15,7.527580003774403e-08,0.0003880047977105395,9.709217594362264e-05
60,3.1903699246240563e-15,0.00035200886054904306,1.2648302544215895e-15,6.813785757842084e-08,0.00035200886054904306,8.799731892438719e-05
61,2.8533770195259857e-15,0.00031940042374176223,1.1328828500301036e-15,6.168012589569116e-08,0.00031940042374176223,7.976838077760175e-05
62,2.5471559743687165e-15,0.00028985498047038325,9.915028867379938e-16,5.583853646129455e-08,0.00028985498047038325,7.232002563627495e-05
63,4.49178946126819e-15,0.00026307963027643374,1.4871025418028427e-14,5.0554025410320946e-08,0.00026307963027643374,6.557646186351478e-05
64,4.014725258781517e-15,0.00023881026239286557,1.3333951998095728e-14,4.577347767487083e-08,0.00023881026239286557,5.94701247791052e-05
65,3.589067485863708e-15,0.00021680844469175063,1.2009599044404684e-14,4.1448578569358574e-08,0.00021680844469175063,5.393969020811416e-05
66,3.2110646335913734e-15,0.00019685905384011658,1.0595148890180095e-14,3.753582844545633e-08,0.00019685905384011658,4.8929192521394e-05
67,2.8706200692332415e-15,0.0001787673750042215,9.47885433338902e-15,3.3995644077577936e-08,0.0001787673750042215,4.439061095844598e-05
68,2.567056166431509e-15,0.0001623540554478711,8.377630186795493e-15,3.0789196969749355e-08,0.0001623540554478711,4.027875303401616e-05
69,2.300345820131864e-15,0.00014746918478194182,7.574127956766485e-15,2.789116293477889e-08,0.00014746918478194182,3.655172092860579e-05
70,4.198160407904803e-15,0.00013396402112655177,1.0362479103964706e-14,2.5268457548577317e-08,0.00013396402112655177,3.317382513032882e-05
71,3.761824090620959e-15,0.00012170866270814476,9.331294417713742e-15,2.289470724115006e-08,0.00012170866270814476,3.0111246225855904e-05
72,3.3735022594686987e-15,0.0001105860065927387,8.431298194333525e-15,2.0746151019324088e-08,0.0001105860065927387,2.7334348318178275e-05
73,3.0262776198842697e-15,0.00010049020164052801,7.619664448010877e-15,1.8801211254526606e-08,0.00010049020164052801,2.481602285718267e-05
74,2.7149011086935373e-15,9.132530392171956e-05,6.800116025829084e-15,1.7040472144458363e-08,9.132530392171956e-05,2.253204665723285e-05
75,2.4345111802957353e-15,8.30044722383203e-05,6.0417166061754735e-15,1.5446338208491284e-08,8.30044722383203e-05,2.046029896185487e-05
76,2.18664985817134e-15,7.544903073836932e-05,5.490941902552837e-15,1.400291482767102e-08,7.544903073836932e-05,1.8580861942789944e-05
77,1.9622818418719903e-15,6.85877497876514e-05,4.9479734545720966e-15,1.2695818840668949e-08,6.85877497876514e-05,1.687566015740724e-05
78,1.7623604669798204e-15,6.235611182168945e-05,4.4868622706140115e-15,1.1512053088580387e-08,6.235611182168945e-05,1.5328369250773793e-05
79,1.5788236739028641e-15,5.6692676003053995e-05,4.019896394924505e-15,1.0437454012190983e-08,5.6692676003053995e-05,1.39246394594317e-05
80,3.874349876564851e-15,5.155292659434147e-05,1.0807977776639e-14,9.466892825216178e-09,5.155292659434147e-05,1.2648637896991815e-05
81,3.4922075742792845e-15,4.6881387903522156e-05,9.63584680796492e-15,8.586137578703301e-09,4.6881387903522156e-05,1.1493186093494201e-05
82,3.1547843764440087e-15,4.26366109430097e-05,8.70917921114156e-15,7.789894507226336e-09,4.26366109430097e-05,1.0443184651263277e-05
83,2.8406749134489602e-15,3.8778523868671696e-05,8.002062554246514e-15,7.067696206064511e-09,3.8778523868671696e-05,9.489845764133094e-06
84,2.570903390077938e-15,3.527224443785476e-05,7.193898254875819e-15,6.421049247862243e-09,3.527224443785476e-05,8.624157356461995e-06
85,2.3132808602693844e-15,3.208525173778714e-05,6.547822180291707e-15,5.836292116256914e-09,3.208525173778714e-05,7.837851731690147e-06
86,2.0902748729492195e-15,2.9188366451354374e-05,5.852523327076753e-15,5.302851713295809e-09,2.9188366451354374e-05,7.123925957461376e-06
87,1.8873812594451343e-15,2.6554895945878933e-05,5.1971231138092655e-15,4.8211399317210635e-09,2.6554895945878933e-05,6.475309832647865e-06
88,3.0569164956523523e-15,2.4161012232646294e-05,3.958422131744577e-15,4.380896756472907e-09,2.4161012232646294e-05,5.88514893816335e-06
89,2.719138391012177e-15,2.1983533947525242e-05,3.4782289895507468e-15,3.983932517215294e-09,2.1983533947525242e-05,5.351532307164115e-06
90,2.4398360529186494e-15,2.0005183901763198e-05,3.0352239818731697e-15,3.6214167220549598e-09,2.0005183901763198e-05,4.864374989605398e-06
91,2.1561596366855007e-15,1.8204823400738614e-05,2.6891466484157966e-15,3.2916258607684767e-09,1.8204823400738614e-05,4.422878412202848e-06
92,1.938296833421064e-15,1.6567678151969793e-05,2.4625483943663262e-15,2.9928171052517882e-09,1.6567678151969793e-05,4.021042004993706e-06
93,1.7538139045420245e-15,1.5078710664577933e-05,2.2027735538387994e-15,2.7216489062453775e-09,1.5078710664577933e-05,3.65646033457017e-06
94,1.5922745571052624e-15,1.3724509727941828e-05,1.8918243707699567e-15,2.4749575722182726e-09,1.3724509727941828e-05,3.3249916943361527e-06
95,1.4396798775915057e-15,1.2492499656513445e-05,1.663599813461758e-15,2.2510115993412683e-09,1.2492499656513445e-05,3.0239107727186614e-06
96,3.52829435420587e-15,1.1371707736430696e-05,1.736891880321778e-16,2.0474477668841473e-09,1.1371707736430696e-05,2.75015700023725e-06
97,3.1801305668411727e-15,1.0351992611178171e-05,4.087442190270352e-17,1.8624923825427686e-09,1.0351992611178171e-05,2.5014054753112058e-06
98,2.8656141045149686e-15,9.424341741412143e-06,3.686287386450715e-17,1.6943937364288786e-09,9.424341741412143e-06,2.2743422737672483e-06
99,2.5265381336413628e-15,8.580346008390995e-06,3.382710778154774e-17,1.538490446151286e-09,8.580346008390995e-06,2.0702892309328022e-06
100,2.4189312797804133e-15,7.811789989394143e-06,1.1546753136970622e-16,1.4046173113513305e-09,7.811789989394143e-06,1.8808906763728543e-06
101,2.053040998653815e-15,7.112416867812062e-06,1.1709383462843448e-16,1.2769358903597094e-09,7.112416867812062e-06,1.7133416329079664e-06
102,2.0112394991903416e-15,6.4762792680692245e-06,4.2760933682828295e-16,1.1591418935807951e-09,6.4762792680692245e-06,1.5568353417998264e-06
103,1.7399128233281606e-15,5.8961699158405385e-06,7.806255641895632e-18,1.058333420900226e-09,5.8961699158405385e-06,1.4165338483218106e-06
104,2.991626243165925e-15,5.368774539059578e-06,1.0590703661272904e-14,9.636780262667344e-10,5.368774539059578e-06,1.2881758842318363e-06
105,2.724342243802752e-15,4.889204023373391e-06,9.728762934146928e-15,8.825840058790391e-10,4.889204023373391e-06,1.1715790295783388e-06
106,2.42151398911571e-15,4.452335220690457e-06,8.479762031443627e-15,8.068741230715659e-10,4.452335220690457e-06,1.0662982493889806e-06
107,2.2059388100835703e-15,4.052765236632356e-06,7.651648412099199e-15,7.371934174216221e-10,4.052765236632356e-06,9.6999183905102e-07
108,2.0458107254160522e-15,3.692044275976133e-06,7.367804283342494e-15,6.759914850107407e-10,3.692044275976133e-06,8.82604143258518e-07
109,1.7986722400330202e-15,3.361110503820406e-06,6.137017977136949e-15,6.17242701395071e-10,3.361110503820406e-06,8.033646577766367e-07
110,3.925636239213441e-15,3.058599025019919e-06,6.2912999462816366e-15,5.647733392066812e-10,3.058599025019919e-06,7.302679307690728e-07
111,3.254435473347872e-15,2.782779055066336e-06,5.6495606803874665e-15,5.157756444162942e-10,2.782779055066336e-06,6.648073132935347e-07
112,3.2162054883064966e-15,2.5345319291654282e-06,4.912628463749069e-15,4.721045776534538e-10,2.5345319291654282e-06,6.044271651064778e-07
113,2.6398573776985953e-15,2.3087735957676506e-06,4.802148262372796e-15,4.318529978064589e-10,2.3087735957676506e-06,5.50497015219002e-07
114,2.5645974415438666e-15,2.103223660158797e-06,4.328026652344885e-15,3.9521563799382875e-10,2.103223660158797e-06,5.006217851458646e-07
115,2.227737520618515e-15,1.9159593809847143e-06,3.924811864397526e-15,3.6189806706943273e-10,1.9159593809847143e-06,4.558959179859121e-07
116,1.9858128406631884e-15,1.7457722241531574e-06,3.431825136568367e-15,3.3134428534253857e-10,1.7457722241531574e-06,4.146550400932414e-07
117,1.7999024495097887e-15,1.5907132436578098e-06,3.293155678707471e-15,3.033628903637009e-10,1.5907132436578098e-06,3.7738891279158997e-07
118,1.6605462596869063e-15,1.4477945759479131e-06,3.0982161280945775e-15,2.785904840152398e-10,1.4477945759479131e-06,3.4314659184206284e-07
119,1.5232483599258518e-15,1.3206449996218221e-06,2.578124345953281e-15,2.5541568859921426e-10,1.3206449996218221e-06,3.127821022903293e-07
120,1.3535321799327702e-15,1.2017193961842698e-06,2.4809798312985798e-15,2.3350521516363187e-10,1.2017193961842698e-06,2.8642899472895513e-07
121,1.085711161681038e-15,1.0967110417071935e-06,2.077222942264978e-15,2.1462143173778259e-10,1.0967110417071935e-06,2.5973459800524966e-07
122,1.1971830268803088e-15,9.982551890897959e-07,2.244298497044994e-15,1.9613932700224268e-10,9.982551890897959e-07,2.369875207384112e-07
